sim,total_facilitation,total_competition
1,191.7844734686142,120.1956979475842
2,35.65936459129713,6.091657177690768
3,33.0135783012673,33.422532889183366
4,145.44648441876078,102.63637183629463
5,1.3858067832825938,1.8559029279684003
6,5.512530756722024,44.341376640040735
7,158.11192590348986,49.122228714646965
8,13.411126931608681,83.90124910865674
9,110.62966398735317,16.396040395930083
10,74.83574220460838,21.802228617156523
11,14.40226905002207,68.58477866321272
12,8.15147230263946,12.165310599498005
13,23.492369968205985,24.106464137690892
14,139.39776780041592,35.77344474994306
15,5.0982628509180685,35.95479083552575
16,51.73679819011983,263.85838924803943
17,22.93160508095354,43.8194059084935
18,8.341954289787449,35.77122930782364
19,20.640321425299593,144.5550951272943
20,15.450758579424859,69.00954427745506
21,3.926716999503536,1.162811227525058
22,62.16653311241952,49.35789553891591
23,0.7870506973123619,3.368761029853723
24,18.07593556895562,7.7138259202595005
25,78.26841084735878,83.22132836547125
26,3.3424683751800606,16.899454943802343
27,1.5788372587780852,0.39333799847647477
28,37.81548548034415,9.332845708270293
29,1.3322459109883098,1.4692998214394821
30,4.1993237580552805,6.998452082398684
31,88.28359412664093,71.83418604797832
32,47.24663061209707,109.35439749418624
33,29.909647275135747,4.372230980879564
34,133.1660451209242,54.60698467200015
35,14.682000699807267,140.29994755077902
36,47.83477927568339,6.976338447176928
37,19.142318044849294,75.72885634657023
38,41.19848166181315,62.127753601777826
39,4.924083095993874,5.709274797077679
40,181.58488149257082,42.82765577060381
41,12.147077132809118,39.4314962567242
42,17.488700748566252,32.41831378705703
43,5.338979568113924,2.0419088112361887
44,13.757082808950752,6.4215557761816875
45,0.8908502301138743,2.0672503362884633
46,10.534577826251994,25.68501579358958
47,33.86873431096088,90.14071350100662
48,62.284411532221895,97.56892587172368
49,142.79142812668664,49.59789438198669
50,75.44467508809906,21.868398353929802
51,5.095632465048464,9.408570482186136
52,0.4160752239594534,3.80284824322903
53,0.05608448077135342,0.014030939163848899
54,7.555027187336702,13.88010855417653
55,153.96960896078835,246.74576795856922
56,14.757702703294365,16.034252678554324
57,28.803500737826305,46.21873212951354
58,41.22144152306953,46.12176468161283
59,16.19952473388362,66.42160903312592
60,58.788966055462176,12.220999809787642
61,307.83362861604735,100.91267427902865
62,12.370034204797147,63.64844057438142
63,19.567833394880488,6.267524555711812
64,5.000066233772571,1.6540349876829248
65,125.43587995847822,187.79661945337557
66,245.5021754811729,33.87922520335844
67,82.92813098403333,88.52448237295675
68,5.251554137909494,2.9485403395443224
69,36.44141139037464,28.9954219999134
70,43.18711415645387,14.004142658847822
71,105.04046871235545,82.65058725662368
72,17.392010559106748,11.965238958020803
73,176.5998268181712,238.09336396195332
74,32.594260198247405,94.66446770101956
75,15.421581508537859,22.07626881041763
76,87.68228777994233,237.77874466934662
77,465.38035097671445,73.50589346821478
78,114.26477200836405,269.0745541022223
79,167.83722287780554,148.11841640363252
80,25.850841572715186,81.68582479315127
81,28.96146969462868,36.634360991604126
82,76.90687401489296,35.23929172754457
83,20.976739832572054,14.47346806337939
84,154.9034143330114,249.15273059667538
85,4.405920896538602,27.048721706195472
86,2.618698083696967,4.047293054265566
87,1.8634140796329421,10.308790585984598
88,17.276842681380472,49.01599486679669
89,50.784223093103044,55.98057543192968
90,8.981522325930108,17.998948332365714
91,5.864324063451377,14.901395843955854
92,17.092174984648857,92.02960100523721
93,1.213346686751069,0.7904599384303254
94,11.280656239550783,12.088487191533607
95,1.5869049682371756,2.7859513593974383
96,16.281840217955764,102.09913186998791
97,47.98500560326249,239.58609967627424
98,463.83135686212665,51.25794201610025
99,66.08312180399135,99.13494858394486
100,294.80104874577535,40.85410418406128
101,95.40212476271941,448.48916111365935
102,196.6750673224944,50.93005125637851
103,9.509622801629,16.996341370845897
104,20.652707474827395,16.614187694728713
105,6.323919247210794,3.2049805025937594
106,55.98792945280802,191.8402744247012
107,0.5879487756241939,1.717511856367749
108,29.266239778859536,32.017904966788024
109,25.009578185459812,82.08747907268082
110,20.607832977143815,31.42231727949477
111,5.798806924452359,13.64853558379925
112,11.029792595132733,21.276677398314625
113,30.763423130021398,59.48994547624995
114,116.63685926217008,183.22738485489427
115,29.59362888951009,85.84731117234463
116,27.1543909301522,9.303342170757277
117,62.43059267634358,23.77608010826889
118,2.1985086668092846,0.988073379692216
119,5.058297750083247,11.125708844794566
120,40.00849846670532,307.69394574742705
121,21.895739011232603,8.513595582729117
122,104.23022886311801,204.2572364774585
123,120.06493280716529,21.12317743488509
124,33.929003909580835,28.33156117160764
125,125.53402034549336,101.36351739798508
126,32.0490807111465,32.45568668685468
127,95.1032015576906,12.337246468395655
128,25.667688337087846,3.2466064501623806
129,11.50271333381692,13.386477709119466
130,14.888840910266282,7.575610131875628
131,27.00135040588268,81.37256179933179
132,16.256779164859495,99.61013419267215
133,22.438663812424437,4.1503522438557505
134,10.470900805512244,37.065742184448354
135,28.407259710580263,10.769491963336323
136,6.609062177862084,10.634593454317663
137,151.2456452391599,367.00099698342945
138,0.9445284701612184,0.2610000751029602
139,26.785145497943113,45.55491209553528
140,2.1631907082752333,9.143805317546924
141,3.9721801597374764,1.344987684468225
142,16.697661412788992,3.840902632882964
143,62.66635823152324,219.4937009775614
144,23.883319858101885,54.17717641922111
145,2.589611205986812,15.88762468537181
146,29.039147187642527,6.889824972324722
147,113.86265450375721,254.78264282512228
148,54.68712822585983,82.4219541570531
149,4.535675398667758,6.903495128285247
150,14.553922602924464,24.90553206051598
151,95.35354899921612,193.898452974696
152,20.41953137361743,15.07644482246627
153,5.680026465955257,32.15324293990137
154,97.53691922340406,32.176503978443236
155,196.14326388360257,135.43483709908435
156,381.4944619771599,49.71926741985192
157,43.43641602414518,57.72054161901629
158,55.471818294060405,55.022496242466104
159,12.89454126486622,102.3225853755893
160,1.9838215666203662,0.3873939798497146
161,340.15530953086665,82.19718748856118
162,123.91731230104989,23.531795697697305
163,48.912455730809754,106.22443270195897
164,15.473107442997428,44.30874223490213
165,155.1789703124937,278.62595965470587
166,298.4531747983827,84.79821419863606
167,7.34763141262905,20.212175612529588
168,6.280382909405709,33.79633093493992
169,37.6615850677619,11.768155119259129
170,97.32709598553433,302.8245945771366
171,0.5772773282580568,2.0192366529238246
172,232.35775205760274,32.35360695484642
173,281.6025949809358,66.33450932719691
174,17.346599913304743,32.02916701961926
175,26.056175216710713,3.041325175721166
176,8.038108215660102,40.49325225789601
177,116.02067119254403,299.60426603159675
178,103.77248057948144,436.91972524195523
179,20.599308241575898,17.2341879723564
180,6.947688300492495,2.276728455757807
181,158.57032047833525,28.153411669021473
182,21.089554579577467,13.907523710791441
183,84.86332671162852,28.976741240510112
184,5.5906908171342735,25.880264733070923
185,12.676810735000206,33.57698761959929
186,5.5267499688327275,22.313248910027063
187,181.82637519140047,37.261852425255505
188,5.028185111723351,31.143920221128784
189,58.348255457737494,106.8569014023138
190,314.32504962352533,56.16348313368204
191,80.30751014070648,58.11012671762952
192,20.565671468223517,146.39034958230292
193,18.510444636318205,99.82177494535975
194,8.351338647019984,3.1434357606924626
195,72.22208273705272,22.453100290166972
196,69.20225016493738,37.044017578395554
197,51.2294665839852,64.14792959578529
198,7.621774679600387,28.886691504523963
199,23.654978328559118,115.08782630209402
200,44.14816146812818,46.94286428519315
201,282.58384539172306,53.528340439499644
202,2.1163816757068545,0.5171767857007414
203,2.7954369209819188,20.85846598884623
204,24.337468557783946,127.69622629486554
205,175.38528469268746,78.28593531077311
206,208.85734833701093,74.745271134916
207,117.14520164026061,82.26395603636159
208,298.47223979123225,38.667759939070564
209,2.092372905039927,3.569807661161914
210,2.1903193518180677,1.1697885455412431
211,76.15087289489496,41.16773133500779
212,0.8830845610807991,2.4009823392078333
213,31.54311714468261,128.3422845751747
214,0.8009158497517244,1.2293370770548604
215,13.880621602004489,6.558511041035767
216,3.702375706887973,2.8338344784310086
217,94.17993470624593,15.173069537115312
218,6.2210603207274024,7.189520189945831
219,24.276235617155972,124.52202259422387
220,12.6384560073317,7.908973727629485
221,202.38115486074872,168.18544612089048
222,6.823383463337729,52.75028164286398
223,3.724867022502772,4.428053722634969
224,25.432136669800457,8.66778657470985
225,25.662394404205905,78.10439303119261
226,18.461469011706527,7.823711731594869
227,70.79274022841015,50.53471416904748
228,55.94058118003476,11.459569554125075
229,86.02706234122427,35.231911971814135
230,4.0708882098762285,7.66514575565184
231,82.58146287668909,15.868850611302863
232,19.084336285263785,154.8834325241673
233,29.46811455990463,44.61675146253366
234,86.2128598475925,309.01290792475646
235,63.414119735403425,22.0936594832517
236,84.21724469570744,161.25651231842912
237,3.5764577369843007,4.934065581478746
238,1.5151133096192653,4.641325469848389
239,8.955701502468607,5.010580173291916
240,18.582976825587767,11.351110464382161
241,39.02659778180961,14.978505924052238
242,15.723805920393279,117.06612511959597
243,3.2527653213717094,0.7476684657241605
244,0.60718396844783,0.11353472131139342
245,88.73126361020459,142.91869371989628
246,12.992563626560118,42.43930009776297
247,62.33980618530873,115.71198271866662
248,61.12748036527519,9.866990715416007
249,9.013200741604576,47.16647694148928
250,29.57985769160771,6.14654826853081
251,90.45872451505423,182.7659977129258
252,265.99081730547357,120.55696582001339
253,28.751997877402655,66.68684367784891
254,100.17911193849471,12.058850598490004
255,3.514190058561908,0.4476567867586817
256,4.819772614281897,13.134738530172847
257,40.268113227285895,54.1715766938569
258,7.548695927038152,6.887170753958917
259,17.651955780758996,45.90853008209061
260,3.169013544332182,6.968223615937412
261,50.96147998884318,9.684005671441366
262,14.537329641782044,7.842938742472583
263,38.567310683707035,49.933419114550915
264,18.067625803403846,7.389918593240409
265,7.134320364235402,3.0156723193016814
266,14.230882681131739,40.472672462744754
267,93.19062836456138,59.23692346514351
268,0.35983984430476434,0.4942294809187163
269,48.235469508845725,24.970406658524773
270,105.42580141907071,87.0248227424996
271,7.176411803531945,7.706373591613611
272,22.734124347850702,22.488941389886385
273,128.26271890743286,94.68646517047051
274,242.83799626321664,260.0172515957844
275,51.808802096776674,113.80285572417623
276,79.58395092793906,38.67308207612246
277,18.454696554995607,21.542779290296878
278,2.4830740626345142,0.49774935573303614
279,385.3275233533363,86.88083589010333
280,28.617403472252736,36.71775314515488
281,77.48603471972176,14.73005840438859
282,7.547765753328429,16.722061305149925
283,32.16633819731294,18.894234266383123
284,19.923950160383928,116.01346746075065
285,108.46480590331548,41.76220057757848
286,33.92178910925858,130.12416082675003
287,3.3033785755084173,1.9873045014725261
288,47.812029098480764,33.95410509347475
289,107.21246987050824,144.74822574148672
290,27.027982555618284,16.395384200103788
291,381.2860111612882,82.96594558580468
292,3.5523031231952436,3.9688415834374853
293,30.874415031726368,75.31756759091422
294,16.217030689598225,7.266222413707278
295,47.25311637320287,36.383204862326814
296,6.717674659028092,15.167121089870326
297,242.92921552696777,125.84072807557769
298,40.85315569020436,76.11046345984224
299,53.732866330003056,30.939118988678516
300,92.48223164104641,48.409707892605184
301,3.647087554043531,29.48677941067494
302,183.15993076381238,36.29636877414545
303,8.733468325842948,1.9169318521667362
304,0.12308546700152845,0.766545302833242
305,81.43528703929907,16.41244289004765
306,127.13689122949258,86.45636204974768
307,50.95974712938017,36.17010898939256
308,5.626110791048931,14.307961327706863
309,50.01286760239217,77.1236136134325
310,43.0345805639005,73.07509839794673
311,160.77940194720173,46.8228717443205
312,35.67949701294616,79.37016703520007
313,6.370897328322389,41.22073850770005
314,149.93916778154272,65.88601906434816
315,174.71486281582435,270.39204273463724
316,149.97898573084308,61.987691645549305
317,95.19333762531926,46.82172329532753
318,29.58671689421125,10.853272659918842
319,6.980159892943852,21.158677649867585
320,202.05266774945437,182.28680188203919
321,43.966194937510224,148.45694488214815
322,107.86576063872569,181.87684027209946
323,2.6529153465060324,6.422979268924311
324,9.003295386579607,9.636599684522768
325,70.67318370455007,41.63167297860657
326,148.6792192925762,23.063173423722183
327,123.20324594432027,234.6285765503112
328,8.486097318574824,25.338871736732294
329,162.24075527607448,106.82567946457262
330,300.62280560639954,87.51190506203979
331,29.021356334160508,13.503046118694112
332,9.874727688134996,6.548026542257534
333,109.96177142003754,115.42406104044305
334,1.934534890030539,5.115189533082292
335,45.95124138822602,52.88015406469503
336,103.17697916408274,78.44597137040545
337,0.45309954886547166,0.1349432249407002
338,34.444961007344936,43.19897386411624
339,85.84269560765802,73.81858973760039
340,3.6584095931446,1.2550206165850861
341,366.3457946518197,225.80638760922514
342,27.371561280968457,12.909620945460864
343,28.23953051150758,32.81284887538113
344,12.278262212396546,13.723663771198272
345,42.81962112587773,40.62863105395302
346,84.35892094424449,49.938860045515824
347,3.6559729627215347,13.107230718975842
348,210.0947017471537,148.86766386905006
349,97.04712579424655,40.36893858766305
350,15.514751832858739,26.50536879736979
351,281.0704568077993,119.19796133103392
352,8.92506408137988,4.566219507008008
353,49.933039502933305,343.80054818273226
354,9.350606970267973,1.7806691357096827
355,32.549798978988115,173.9357236500498
356,29.818785896683146,43.308650776611046
357,166.43961377340574,142.95216121773925
358,42.68547726381577,122.14912726495724
359,41.55798933455236,11.02460873454214
360,18.991195046321522,94.41830977150175
361,25.07051417593566,8.273928473868047
362,1.389251978980937,1.3662730748036078
363,2.5026795024580535,2.7674034849571774
364,28.687959585347603,89.84818577108067
365,58.73772246259683,15.479363368695239
366,0.828858978691571,0.12402355121275466
367,5.732861659929086,4.985523460675121
368,45.191627194947166,25.077594455913456
369,10.225775582424104,7.241764442338672
370,52.81701338556452,16.102023181052548
371,10.950739033866993,36.94439794744783
372,62.594845011548244,223.8067083031502
373,127.6373066667766,41.47337714131034
374,174.4140102654094,32.162238751635996
375,30.400414931843414,9.546181971867778
376,29.83575277248157,88.29501992797871
377,8.438902607532064,10.78591595925975
378,62.626212135456356,8.1702374384095
379,55.78264452859083,82.07058995052233
380,75.36905447448845,60.18994567621404
381,49.44449032107306,35.497724225064815
382,0.2569733919383157,1.2247371824178326
383,4.089484531957339,1.2786174282584482
384,179.64434405359128,152.17804871372292
385,12.901905643072823,20.132026664321216
386,58.81101439425776,60.240623531862866
387,41.38614388655268,27.350358549078045
388,78.31033756696647,86.60137755175083
389,1.1389389855828673,0.42035251042319344
390,37.50161698576454,34.62832107669317
391,150.1349326156299,88.87514069530783
392,2.672151517418949,2.4330248871232794
393,14.908727635865558,9.579908445599228
394,130.62048355915672,102.07218519632319
395,55.47057231276622,93.0381089993654
396,40.67351478233094,46.264984667406445
397,14.976441632632367,5.080082469514858
398,0.12960648859283208,0.24107544056095975
399,3.72556840813046,5.040217764126274
400,98.90405129212563,227.6545143332295
401,4.507595496481839,26.808743755083064
402,10.252938052890663,7.550672703369737
403,29.482265097073782,38.225543073358565
404,99.59656862464121,47.04421477150069
405,166.98500245787935,43.62148609722883
406,66.72643338432415,185.30080515977681
407,1.5331971828779007,0.6434244203283574
408,106.13282542969458,41.5121650952625
409,0.19263856409412972,0.5425469598196747
410,64.12625439584532,12.189522937592402
411,43.749744487188686,22.837544776224213
412,11.94538336259158,3.2806542957474747
413,119.50765386929092,188.91736062920845
414,1.052406425488309,4.0060720852773954
415,0.7243586746714428,2.2677690092815306
416,313.38642271373794,169.8815914580764
417,34.451605052497655,29.521941881588223
418,7.94103463123568,2.3124553570501374
419,82.60924630354441,233.5746370216856
420,46.3775128240236,153.17616211688207
421,8.768800083608689,9.065740917350634
422,9.665560273606312,38.96384430466892
423,161.46947824174032,29.46071577228023
424,71.08802449206013,12.399271063645319
425,5.534402870835938,13.982208494634
426,267.80554263179965,169.47198592486808
427,50.99749185341293,32.17472621025606
428,109.66022781598208,145.70345214770018
429,4.3610658632597294,2.4049523996853823
430,12.290852788485578,24.818981083900972
431,82.12800413014713,17.839349656728157
432,40.42373190668629,149.794861629874
433,5.414588279142904,5.825749332400133
434,0.5485711248976453,0.21348662026375043
435,19.186659872654154,6.866751621589499
436,50.95538874522687,43.65298849981987
437,6.303059112568395,1.8042082887274744
438,0.1594733427337378,0.4337904600539617
439,99.39016401354466,132.04454550514902
440,49.888874023604316,120.43401274000556
441,24.951937880247172,84.22339120749393
442,5.083259042123986,0.9594052899072172
443,29.02259620485763,29.157418261870944
444,16.835658324273737,5.971281426897401
445,5.210450319798971,32.6183164693419
446,84.22665597898121,33.59393607457999
447,23.107374059586448,2.835965851726169
448,107.98826262740145,55.73033482505905
449,48.1537150210502,5.4073916331865854
450,140.7040278182365,22.173478345797996
451,67.53874685826112,18.61898876427143
452,29.93471037564531,12.917191877241406
453,6.010242564996888,11.732533107100721
454,23.046801697149935,39.4396003627481
455,104.94770856361038,186.54698303062253
456,225.16586788915458,120.24907381827865
457,34.87532857115801,299.8740164864817
458,83.13317372734761,178.5423961357967
459,140.44968931365904,80.97529807777106
460,16.439248171426364,47.53853552783907
461,52.39616229206031,7.361427271363834
462,0.4830693565131905,0.4349063148975669
463,16.42013150511449,3.9095817252345
464,128.7009966100498,43.29807244078608
465,5.328213606261848,1.0208485402115868
466,19.523174272022654,6.03077241472886
467,101.58897655496395,145.49222161544978
468,67.61842381542935,92.92660342545341
469,71.20003591378786,31.75971616743182
470,1.8093690025873852,2.6875429982080576
471,1.8431708723230071,4.508810053406388
472,174.1088090661429,31.46090336313851
473,170.1941450853735,92.21574603612596
474,140.63433303653204,101.18312973058711
475,126.00441185425461,111.0719007111842
476,16.477165917490893,58.329839778155275
477,15.122774832856505,51.85337300537644
478,5.336388675111241,2.1075290997388203
479,306.380280834211,156.5115108547476
480,99.60763541753556,87.63020674147486
481,48.81637770382041,16.761064622708957
482,43.018216621277986,84.64283207699691
483,0.35975459749617733,0.6864789166057335
484,151.91261074686273,192.6071537483814
485,11.467660650933581,37.45460017749199
486,5.719022765175,2.81948972815034
487,24.829417096750657,8.981098654442288
488,409.481727858593,56.18010099770941
489,2.13328783598173,0.2968574415361781
490,39.32769914343876,36.48586000938684
491,68.17782933950701,41.43686334077576
492,88.7152416223938,19.772664363861143
493,90.42409351994792,156.71099254092263
494,129.29128566120613,97.03436857020127
495,29.563740934410564,17.821923244976624
496,12.715545992125385,88.98648136233669
497,0.3075815042106558,1.5018906341214215
498,0.9511085858714776,2.5020132707753393
499,0.9805652297696332,6.53408017748345
500,63.964480599982686,73.28568062532204
501,14.695103478786583,21.19709140233852
502,3.4882591263213985,1.7175011007486494
503,3.501151135737371,1.5207175974603415
504,137.4163490204419,61.345083183688125
505,235.50889323348966,74.72991949595331
506,8.6871202558187,17.89027365387496
507,207.00926794685768,26.393967162796375
508,4.25489861808726,11.012258671863341
509,12.874331132956451,4.677623708293413
510,22.7929936452801,4.5607679934504
511,162.2408719760131,38.781878246976895
512,246.37693673977935,84.11325105574375
513,4.652652743338119,0.6720246617564064
514,15.34185334343357,18.916685957184253
515,16.722934099696584,19.65836649697909
516,68.52762386753501,11.306506887918305
517,2.316905825360654,3.5923188122431524
518,8.704728812916208,9.688690414730123
519,10.726056935000901,10.794718793711287
520,39.84840793253879,55.518130891312005
521,10.851552524134787,43.12758673765626
522,52.86315560014829,87.52332395898493
523,75.1626222339183,25.085876928327654
524,151.63304261399315,183.3964990239187
525,36.74611947854246,123.59823627354338
526,24.420460279475765,67.01846716319733
527,160.7843875531089,94.87407123330566
528,7.115400238567119,6.202446425100895
529,39.06327226760784,109.04128285094643
530,10.02782329488221,13.287652648533568
531,5.135672019429192,0.7920693865521085
532,26.901053109139202,14.273910701455339
533,3.957028545175896,0.5578008746724389
534,10.888232754231614,49.231372612576756
535,4.537783788095275,18.812724413754953
536,91.7229088959804,188.1856894962287
537,212.335925753148,264.84180544125195
538,68.28090993518269,24.993385397882353
539,13.778256506528244,8.54924259484345
540,82.78563886461419,101.5188728353106
541,36.78075932358391,8.556018633886167
542,296.2790778567157,132.40159576006255
543,88.55883117502185,11.674232694257407
544,171.8794435354681,52.6639011310351
545,21.673622557702586,26.096591428498797
546,26.096887159052514,26.363320875448085
547,30.498955789220474,88.43847742586617
548,32.04977225830972,58.385653884815646
549,6.25274579744833,3.6303171473389324
550,3.13931963030718,24.100395766449143
551,40.343376254920656,12.094400651613487
552,3.0495357847808187,4.652181914472444
553,5.23074493210624,2.2204940373036886
554,129.28743951818043,38.90488647218793
555,55.45638161637933,57.2587200699005
556,107.15845560176214,19.46465493372392
557,41.19984194067698,72.34936558864062
558,4.052625016200161,3.9729699638293825
559,19.512915563324597,119.20782067466358
560,71.14979511275992,166.71298412686562
561,123.36855405220255,291.0998569614154
562,79.82255938008207,33.18887922051624
563,2.129843745834207,1.2350216939067955
564,234.10459360718323,75.54565709344034
565,9.140434150819921,25.61459953472646
566,114.86261788849465,62.37225827494026
567,13.245208386948853,95.08286389167189
568,154.3872007429496,81.81534859524427
569,34.564975630287414,6.523604407678826
570,1.6687971550853948,1.1565832946071473
571,12.106427564570907,4.026281225213691
572,179.3104937641471,205.9674890561862
573,21.3512354358955,83.49836680911505
574,30.668961019276132,64.02661552467104
575,62.070588219500465,123.9768511253983
576,11.362897056181543,5.288841072878483
577,2.0479080599663186,0.9407856424169532
578,10.05194343267361,1.6311004874234045
579,207.32441670276302,127.30795648837223
580,129.37320578230066,48.40881741965583
581,57.39555294800046,42.62993246456361
582,16.873592035731967,15.498287183500802
583,20.21034664542389,48.85438921662804
584,88.09912361834135,167.54639628995045
585,0.4235466822506184,0.6285186184604757
586,5.245592591214725,22.051284220184478
587,52.055694375897204,59.402933259239944
588,26.535427579419817,5.85467385192163
589,5.80173009753452,45.40262401702035
590,121.759690869293,249.64480973615102
591,10.074746701165509,19.94985579270621
592,0.09500076237784105,0.22658393427182177
593,0.9414473038035109,0.5874889131095924
594,96.18881206694476,16.075788222404938
595,48.81543426510258,35.701722871696866
596,127.81762037270931,26.132091279000527
597,53.582220629177954,334.1811315162002
598,18.501838365300106,63.969602456374716
599,137.5905527608487,24.186192479862058
600,81.89801259171217,104.35980544646789
601,24.249149144358345,197.4678202416329
602,3.2065771637004703,0.42254915308975594
603,6.50726668050088,15.69182023829511
604,83.78477035480493,131.534719758083
605,0.8104698491734201,1.0624302170004984
606,5.351956008425581,17.376345604412347
607,0.02780433689156614,0.4462862719037676
608,18.07608954337462,24.45291037678693
609,35.17056505203654,14.421629858148728
610,24.424412037405215,61.67712356815917
611,50.04062207132938,38.40225552094898
612,90.53482502183479,30.325849908357398
613,61.40973364946954,83.07072887404692
614,91.5061064074165,336.4457864384134
615,85.22647919163208,61.1621781362078
616,3.589347104186051,1.75951893447259
617,104.98807916663057,270.39099827864567
618,89.2892881300538,211.79387630811055
619,16.200744709118094,92.38947154281439
620,24.498721983633402,15.041469526493835
621,33.70077469658772,61.52572850172357
622,19.469447442099558,48.814006754404645
623,9.456176985767133,33.57929896548755
624,34.326842843782515,140.694620791337
625,1.5474534187723232,5.9500414660866365
626,30.399114353537524,11.370525222258992
627,1.4782703015371113,7.26613356377295
628,36.14201297534804,106.04668389648282
629,5.451417786495063,2.497814790995448
630,20.19511832411773,59.91404843381629
631,55.579886470703826,32.56511631587109
632,12.135350814906891,4.436172378243212
633,3.445110976458837,9.130371231195532
634,0.2446587928896946,0.15009313757588394
635,43.48771875132717,209.86999075554866
636,209.70728221646357,369.73641746290684
637,11.436096967867591,39.24733344244923
638,136.90348164706694,66.8149078066054
639,41.02066909733401,72.14769835471589
640,70.33969535908327,26.56595152679398
641,261.7093426396889,33.47068401625371
642,74.73291873119818,65.16990408886585
643,0.9687657690072318,0.11182853269655502
644,45.199938325101016,17.889533081252065
645,167.98677054399894,229.2940784145202
646,68.26804395237735,49.37730474841726
647,44.392206705218626,9.14101886048104
648,10.932645379853108,16.64124465265504
649,11.469670962605788,2.5117968468787777
650,53.409802014896265,16.712512908637052
651,15.742831085352766,3.1211796876572953
652,243.38508114036384,147.63457228684777
653,36.83193913817235,14.298742681291806
654,18.486370030581,9.419162949086756
655,31.462374509036646,6.243316872744169
656,0.39765112167680816,0.06417186441264178
657,1.8547483545857133,4.168913620214471
658,35.77437360406687,13.035099562524085
659,301.256486526945,126.2452530837107
660,16.217394315099604,79.08441876557974
661,5.311217908048939,39.000225652124264
662,2.762397442186566,3.578114606855464
663,45.96789968131969,44.57486684262465
664,23.010648415750058,31.502553750801496
665,100.15155246830386,275.6119795093563
666,11.599393026550628,6.154614345208167
667,41.2325177708371,13.512403291455016
668,86.66181254438922,97.21112006166916
669,51.52851816684339,40.31907966504585
670,88.61737996132305,38.796656178801435
671,3.7710803814313025,2.6232029006522435
672,93.7887833262611,328.530593484012
673,2.73293871882783,4.7705061530840025
674,0.1506043996384785,0.08138711392652109
675,68.00078658949158,443.6844692133051
676,16.44205381550505,46.38472119880629
677,4.367011800257805,23.481952496344682
678,24.25099456378904,23.038619969718805
679,40.736183688740454,184.8181159806872
680,127.57693111194624,137.76719387776052
681,245.17156286705762,29.671136540294256
682,52.47553803977342,19.668458136532045
683,11.271241289539763,52.484479174584564
684,331.3261438725623,72.897163517357
685,65.29192379780378,64.53351305444406
686,56.173720615609845,16.10577538027534
687,107.17873060965626,17.782610760056563
688,83.45645265278729,61.75566520383747
689,1.9299873852889922,8.433876821343471
690,191.21859982489775,72.16158212061232
691,134.11280958202994,164.8117713220226
692,8.846555140455397,34.64166868151197
693,16.400604165742436,135.4097675534234
694,67.4190289392969,240.06242545592062
695,7.515802669879388,17.515312699660644
696,8.279967027042261,16.363569381697914
697,33.56607547717557,238.27446418931464
698,40.56285388181933,169.1128909192134
699,151.00937281941336,176.56063846868753
700,237.6716828739162,161.78701514450935
701,43.85781344977649,101.16893633751633
702,9.970795499732871,38.78972385844138
703,0.45524515324629733,4.347778977889998
704,58.00560473070572,163.5003130253936
705,20.872611172291972,137.23158436127193
706,117.31357377329061,21.648587875120597
707,73.16025164081096,14.351077422979088
708,6.938559726087771,45.32769471208173
709,93.81997726515895,39.96839039881617
710,28.129510181028493,186.09834556333857
711,0.8755312225865968,2.3051020043808883
712,66.6049930995926,261.03315702129703
713,26.84557801779797,82.28867956727646
714,4.896290004228554,0.4901777483025149
715,0.7936299237257194,1.0201215205257963
716,14.52506548087527,1.9246189380505654
717,40.065583843407154,171.1106696935982
718,5.178121592018984,5.201482944496645
719,5.282911742922509,6.750573389644065
720,3.6924686153579755,29.462791726656807
721,37.7724667881353,20.301636976967444
722,143.074233921489,26.602566544362812
723,1.7123828500001432,3.739537549239375
724,3.5059236254343626,2.5380619761573384
725,5.896319569369954,30.607568652681252
726,15.584328902557015,82.53579797305036
727,42.66090231848618,82.15196516581535
728,14.698778100651055,17.303190950770645
729,9.68471014799077,3.500365656682689
730,28.845943091196485,49.25847712250108
731,15.8839513864036,31.724397627106207
732,222.53605285731038,35.765663974277686
733,40.7083882508057,17.331209235113832
734,21.59972087251822,25.79340370912312
735,181.32420250496278,32.70554811686066
736,70.69912371032252,24.5859627867938
737,231.86634888234215,135.1152631700477
738,13.67840554461752,11.961951222902705
739,1.5968364323876052,8.32583090907932
740,60.18306818693035,32.51735019806278
741,31.1938136965126,9.241205764052845
742,15.725189913464563,3.1751405798486854
743,39.62596281660997,39.05466265045656
744,18.671080890526362,20.601375898823832
745,8.678710370333075,9.744115493819741
746,46.99722684194444,160.2835193102343
747,2.5905741854901074,2.63653464821891
748,39.24529426383715,14.910143584321313
749,24.7760683715898,19.368953524666768
750,6.9051832555142205,25.19012632395047
751,0.6585337107895528,1.0577848783272192
752,44.41293780399292,24.23998987660506
753,60.1956259865457,165.41272308023923
754,112.11076434900755,60.19540255746809
755,1.6747682387241114,11.614101319794777
756,130.5465629986958,236.14719816970168
757,109.96633330143393,73.93157271671284
758,0.08074821809279586,0.19413150424389214
759,3.870023658693592,12.591479623563705
760,82.71303281939751,175.320704903356
761,60.073276325871305,60.09371225420817
762,91.52136561087683,125.31691838603487
763,12.162392730668612,1.1812245185622854
764,62.8228635364701,15.902009196869715
765,68.02055309504968,22.129699192704628
766,15.651599348653022,33.84797755218414
767,25.24130526991334,30.475542503248597
768,45.7100958069751,55.65594409102528
769,96.98616292551618,219.68371017370595
770,94.36319762009802,102.18323164940772
771,7.402998070660515,2.9626434854217027
772,13.781140592046322,49.682557947741074
773,5.322623539482492,4.759508160219207
774,2.0655509242806294,18.267681331791636
775,3.2273982365981335,4.862605967861287
776,21.11842501726383,46.490317523029866
777,56.88791368144264,154.53128069467496
778,0.31614247590317146,1.5791952422835551
779,49.08424728038494,6.440786522812664
780,185.9881122409636,67.12337270664433
781,2.5339715237549143,11.884105901695714
782,105.88801831560204,72.50265871041945
783,8.244480142602207,7.673840833938524
784,4.835462069679042,26.774543004015463
785,20.10506608610145,122.16525475409681
786,2.2680917711017594,7.389323541844853
787,0.9606376278567488,0.6110778888923046
788,27.887109610859966,203.91746492899793
789,15.2926607020931,56.58569384789224
790,47.1448768746954,165.7452330718866
791,7.41296037149654,6.460467415629058
792,4.663839931597015,15.806292091865947
793,35.605015840262794,9.059478401794909
794,21.527245644256247,19.31504314642329
795,3.8436292482917196,10.60866340427061
796,98.87427839902024,87.75095624990064
797,64.86362822356168,52.40401017324318
798,123.23914943219962,99.23848567511921
799,16.891998790651876,2.5741352911789077
800,0.06906543721517644,0.15825245181134406
801,51.37543123352103,34.35417498656673
802,4.261996764402266,2.730478218699589
803,36.70088038144335,6.264872506430216
804,0.8307738063734449,0.6856212877857089
805,7.326153643687608,14.15974711060801
806,141.31446145016346,142.79900032682158
807,143.20575943110467,71.67348631570547
808,34.213335701358574,77.91156016427587
809,19.55600849246829,20.38085071339724
810,14.497737798678989,2.7211657205839925
811,132.8198263698905,54.934079828728464
812,145.01505216139685,63.71544836159578
813,1.2727746764075376,8.945480526759255
814,45.81405856753359,13.196036993796211
815,6.8158146700128315,6.517064585269347
816,18.8500861018713,13.138463753761537
817,88.82836212081271,284.532039867503
818,221.93666772819535,124.48954135254475
819,14.249986977731142,55.45745299210762
820,68.70271052450948,16.380562457733653
821,232.40441111388532,106.75275347571515
822,2.817242675484749,18.28442568503743
823,35.43713563423361,142.54863424817748
824,143.44319915135722,156.23942945250914
825,104.63402813971332,65.24637367051365
826,27.218376920286254,10.718490971998087
827,7.295986141274339,38.80021433923025
828,48.29789862459183,62.18409232274066
829,66.06021975799783,23.36858898213662
830,344.3440575247172,56.86609175932623
831,0.5261917442366608,0.44950248439880935
832,16.567266729130605,11.225788138717455
833,4.786448141221161,3.6488368911463307
834,1.800617378281073,0.7178194184126657
835,2.458512943959085,19.078641816610066
836,8.981960541263854,6.11836640057539
837,5.227941974119885,25.923913442409866
838,6.201264270663903,3.782237762066472
839,16.340306090358144,3.8387967344979006
840,1.003340422465379,2.338923884606423
841,4.047564978227285,1.8294316358929432
842,1.7141857007511219,4.87761107241907
843,63.52855990083616,44.884300625519884
844,31.82176254525241,219.96594403959725
845,13.713223044935024,23.851935229197476
846,86.25733925557145,13.24685063634607
847,25.090474314995987,51.1905907907403
848,58.78300583682427,15.289247412288697
849,1.7723237859529757,5.942363415962
850,2.8650783242187483,2.7753417431167704
851,15.203917030855912,1.9131622942979003
852,44.92558407007429,77.0253218172424
853,168.3218713054754,205.8173406549642
854,1.4544959448022328,0.45535758972600804
855,75.66969076213006,60.96287033772814
856,15.551258959932365,29.37309247466657
857,8.091978493436637,37.6642453052733
858,41.640498197694,21.210457369007656
859,1.9257665104591382,2.455337235358835
860,65.44785496551259,201.2130767583887
861,155.66421338523114,352.86869366351834
862,12.1889027511103,7.660888942890361
863,38.860885524632046,40.216450818260995
864,291.5715493724615,104.12768755631834
865,21.155322337292368,14.694713778914025
866,3.8665128628592464,3.846583433970146
867,4.608628375368633,10.434571215068928
868,159.08443426528183,32.75772212373108
869,1.1556680094959602,4.356523362854734
870,57.49908375192904,9.225330435020272
871,78.83231468868028,36.79159332544221
872,81.62437855167052,294.1922213743156
873,15.492123370418032,7.736041326601718
874,30.238931871399796,49.66697874549678
875,10.556357482504184,24.55080087851708
876,243.8955914388535,127.4369643154819
877,220.30948447253544,237.8343922674673
878,8.676061853739792,11.132949544511963
879,7.685355478147528,3.765298722656859
880,21.838162891390663,182.9343453272058
881,0.43605813193678644,4.484402384311245
882,1.2497070889399708,3.144865974034089
883,99.35904926615193,108.16116616491126
884,8.279915218829471,20.46804666389473
885,94.55555333376307,27.550101599700582
886,88.49192697504914,204.26233770078622
887,2.6645237939854223,2.366893640419504
888,1.5869983218999308,2.7970003690827787
889,9.86449057472977,23.093766598513472
890,198.18171477274382,85.33002603051742
891,46.35958357513707,8.868532884944507
892,3.7190651888713946,11.296967584859551
893,17.34031027697925,2.9255143171330076
894,104.45131753787503,48.90665468005085
895,28.560938022634833,19.429628074484565
896,122.99159898334578,30.517479949706782
897,68.82085056679753,175.7810800183105
898,0.21643313799750752,2.389419279504215
899,5.155072083943365,5.827954320210268
900,14.639476792985768,25.621908289920288
901,149.99425874817177,230.7645278438339
902,11.441353733218895,24.2787497468506
903,34.8598430648382,31.39078228439981
904,30.12916788792191,29.564413782256338
905,131.50151047265723,225.5161784723965
906,30.112621043842896,59.49127814292961
907,109.39369379955446,28.953536456488802
908,271.9985074240588,250.22569720452182
909,0.14298716514012622,0.43613451666748326
910,25.97495040897102,17.91795880269097
911,45.13935593251503,52.77732821424295
912,13.421721923279273,9.711564462769177
913,15.093762654276816,1.7946280557380796
914,2.0996517056240207,2.4191365040769055
915,8.376315920660188,3.6858255913168496
916,51.897698599663684,27.06610566897047
917,30.32007759119544,16.593428959747722
918,19.54731080008514,8.821617109341338
919,130.9186967589263,258.0227303865413
920,4.625713112684831,0.8077339279014654
921,10.699039381813598,3.1556151689703587
922,16.05234556794234,16.092182616900317
923,1.42057632299483,1.1978153691462774
924,63.709333848374015,61.958679716219606
925,40.4447078942066,89.68787297341066
926,156.5203320399944,37.53272006035679
927,38.1900973283868,75.45639923301317
928,16.08700238519201,25.235631078033414
929,0.013544814253062532,0.033629035069980495
930,49.961705251931484,28.379932122709157
931,32.3827764328675,73.64940324998142
932,0.19923838447336872,1.1777019217678046
933,139.81080228124586,142.89763998169386
934,99.3317038731763,39.61244569546712
935,78.06681489106484,20.301928861223885
936,4.552269475768148,19.84035667641631
937,2.1624223171223873,6.61715325526561
938,30.659789020752168,10.85416938081174
939,10.126704670860637,4.681761485208617
940,1.8896024686758823,1.5479848370902738
941,4.343382363526276,1.704897343334904
942,14.282080147958649,6.9008880851963
943,63.05854726706137,62.05209010113274
944,54.762885478397905,36.07019661052568
945,153.59725700129832,48.21907253259134
946,159.4569424216604,56.61395815325566
947,8.122657102667311,30.070935830364213
948,10.526644020252359,12.826928278992764
949,79.77466644709152,207.48954579887135
950,98.08346547432002,69.4216000703031
951,41.2725317373576,138.55744577080247
952,115.81791130924972,35.10162958427715
953,42.74436797634995,28.775167138168648
954,3.724197332233204,2.329020333114866
955,91.5284605195369,96.90187183651383
956,67.91247988467201,54.798468210731876
957,57.54047004643234,10.525178330908341
958,10.641783984909097,10.09677225858437
959,131.9136471580229,396.3438990339881
960,4.155493671273059,36.11505343098756
961,5.912671950031081,26.870641703982336
962,152.8432068108169,329.95004434834027
963,162.97466372489208,121.56101818014378
964,0.6612346247342278,0.7560529849630102
965,3.0096559663058664,10.01953976111776
966,94.34139972305009,306.823661809322
967,71.49121650106176,36.48999096968359
968,31.467248743971428,63.47898163666941
969,40.73531022494607,188.2646950129918
970,25.881696999962106,9.659013071954039
971,9.87562356942433,2.7886938366214418
972,170.46878898580474,77.3603911325299
973,263.914068813198,49.89828273739069
974,235.22212647631514,56.49573974234036
975,52.735158681910114,213.54837986538996
976,15.918284087174774,2.2553423833396895
977,9.898388937804093,7.670820924210864
978,44.382130707841846,66.89509430503443
979,79.66014919656148,8.942700586540075
980,1.063710582667849,5.059460446081282
981,62.6757645722071,50.96597689233644
982,5.200663017016328,0.7645676369602571
983,69.19376857949814,87.06574780393267
984,0.6815885303431493,0.4275871226021687
985,49.348653667973814,99.87406966710756
986,26.62264505764765,10.953947412509947
987,7.522113155675954,1.074055853257471
988,123.22619029538967,27.00169017278339
989,31.999467358156217,44.166778031871445
990,29.30278871327252,11.022285067228097
991,0.5132733718853963,0.3537341983840214
992,182.36504292225413,65.14019718813688
993,120.22922482904607,73.06558883063812
994,5.865208597330434,13.096319870866704
995,34.969199234161245,32.372382994132344
996,78.17858010125227,16.439559058970772
997,146.10920818857664,26.88884537736997
998,10.812869166063336,1.2076248148432045
999,21.7818025120602,22.664155396039536
1000,63.606107424546956,21.572880699739027
1001,74.1188955511872,213.34982948525533
1002,61.291151295426374,31.340387487827726
1003,17.038941034282562,1.7901827643477703
1004,8.331761273095792,9.633497833749667
1005,20.530010170514508,4.8064411540610195
1006,66.68969570790924,14.85722634059546
1007,20.35708952199366,11.129509989104493
1008,46.149695523534156,7.544401680602142
1009,13.832979359424474,17.405899020656225
1010,73.25458022848926,87.66387069529705
1011,4.3053140469739635,1.3499005780598192
1012,14.015409056944765,11.20121173565021
1013,43.424510325754085,16.812876975483118
1014,11.598459824433782,2.2826801855368966
1015,0.3202739034672959,2.473786424350782
1016,21.514815838752767,117.01229635803281
1017,302.0285482537115,34.250031372490824
1018,109.14146556573726,73.44111155890398
1019,3.101392393646924,22.592352160072927
1020,40.63994383902758,22.04017535563924
1021,127.35150826533572,113.19162441166173
1022,128.62203209242762,76.6101998355172
1023,0.10456149894673494,0.14684973346066743
1024,133.4143824633438,32.484118599990786
1025,4.323591505572572,26.137399251560236
1026,36.327836956395224,103.47499063037348
1027,86.24944063087995,121.13682225435323
1028,9.825350157454197,58.133719792079816
1029,199.57832515192922,30.90941130295653
1030,13.177358219532609,15.376012370853818
1031,50.48417615980146,201.82905853503917
1032,2.9300045556395906,4.152123428594352
1033,85.3378926655379,162.10778680537337
1034,1.284629499308086,1.2004495321228803
1035,57.984911794420896,28.94373124691364
1036,18.32620894527612,112.54032337814591
1037,40.45396470665146,179.68281936551892
1038,156.86900942730605,281.03769843554693
1039,0.6648138615352328,4.341210013762589
1040,16.421481246620903,3.3821397433307876
1041,9.090623360966301,62.26206341618342
1042,0.2005945636886195,1.9642117437497584
1043,130.98595552204426,121.15752322253597
1044,156.68990748078375,44.43971103681818
1045,3.0415816846678037,2.0245355754683296
1046,6.470421872045055,2.2210987220988816
1047,2.0904804700398847,12.138237044378364
1048,125.18837603981189,55.31257081914159
1049,27.709690873862556,11.443676308572467
1050,66.35061505754871,29.095719582403447
1051,29.620954522500433,8.911975391642734
1052,16.98059011328635,51.923352391039664
1053,2.9231501341412858,1.844696628572176
1054,19.695070472352246,72.79253599524418
1055,36.92573649547231,13.999835250344322
1056,71.12934689477981,81.5481114700827
1057,278.60739040412227,144.21350556633016
1058,3.17388098675979,18.714587434018064
1059,38.98902544033261,37.41203648720965
1060,0.0883885612662092,0.4127692183545876
1061,29.692332164427587,120.2515414933792
1062,36.884805979154194,21.79117206887096
1063,83.11579523943726,140.91660019718398
1064,43.148332830577445,17.788829992883617
1065,10.952340488280218,18.284690430705623
1066,8.923545253744944,21.635190284896993
1067,1.8433725587475225,1.8381861201150376
1068,209.55925641728226,30.311941605145716
1069,11.85925616811711,6.990711080969546
1070,125.81191114388734,58.11216544332131
1071,4.957961352540428,9.653276324109125
1072,49.245638757308924,30.210854730617527
1073,12.417894964343883,8.634517156394756
1074,7.04620498691021,2.639465088896144
1075,16.121167890155427,14.252571589305397
1076,54.547501679115186,9.736901210149858
1077,14.757684713433951,109.93406486212909
1078,0.6600227954064073,2.635620122176467
1079,19.773228662409757,17.449920665648605
1080,182.92578199515214,30.456549422503773
1081,49.21667692457999,118.46462259549354
1082,64.32313732428511,87.79095672158074
1083,10.422565139617218,1.057324860573682
1084,115.10194112682365,67.1312863065882
1085,27.081558499882046,102.59135450318188
1086,20.271029712867094,18.978150453592775
1087,250.62368151371038,65.50007114755023
1088,72.6235984154523,27.5349259415418
1089,9.263294646730513,8.689634787455711
1090,1.0466820397112235,9.24935963024113
1091,86.88163576816248,46.000805444176876
1092,26.73582528529445,8.909328332170885
1093,6.883062967386369,14.450635148203292
1094,107.65117012067287,30.68091159517709
1095,17.69660647477571,99.32244116723288
1096,3.0478157556356793,13.337026278676461
1097,103.89696114194768,74.64899044965884
1098,23.790126820925018,18.961515309796702
1099,34.27916234681593,9.292273749671047
1100,144.92251233075257,134.615194146578
1101,97.50511504883531,31.470998189678895
1102,14.946717373166065,45.029901764427215
1103,36.76642393127783,79.68255350828761
1104,237.7825670960892,168.31859601684602
1105,1.8271149407900054,5.468458252771683
1106,4.8438488054276085,5.139105762807847
1107,18.689229525309774,7.2719531516019735
1108,148.36150015299287,117.48767330922551
1109,216.14557557796098,310.0104536582979
1110,12.426327727819292,7.107785020863492
1111,3.9010622383762548,0.5814493878069925
1112,0.7215443098803342,0.8866793022114143
1113,29.425514517116234,42.83427597922915
1114,4.786464369256516,16.729832650353956
1115,39.48442497518484,21.611114894733547
1116,0.20179111720425125,1.1227369949425376
1117,13.007349873578974,16.994968547587256
1118,133.76447719775348,89.01910108686211
1119,73.98224885656751,90.12904508961432
1120,5.45411946113534,4.918932571051957
1121,143.71931261356036,135.84995800445802
1122,6.953144198508699,2.7412518116427305
1123,34.29143327884023,112.53510557134688
1124,126.7989477102403,410.45790788421584
1125,22.694495471298485,58.56820317605454
1126,22.194756104912006,18.704204411115768
1127,361.66237305401296,48.54347957292416
1128,101.57081943815606,45.91532562357143
1129,14.142356319710377,28.29099131363236
1130,7.825194907047058,12.556537993431608
1131,18.292213415711117,19.486925362022927
1132,188.6268300500305,51.00009987593704
1133,27.883395377184623,112.09487600113343
1134,114.84840063552376,15.338757911482988
1135,92.76428860285706,170.311324304118
1136,2.6198398826114153,2.9721771673727595
1137,10.247987674106417,12.591898999657758
1138,14.520661519893556,2.742722643336198
1139,0.3185830997675321,1.5058612989577775
1140,12.907282931784037,65.96344450018927
1141,10.807308920467712,5.915138794512775
1142,393.8592247984026,134.6174016955033
1143,1.539773836301269,7.569909179333064
1144,18.95865155064148,84.41740037142904
1145,87.01475050640936,111.72403519862246
1146,22.523845192107856,86.62118619305424
1147,82.58584749829137,69.48768742921436
1148,33.037481132831246,28.39845035010142
1149,2.0919768857151975,1.1880480868252006
1150,95.33172415774777,91.02560721399837
1151,284.5075274009548,118.91997060671955
1152,7.255245697187022,25.289242561739826
1153,76.90665387907694,17.093349487438225
1154,57.93030041717996,14.755612262309409
1155,45.78396766742108,50.28512549210703
1156,0.15584026057670397,0.18590297050701232
1157,70.19699219759048,57.08347964824035
1158,195.8299103256397,41.24783710187924
1159,7.071749434001103,5.3971494643758895
1160,5.061972152546886,14.30187120869692
1161,26.448993630700045,56.674914501968296
1162,21.235502228481526,34.94429774703237
1163,80.67364471037274,114.53225777609974
1164,60.093259193481,102.76929971684336
1165,325.2412825072255,70.3300843508144
1166,310.7210876319852,75.29380353706831
1167,0.6060033443788151,3.7720123067477815
1168,328.68659229309776,122.5460372260686
1169,154.65818508871808,130.55702238721383
1170,0.40106016351895746,1.7363813111605402
1171,8.646752272549817,42.92256004271529
1172,381.6646642107645,104.71430661271971
1173,71.28585248843603,131.39019437411918
1174,1.6167777719018095,1.3924744064649537
1175,54.50764445787301,38.10949766950358
1176,40.367508783098906,6.40510333829867
1177,2.4432305710668474,3.1153243522482272
1178,36.205751777218524,174.61022984615954
1179,33.904633375035665,119.37850818575423
1180,342.2452850129486,217.13098044391353
1181,17.221311659513717,77.38149561616311
1182,49.586315904777834,58.116266875496024
1183,3.939408196845229,1.6750793415348495
1184,4.406898456609911,2.122893844586321
1185,69.1369871940732,112.5402594693792
1186,105.48724538183336,20.7734813728556
1187,81.13959497396546,111.03306555261788
1188,18.555951490042638,51.30066928331814
1189,71.58224363287576,11.536605878367965
1190,141.73364475176575,52.80822842073886
1191,45.00751258328113,282.20923427795367
1192,20.466041702334607,15.036660797891102
1193,80.46408650329107,391.4358691214745
1194,6.977514453088503,1.960907050425507
1195,25.79909274943848,50.41979157489463
1196,9.359487106928432,57.875422196522216
1197,64.12239381574238,29.87422423768537
1198,175.79726388975936,76.41370078121142
1199,37.37386386656071,27.18727754583771
1200,49.08612786664538,16.347797701597997
1201,146.84117161218762,45.92273151383065
1202,0.4168351573897875,1.8958590357279084
1203,172.77487447320766,78.36172381756143
1204,0.5944026738390802,2.4584475493331612
1205,1.9112133019173647,0.3933548125717443
1206,122.0615185521819,139.90701820661772
1207,147.80680195415547,17.399900495798068
1208,277.86817034755256,67.61112382522747
1209,27.77543362419113,88.59040066892851
1210,0.4215653618765911,7.183876807173957
1211,76.68351706047964,155.295375727794
1212,50.87942598420919,18.35727895557544
1213,20.15711813749445,41.02894063724154
1214,25.625754643387246,149.38103896167212
1215,29.919717088141027,38.62093608436156
1216,5.515553998783775,11.2728972215617
1217,117.17732498010798,74.57152195259032
1218,13.417586793304814,13.884092556505752
1219,53.209884336341474,128.28368155854287
1220,9.132211948055014,60.859451626024196
1221,196.66065978720428,67.08800364030304
1222,38.51794346522879,58.37432105899636
1223,77.06812353832217,72.59704879312879
1224,22.48941945126661,26.27309284448171
1225,18.117622486455037,5.850789715431434
1226,44.695744405853475,157.36390418123878
1227,59.90851187734509,104.50105104040571
1228,4.324925001377619,0.9551367216243879
1229,32.01399214311175,17.482207814995476
1230,104.07804379129315,28.805714002528724
1231,156.27823613143,19.103484745709586
1232,114.31248472321026,16.669814439569187
1233,5.268030497399064,16.68827902088516
1234,126.9039469492514,245.095072522146
1235,5.523033301946418,24.29229615228957
1236,38.344468629067755,189.1438337473104
1237,13.653110668824967,27.587998565434393
1238,51.36350153438698,7.30585037000976
1239,1.4693343662351965,4.478043919401995
1240,18.16699024184598,41.019034028855735
1241,14.011010183803325,5.790036255532879
1242,54.25416913947983,196.80413546662766
1243,37.62625512394716,7.183168856609276
1244,16.28664295034483,39.090819884257805
1245,9.195974681229426,21.534759476484307
1246,57.26472081805679,45.444539982255066
1247,8.551028535457014,10.422700731918331
1248,9.079453408412835,27.377072231835008
1249,59.30423252658157,71.18845069944645
1250,4.159780607349551,28.282623925653436
1251,17.91224374206847,2.907943868358918
1252,30.920237552648526,8.430586804005197
1253,352.6692194273122,71.4542061541634
1254,184.70479921655897,36.178961778064675
1255,97.58843485593465,184.57726678471903
1256,12.39355638005065,15.05302556280251
1257,16.397486345672576,57.90538912352481
1258,9.544446707762631,6.978340367247927
1259,38.751605193004835,211.97424393958767
1260,6.809045830580811,32.63788945996858
1261,141.64970369849829,31.757963859877435
1262,34.20074334229779,98.80902723564255
1263,102.89257326649167,17.963717372974404
1264,5.245210231168225,3.98286379769243
1265,34.759658214560616,46.71620126677095
1266,96.35424958437305,120.9802908549788
1267,89.32867579536214,344.1752183680319
1268,7.728645069320718,40.9856317990121
1269,21.910530871664182,152.09216767522202
1270,323.67145880944446,43.70967352670823
1271,5.829790440690353,2.2442813952801304
1272,5.220949664054411,14.164703898614725
1273,56.32519659193445,94.14853231363762
1274,3.3287459073930377,0.5252318818119911
1275,5.548823071174704,4.344295245187655
1276,32.12318656512994,11.750010325493077
1277,141.8644319653725,72.2063489299372
1278,31.783822240576132,8.70981196091169
1279,6.4679238409943975,55.06347700057135
1280,12.606135006963928,32.41208310306078
1281,61.721507879494396,26.117956550505312
1282,262.15752010040046,68.0250175041042
1283,7.367908791906457,16.37263135732174
1284,98.63415478922926,391.3157960541233
1285,161.81226255219667,151.2264250711395
1286,203.63699552639213,30.76426606921871
1287,24.16040505397838,62.92679298586604
1288,118.37712480709416,74.66057067853524
1289,14.749958782411134,34.74934562919972
1290,60.20553931209728,108.44756036959745
1291,20.781289488173332,49.952987067415194
1292,12.059361652259284,1.666575002108821
1293,113.44238252560055,72.75376866672202
1294,125.51797728741666,44.514561679802334
1295,5.882862156340589,2.0591274793646477
1296,219.08220501725594,113.4049810365488
1297,24.03061981422578,4.693887967629214
1298,5.726246015596905,14.058428929901032
1299,24.067548771323935,38.43046987570115
1300,125.932065226034,196.65029745808957
1301,36.535188617405495,71.20024132311357
1302,29.35265910414275,34.29054262114783
1303,50.7764519621642,13.738907975443597
1304,21.370390963428,31.43056812513592
1305,0.6673524862080156,1.0168163260839373
1306,15.10797103679837,105.3706551758236
1307,232.9199564755172,218.1346886101935
1308,21.49166781959864,21.55355889797263
1309,0.47533480605711453,2.7641119336082958
1310,3.0851833059812726,5.490237105378336
1311,68.66918467010518,34.86782122881603
1312,9.188002475379868,4.970328162385574
1313,3.9541271108027525,23.984772247671696
1314,187.2899202265417,178.13731757560677
1315,306.7192583301256,116.19583779636783
1316,6.437044314376235,19.096908355128605
1317,20.706734063253936,19.29017535417523
1318,10.257842868034803,1.6146328601620115
1319,15.35930559686666,35.31170391131103
1320,117.15221915787576,145.7437435674847
1321,16.767598584575975,51.56523026025379
1322,129.25783762640472,162.96140577534038
1323,0.8980444825536014,2.093816303205828
1324,53.76588482326226,167.76768285098422
1325,5.689829532888659,12.500460736192952
1326,98.36619807686272,207.83385965413572
1327,1.4992794330892112,0.31717747170918353
1328,43.11341250043608,43.44370494551142
1329,0.2907156537873785,1.9113221340566233
1330,27.759264547381207,5.508251726814729
1331,2.585645645504049,2.3739639395579406
1332,56.030628520031776,66.06921809912382
1333,8.180751885976274,20.0355312016854
1334,0.1438959969560254,0.348419992295288
1335,23.148679328105757,14.155648677743711
1336,396.83155240168503,133.1976791986305
1337,2.7261624213705073,6.079298115828282
1338,160.63996565735067,38.70793595731805
1339,110.0160527568987,74.60649475837609
1340,10.451670144863225,27.946005357620596
1341,42.876076607168805,92.51020094815475
1342,8.839824891573848,27.546667882200722
1343,86.16183273878697,56.90964925395765
1344,17.84391929952909,43.90770307955663
1345,7.605737371140351,16.743709328518413
1346,63.27460499994635,137.1675671618961
1347,35.02112805359439,27.160055629503805
1348,14.907466092545445,3.5561529365238407
1349,1.4507416629772543,0.5591381588718543
1350,7.142118475653996,15.893026552153911
1351,4.137637734762822,1.454307549226903
1352,14.51161805722545,81.53878322588207
1353,0.12123828254519387,0.8957257947412063
1354,10.700449241499689,41.075600750852416
1355,182.35247772372054,166.61398470614762
1356,99.41408497742619,12.079927906230651
1357,12.642504183569304,8.734480619582722
1358,77.74431099148404,31.214935619038883
1359,354.83008910158657,45.66763661546398
1360,4.505746289483373,36.699737368520246
1361,5.167217093403502,9.262949880152684
1362,6.033840336124144,16.179092039325255
1363,120.4054712444563,13.816091018156511
1364,79.590632819095,28.192516088312193
1365,6.906926509221014,56.181223599237306
1366,3.2786464938922175,7.449448980451903
1367,25.404791649061192,11.486520258396416
1368,37.5526048547351,99.71675671868573
1369,6.783100108464388,1.837540864512325
1370,13.511363338318269,87.394269863174
1371,8.868725104675232,4.201637924474014
1372,53.19954860708347,30.528428363207077
1373,149.58716845228435,106.06521913213993
1374,25.38287683675759,20.5411286052365
1375,0.6316580035309982,1.5448212993173076
1376,0.7471986493442841,0.1725172300417902
1377,49.89978330928236,7.92690123366734
1378,9.337006118820128,37.15009835014183
1379,2.797736838748399,0.4183513516921624
1380,47.376646005553944,53.320360137590846
1381,127.50472598597571,132.1507599098348
1382,50.92539184660686,54.296460290260086
1383,170.3774029128005,84.77370473187075
1384,1.8003483367918065,10.904473354923283
1385,9.93210852822047,89.14037831041658
1386,9.716606904595679,4.462813811315218
1387,4.975737116732467,0.7182744736737269
1388,106.22991220856248,332.6049543932037
1389,25.15240503348987,15.341052937918459
1390,3.7564677709206657,5.541586927903907
1391,16.073615284410437,10.887209764794598
1392,2.5193505002045984,17.73150199933891
1393,49.74773238011893,92.94204706903494
1394,4.2816168095267475,12.83395614500301
1395,5.025312585563983,22.013956943233026
1396,24.50596791223335,84.97232099074745
1397,94.2169332640869,50.63103255746567
1398,69.5781584733387,18.05997595724772
1399,5.0626017250976485,4.36334001751989
1400,1.3554683080391017,3.3795852890805236
1401,7.539195063492276,0.9384738794833275
1402,8.322440028097217,15.99558125582829
1403,12.57739441449452,19.846163883956883
1404,84.64976560427488,104.7121236839729
1405,5.647939943104028,12.343737940220667
1406,6.006836952163804,1.0365920954559393
1407,0.060456189744658495,0.27623619980739944
1408,343.94785596189183,63.791918435294534
1409,3.725608934370183,0.7290673122371504
1410,60.98582293028368,56.69122933696237
1411,146.34034565411696,61.4598994218057
1412,4.221346875176863,13.77262554256901
1413,8.988913477816123,4.5572993958286325
1414,2.1785862162169307,3.686644835658152
1415,152.70824230310626,201.44876246118014
1416,3.1455395145406126,12.371535248396725
1417,32.94867539001843,31.06958480843367
1418,101.16706651723176,246.9727272779894
1419,44.47355148820107,34.00147144940906
1420,358.1142423640422,104.5912432393774
1421,34.89499458688185,23.072769896016972
1422,74.5916403239297,10.88542810185438
1423,18.61618916600684,6.228365170140031
1424,129.867422208996,32.70871889115824
1425,16.47746044880045,64.34744815791585
1426,109.2315228871789,118.61972389506008
1427,180.83677004505282,33.07677117470147
1428,20.349107423955616,19.787751922119494
1429,7.260088778778396,35.56231929745493
1430,62.0595893216047,77.66539403836781
1431,7.0241809232664005,16.221624285491302
1432,73.72332626712314,102.44187184408713
1433,230.22393415109772,66.98703230844346
1434,44.9123218953593,187.3581691823636
1435,3.6118315365425975,3.607788527063539
1436,43.96762012616736,49.36930948473995
1437,107.30307007932834,213.8603566809093
1438,23.27012948725186,12.445134820060549
1439,4.845263182153147,7.633690171860759
1440,85.17131845960763,76.34764022279788
1441,33.40643658999773,46.24762591381504
1442,286.05013014936753,91.99685734108365
1443,102.80011650003591,19.777130762122063
1444,1.101478631295486,0.6964220190474556
1445,357.14665166884186,124.8023543071737
1446,5.6369512265147925,5.316686465326216
1447,77.55481571165642,19.348477024113485
1448,95.18668472818722,96.75557992953526
1449,111.93437865398857,93.71649948645668
1450,75.77401458919886,50.36061878590598
1451,19.66988232060112,48.73143819223527
1452,20.360852012302566,19.591727729384356
1453,26.148666265223405,39.54293753022999
1454,200.5018161924731,57.53245620060614
1455,12.49218731172665,32.388759415894135
1456,27.954421373326245,99.33702432179945
1457,3.6238107052078163,4.2687573689430085
1458,22.631120313458794,18.739686106109914
1459,156.46105471266006,43.49287759628202
1460,12.493997672163223,24.914274977893353
1461,4.016507028530237,19.244287112050674
1462,111.15426717445285,16.737664683954698
1463,26.37189146149405,9.193864585854296
1464,236.74105957251834,25.07834335350249
1465,12.526307763603127,12.730256639598874
1466,111.30548924729192,74.9785018341029
1467,4.107775599522282,1.1479108698045986
1468,57.975441190718875,37.79736596866747
1469,405.23193013653827,79.65664432342916
1470,38.21584379538921,35.902241559535526
1471,1.9315516925023835,9.981111061790926
1472,122.04629686002222,43.76887514481071
1473,66.03059594982959,144.95919940397272
1474,43.10714624399875,42.056477119683905
1475,24.386487265470237,10.612782764918974
1476,3.1962964071617166,19.96387575900701
1477,125.3258014561175,257.87298298500326
1478,76.17145032998543,60.106241146174995
1479,101.00145564309535,47.066946118351794
1480,11.466657742465882,1.4086086921791774
1481,52.33704954422033,259.74042063067003
1482,239.31926919877685,168.48848708502445
1483,1.2207725828567468,0.27800761679699915
1484,5.566645839870331,1.1144469110465347
1485,7.833546795220526,46.92634791711762
1486,12.53974105734704,2.4804889638185186
1487,139.660172365517,20.272824686017902
1488,11.710579816293702,33.2078618104114
1489,131.11950043992493,248.0130278854232
1490,5.8639780354908755,7.783922816467756
1491,54.61668419993011,12.461004031285853
1492,6.222598004187714,43.73740474237441
1493,114.316455928222,251.58565458078368
1494,8.179389046126127,2.850701474478123
1495,119.40367277592584,116.47974962790472
1496,15.32893623425257,75.43363235396691
1497,8.996375401723022,7.091969160318306
1498,114.75775040630008,28.34201749809649
1499,29.279113612028418,8.84646490211967
1500,19.322127229732853,107.03043064085594
1501,79.6847752471632,167.38513055137875
1502,114.5928598858548,123.06086809751385
1503,39.36686490947381,100.76598179241911
1504,308.3535423070526,149.7373041043203
1505,16.201059083112682,1.8656545725789138
1506,71.76881501795629,48.263862005275584
1507,19.08700982179898,2.0541310251889464
1508,1.0647999205707488,0.39346224589384515
1509,14.596394296468105,5.445289968220401
1510,2.5781766097255376,2.997072818650999
1511,3.984045680055927,1.3105131879188483
1512,0.4318798180423362,1.5469328469413968
1513,94.03540913491796,27.092119141663808
1514,4.549104586954799,6.026111863542901
1515,10.901475901259012,24.546386922372744
1516,3.3130581685140843,13.747005190216246
1517,11.437420791413347,16.532855370217867
1518,0.4610756204956019,3.351781882406053
1519,20.833841480018105,7.646384655107602
1520,54.553392561073004,98.72626371868132
1521,8.345218025110643,7.034657166062189
1522,95.01932543685363,248.04117835050516
1523,4.547372667526042,2.4780074277445547
1524,51.79754794868565,60.03623559092921
1525,2.8994635114230913,8.191397732781406
1526,125.87189335820916,266.2318316425292
1527,37.94891428527328,342.6911982192454
1528,169.1438221360073,147.1974751221587
1529,60.60807848730881,420.9811154444362
1530,16.221106176423614,78.65036829973016
1531,2.457394934741429,1.2423700722715594
1532,77.50722106515212,20.05031359553926
1533,6.596053004383265,6.523203927529288
1534,13.914708189043772,27.632483380762743
1535,42.894094983418356,16.572811279739753
1536,157.2993553276623,101.11207175599517
1537,86.5408263118082,38.17578755937304
1538,163.91395471129812,80.71807080775712
1539,46.39539334073975,48.100492943037416
1540,13.683569510328503,35.02451995248653
1541,7.959888462333813,37.289221833967204
1542,9.1623231586689,6.646092844257391
1543,349.3245703715683,85.3618054687011
1544,0.45580602980030216,2.6505336398204458
1545,49.010101761161636,18.38983688729656
1546,28.445888583139762,53.117786914883204
1547,44.027560554187474,108.8660597130942
1548,102.23740906871441,31.920348539463347
1549,195.4801569999581,88.11671776542047
1550,26.306864884832418,24.538213311047066
1551,5.846454318737312,0.970700571788104
1552,92.13949405968903,166.90781510631348
1553,3.723641422912879,3.9976329780069007
1554,133.94660413431623,114.89922801285522
1555,10.830852664181887,16.239102737318007
1556,83.67966507503989,33.12537116791688
1557,69.0793773724466,11.532112117662638
1558,3.2902843298969118,10.61133917929981
1559,72.19683130782866,86.53755109333578
1560,3.0340144601054018,2.4053009666020095
1561,170.3190206984417,232.70409386233473
1562,20.655913010472947,16.041522936791715
1563,73.11784490039967,58.33358013912834
1564,8.200856406072376,7.935783037891627
1565,63.56496933585068,28.571904810508208
1566,10.814013418933953,4.421873261199483
1567,463.7366197052487,95.40601914926995
1568,2.3515912198463305,0.3013332415813892
1569,68.88770881277748,30.499222228797453
1570,244.33383364375095,47.04525999206073
1571,3.2008905684974724,2.636647924832204
1572,118.7676744107596,137.90780750064422
1573,9.25580337367642,28.523454752999864
1574,240.3440565483693,101.04851077322873
1575,39.52239753887834,120.73944476433623
1576,161.17841185032904,77.15133879675169
1577,2.712708901834956,3.4761744154433547
1578,1.3088919534389074,0.922741416189382
1579,27.053581632148536,109.52079316295972
1580,1.8447605560665912,0.5086677334773709
1581,25.712681106258053,33.701130760174806
1582,43.682988080997546,16.80948376374483
1583,38.51906211071551,89.37585228255102
1584,80.20104480176397,143.41095387343384
1585,29.0362777437473,12.949276867832074
1586,4.81287758625608,11.988225630915938
1587,319.79197787198774,122.05884727549275
1588,52.04300463840887,46.93643084058788
1589,54.32052109085283,35.26708377900741
1590,25.010294558464388,59.029378127752885
1591,53.05355465373036,71.28931786859299
1592,3.482840921106658,1.5530086284559776
1593,28.081602560935934,5.7078557264822365
1594,2.6194997419219987,3.6093590562097146
1595,19.27984750447148,121.7474388391123
1596,4.000506838791026,2.1605857207745145
1597,2.022887954530426,15.294862519532115
1598,255.58779601831503,30.758992419403704
1599,31.250322239400738,12.506051627928061
1600,155.96224262804833,46.26759470284852
1601,3.01041437399222,1.9348360705073249
1602,88.66277199121444,133.09936492491133
1603,106.26007595789515,439.1871158692113
1604,69.5459695100876,70.76752817532189
1605,56.20861003223669,88.20450402448145
1606,5.984447707880247,13.479811526790455
1607,94.73814270218082,120.19127986503113
1608,290.62310129728405,57.144364997624514
1609,340.92140665153306,108.76857143485024
1610,70.91655683218212,108.75794242163524
1611,2.047299283097299,8.226980329070699
1612,30.807074569137907,215.3874438158727
1613,8.313575844196656,2.1119184059997167
1614,6.104603607577759,13.009174302551997
1615,46.99686943409293,180.22333006950458
1616,9.157394824546914,3.2328866170992203
1617,49.46073382134005,79.28383272052137
1618,116.12065455182456,68.76934146795853
1619,8.869113577375828,43.98481257392026
1620,13.144861590821304,9.217511915638052
1621,152.10850241493534,72.45929473650574
1622,50.612252098014785,47.89314657907763
1623,28.67623645903797,10.413915530137428
1624,7.262360927633666,11.924463820980849
1625,33.31455120702468,10.539464606574986
1626,14.426114877040204,26.649502676241575
1627,9.641168875616899,16.644887589484323
1628,6.405984020123974,34.61831844647301
1629,188.53819094680216,34.79695609137424
1630,0.01061203973638114,0.005721212344025228
1631,0.5006444212918566,0.09314953541588944
1632,3.000741336712367,1.9716210108169634
1633,9.447955769228148,1.5709381416243176
1634,38.099036039541346,79.25756412122429
1635,13.709038494933658,18.459580042194993
1636,25.708724294426208,39.34557881150709
1637,288.6727088153176,62.77702138337187
1638,183.22897231264392,156.47824236940073
1639,17.60509929050744,32.98848457735048
1640,158.89543340906906,102.19646327238995
1641,102.61728669080283,252.65254906961627
1642,21.799793250728143,42.427691964485206
1643,5.010489463971227,2.2477436913221793
1644,79.386733662876,60.185054384534524
1645,30.984040616511592,5.125492345594611
1646,18.780920449316707,77.689004635785
1647,7.476198633190042,1.4670429566532344
1648,70.03091202784633,49.431396408341335
1649,1.535992786644594,12.556718858744162
1650,0.32489771469711637,0.7368930708155023
1651,161.79501561655417,226.1809276753254
1652,44.578360786357585,8.352318570928622
1653,4.712861889842033,6.187853891255116
1654,3.543779187164012,2.3670173394905776
1655,41.28190906420362,89.08739934939042
1656,83.21783929827586,65.97059560083619
1657,54.548712419424156,60.56012119536348
1658,132.62476340011546,170.6962629958642
1659,45.06796573003086,16.47705693486113
1660,6.223902412193535,4.208439559278185
1661,49.661155590758305,15.164794895922531
1662,320.56634298323337,59.76734877992862
1663,10.817826752526265,43.20144789413346
1664,9.473889422968162,71.0235458624506
1665,6.82396807273615,15.005554994835846
1666,78.0496556393807,32.551366214665165
1667,12.319294826171541,81.94264907466032
1668,58.04359073999052,88.93565044337099
1669,1.3664885909690785,1.0002971709096613
1670,11.089974692810214,1.9817469642088374
1671,16.10487080106501,23.20410478014339
1672,90.25586220181047,103.34618947097195
1673,1.2871247695962076,1.5998067450157756
1674,124.32374658615353,98.45780514609514
1675,0.5528818859444407,0.21286838651164863
1676,1.7252960037105032,1.2635746821144425
1677,0.34966347568991396,0.5382650125793526
1678,4.753635979940897,28.849800187659234
1679,7.365145075674624,1.7786290704865735
1680,52.56052892068719,10.911061177172622
1681,93.37516706986061,17.501059099587053
1682,0.06871301910763505,0.2433748660160181
1683,33.0607604542074,15.3111435684487
1684,3.0840670541125053,15.222788962199767
1685,142.419596866122,17.633485907288964
1686,61.24751043465599,45.86422731018082
1687,168.51346738028093,98.00509490504672
1688,16.054512743693508,5.008314093611655
1689,46.72126332981589,15.404760985720621
1690,0.9793681530782383,1.0495930887774767
1691,3.1412901908247584,7.910723965031013
1692,106.33824317172474,52.61592062253147
1693,117.79804671578434,216.0287825928663
1694,277.29528056162485,220.39882851291344
1695,2.87943049883383,24.53406261694642
1696,113.52659624530808,170.64039315882627
1697,0.5429689225050891,1.3541799664389957
1698,64.79570296897475,22.1727946942681
1699,21.784135053922448,2.573532734377031
1700,2.9596042691861575,4.500320152329583
1701,3.496443762241565,15.928289081193462
1702,16.148507469525327,40.48473579085513
1703,62.27325220830264,12.355145646574329
1704,49.62067277011414,74.42317890138499
1705,107.11515844802207,196.22199715364502
1706,54.88293126564425,101.87177399523465
1707,176.00277195626555,36.628302867599196
1708,15.16680369106002,10.513229104227502
1709,17.668579352203537,5.940447790582941
1710,187.00094365105542,40.9317351454679
1711,140.97424664461263,24.056281530704936
1712,26.49683177066897,8.081314742593522
1713,100.87770636185067,36.440826390523874
1714,111.19477906923203,149.96417285248504
1715,64.20461976832249,96.58732312388643
1716,2.9029182598973784,8.871283769500021
1717,45.56409674245717,90.7112736617199
1718,67.53797691009537,35.58858556317851
1719,77.39406418238288,45.92874037407755
1720,19.616212673922092,12.097654794578226
1721,180.90183795267964,194.4900268192992
1722,217.5935016123068,30.956595451494575
1723,8.27072603671675,18.410785758784698
1724,171.87693690810454,110.98446150896241
1725,23.512272258125908,155.44445725732493
1726,0.961370886753939,0.24765642633032559
1727,40.607385600025644,9.407015311387058
1728,28.881756149085827,107.37501628289704
1729,49.01135251992034,8.1660161984654
1730,39.51682806374702,46.433885674787724
1731,147.27319129043923,245.40611749138506
1732,43.521420728896544,84.5178624292746
1733,5.098946850716034,1.4769931033256873
1734,8.803862053595115,1.9755802905238207
1735,11.945425303223615,27.65200319716863
1736,6.044962714077091,4.334299363312015
1737,5.17666165952773,3.6038787666422945
1738,1.176525896821667,0.923537191642022
1739,103.46781006910692,160.08970274922845
1740,24.457294669428872,10.1081391684485
1741,4.94623929677856,2.454114433858373
1742,1.9752878473811857,4.761823091912216
1743,5.073838740557713,5.2820339026637395
1744,53.038808644321065,77.80418357793725
1745,8.13998446813062,21.430114474520572
1746,77.86242794048694,60.13070126321389
1747,19.12759293863628,122.19263605576235
1748,96.87191888329451,63.99096286612015
1749,61.625494092082334,224.31459455244772
1750,4.504033563962977,3.6525805619744047
1751,126.14038275767258,115.52625566830338
1752,5.378427832859204,5.090885747159021
1753,43.54036632772296,43.32889230122731
1754,44.26662452040711,84.89249311535016
1755,39.18610236599622,49.5581264062896
1756,9.539127796842973,66.76221545982469
1757,22.948953367703133,18.298796331249296
1758,15.848180413279842,36.467855867987865
1759,150.86340491956702,93.55484623667452
1760,30.29253580686947,179.10719809204292
1761,36.115454930631095,78.0544332678813
1762,12.490969573396182,34.74805098962099
1763,4.470398804294579,1.0971705254083877
1764,7.561307198802423,26.359810608667985
1765,65.07038791922088,53.363050358991394
1766,7.614712747056453,12.446151664968701
1767,85.79181656012531,63.50553551709563
1768,11.199820738673955,16.70345722722483
1769,38.2577273979944,15.993727259150159
1770,0.9604384618742023,1.277126605411202
1771,24.051830945306648,58.08622013651157
1772,3.7314368438679804,1.940968035592009
1773,8.039715462002963,9.594729663709
1774,2.836795681477512,3.395721359555017
1775,31.67565915228556,53.44097062314667
1776,226.39044269188827,73.72922213326855
1777,7.308045702995614,1.6391651140065258
1778,8.311320907019034,38.060091678164326
1779,165.32620278790247,396.59435918201285
1780,133.0084515839854,22.98492420745085
1781,9.088085790971315,83.94974187676506
1782,1.76066289206683,4.72987452310276
1783,33.03687926373245,8.131451646835185
1784,30.639065679330795,7.332821551606784
1785,11.542464568277591,14.65934621914943
1786,37.86579279740939,154.05311712632457
1787,0.6462815455964934,2.557394754748549
1788,1.9563748270629988,8.911735728930275
1789,211.6629128688283,197.8883588424693
1790,52.9113470517359,12.484752834612015
1791,63.55620835131463,168.92477582644423
1792,17.4259248768427,2.5196180458801467
1793,198.8134226708109,42.71708106892645
1794,31.270763333118317,95.85659249583816
1795,39.504000951491555,8.361695605921907
1796,14.878514854704388,22.196952584753824
1797,50.21047360456365,120.20157314117021
1798,104.55453617299597,61.184413735677964
1799,3.3962030162923806,30.912701811335555
1800,36.17551129313813,20.077521728431712
1801,21.238428470678667,83.80133427245059
1802,144.39544284891718,37.36687210679331
1803,72.10735290324102,123.12542805439227
1804,2.3311288418240403,0.2900730050268914
1805,22.38851238535073,157.96635834592297
1806,3.391215774157657,11.57091904897538
1807,69.29878766170276,98.81696216327859
1808,49.53844350111353,49.74044032627099
1809,3.1537691984524177,0.5930834456516283
1810,132.00673719090443,159.15824004687352
1811,3.4859307316681387,3.5681407980127906
1812,236.00733860474583,94.36392155964221
1813,43.395968249938704,76.28354310689986
1814,6.21420357127491,3.205021618394128
1815,1.8897413142476374,3.1052894121530663
1816,213.3131036901379,70.67853257528445
1817,14.085649477431703,32.68621833999003
1818,0.33124143472396317,0.602001715454511
1819,5.07792233656097,19.281065207968876
1820,229.6724761013398,207.94582006811305
1821,12.736451965287387,28.36946614382715
1822,34.46866816801335,31.269246611550866
1823,35.91706643933079,85.40900298946178
1824,37.851205608252315,307.75747557194336
1825,3.0770783082715534,14.478685504539765
1826,2.389807067605526,4.284652238951509
1827,2.8739676498673195,2.1239486560477756
1828,6.831884647992424,1.501948750103897
1829,11.384457610161759,73.41491972329574
1830,243.54202058293953,143.9142790525938
1831,39.66915900620155,76.42818453544825
1832,66.33790178926077,27.706643606141398
1833,2.6280697808386124,0.7049341699747653
1834,36.98126904234417,310.0762768670793
1835,7.330741873276568,5.721485185223191
1836,15.266514238887034,3.8455852427208344
1837,184.95612142804805,25.30988439005098
1838,12.076162124083432,10.18390133490213
1839,6.524654668713583,6.579453942503875
1840,2.7574937022294144,1.5981468238213026
1841,102.95694959906722,127.28297163667838
1842,6.707494816812943,6.516773024305804
1843,138.41192512349963,191.85540247858657
1844,12.708160937153917,66.54762703525195
1845,1.6769022988402977,1.515937192580128
1846,8.873909272809223,75.73418257891908
1847,41.022451086467505,371.0167389506379
1848,1.224121385291561,1.1336903431030652
1849,52.38225014207877,33.85518773711186
1850,139.3102576611397,120.36674694157603
1851,48.50000948250582,55.62857151352749
1852,262.10944123915544,38.58702191815784
1853,16.174116848947367,61.74175247396589
1854,82.5025405787042,12.876139855613562
1855,11.118191017863943,10.55083644096233
1856,42.757124833670574,27.760395758503492
1857,0.7761186259044948,1.0747387917435882
1858,5.045463922821183,0.7204572076047827
1859,16.913958151195683,18.416858389215946
1860,0.35310826910231197,1.4544656984215187
1861,20.80102087259902,20.878480187740628
1862,174.06127873019705,34.786683565976844
1863,0.15661040422722672,0.7638082680790236
1864,175.65527207286834,214.97939392666433
1865,9.717113182714003,40.34971565886879
1866,6.672819949634119,2.465548833369839
1867,117.56773935251827,150.6688807076781
1868,20.07217593199388,114.51176161447063
1869,48.06120405013327,123.76675574033351
1870,48.476151475416486,60.55199613788201
1871,253.07096667218943,74.02168387862727
1872,56.6290340610499,11.403440986388404
1873,31.222212787366473,32.22018712333853
1874,159.50878189595974,156.9290341487512
1875,163.4984720697238,243.05918002017904
1876,74.2224504987827,113.8258513300882
1877,93.68613795418894,44.36708651276231
1878,2.4929230695523694,1.3919764091567814
1879,15.388530266672118,4.870122365668458
1880,9.654429049296176,2.3002846182073986
1881,156.09046560122943,230.82718974909534
1882,16.495318853925582,131.58148173487743
1883,204.12757330917893,44.111008052041754
1884,12.198821930372453,24.9201173040722
1885,25.04038572114705,17.574342601275376
1886,4.755380526545752,0.8280727927470669
1887,8.263389701447146,21.048943993967008
1888,80.76767634761576,58.10750222012601
1889,59.34538403962597,57.119687561780836
1890,13.34227742479677,110.24156255374771
1891,3.4101855256697293,2.0334069977621576
1892,34.7111839792374,64.80062308856779
1893,45.311173755759704,302.0208363379386
1894,113.7964383374397,244.82192423554872
1895,228.56655568932092,141.81517442548505
1896,15.070828779688807,8.543148504580394
1897,12.513934449776823,22.506763551347717
1898,37.105064996749995,36.21956874026493
1899,9.403738426339364,3.9518671552406563
1900,217.90329911436254,112.00556761003381
1901,65.4553154027304,9.242311739595527
1902,51.90459863875754,81.05355643640458
1903,219.50094496175615,259.02405868284734
1904,33.542591335196484,54.50050904542248
1905,0.6490951693846692,0.6703564725805256
1906,59.8081700517554,159.9655153022203
1907,24.368339755653935,36.94221673716407
1908,43.59704255316651,51.229341293445046
1909,12.178758254525572,9.431029337223823
1910,48.76911412924987,5.811160986783732
1911,8.500999174524633,7.934522101577434
1912,71.48042217985133,82.59657859429304
1913,16.5687830336454,9.190899164659658
1914,12.52276636149644,51.699799193273584
1915,148.8694821531929,205.85008412033892
1916,13.672103582048159,21.882405988419965
1917,90.53369440795183,61.892493410393776
1918,120.14028339345175,43.07547295765128
1919,40.88150097184989,38.66406775537968
1920,1.3080705477303218,0.9597013719073655
1921,183.3567303080212,127.21801643642294
1922,6.83141232006841,12.464209622405678
1923,33.083314642886116,10.789170041528608
1924,139.13866050666306,43.95478423370713
1925,2.346379781143874,0.6197539568347296
1926,0.971768334232074,3.0515804717937156
1927,69.38026925273174,304.6148482719328
1928,32.435130397036275,100.12586915720367
1929,0.3193100006500762,0.2866246412601422
1930,23.60215036243241,76.42474426511714
1931,4.374053083038147,6.715684972843541
1932,111.50824614057076,125.84095761524055
1933,13.045147636587108,44.32227166491961
1934,1.5414366712632006,4.219821695260408
1935,9.94197739822003,15.157745460715697
1936,11.970294485070998,20.063240265295246
1937,1.4987157123178534,0.24719611070358816
1938,210.7489725465985,286.077185059842
1939,2.9062459158513527,1.8613341682177997
1940,51.39503170045522,38.800403385559235
1941,236.8062284737706,129.37143390788415
1942,103.03579764442703,13.447270060847137
1943,8.57090839526662,2.1783108627970442
1944,44.72512066745965,19.22302769048841
1945,37.71056143300969,171.5138643497226
1946,4.711071244743887,30.42570705161181
1947,4.748023272133237,6.253532227326587
1948,84.33129061652525,37.1263384367905
1949,47.97632392700708,66.64375085329135
1950,5.727546746002859,4.2276532174454555
1951,1.286143438248702,0.501786298709896
1952,19.89753014140975,25.231694224922414
1953,4.924055875206242,5.059190572034292
1954,11.65131354710628,7.569681814961674
1955,41.606336744702986,12.333946296932746
1956,3.365409016052385,1.4995739826665246
1957,135.38411725143712,24.360942391681945
1958,135.35746315203673,138.64150443041544
1959,61.109072425604374,61.391002989742596
1960,27.757578755755922,4.62493393130832
1961,10.175427259157843,6.904818523791161
1962,59.79269713809962,36.17606432286354
1963,24.107491395047905,43.96891362035019
1964,5.133474010416716,12.362001751037202
1965,46.252498090197264,20.590281149868535
1966,2.9516719979649206,21.594030108517167
1967,13.670910558071094,5.4246203336668835
1968,56.374956482504984,20.830134271651794
1969,31.32556465255812,44.81630410764634
1970,176.12022552185303,40.985697524598
1971,259.1745886543944,33.0419258206381
1972,3.784905537883213,12.835347497539923
1973,7.342594263059378,18.196419558743234
1974,11.087049807744084,1.2104663059448286
1975,213.9145176350391,62.21448110540818
1976,11.474096912105564,3.023309593532624
1977,66.76446538656307,59.143061379081374
1978,7.27164064544117,7.9555568929966665
1979,87.06310853300637,35.558166814513655
1980,17.68476692162613,59.46107496366512
1981,205.46691823017812,151.4956053491446
1982,42.35967719248435,184.58818246330972
1983,17.379297704544186,37.64335633474658
1984,16.72737347639586,12.183918015508988
1985,78.92272064124859,102.08742319550822
1986,16.89422190612641,21.0689323049894
1987,1.2344048111042834,0.590883359129239
1988,31.843827843234767,30.806907162633056
1989,70.70428920323431,22.389126786776472
1990,58.46793786010969,219.27339661487193
1991,71.19066747136331,43.79040053509534
1992,7.430750937378932,5.957695418008003
1993,150.7067158005487,34.93551914833353
1994,47.36327030626003,7.136911663219163
1995,0.5802286478984311,2.9743705737896105
1996,129.51478785687684,30.394340833772212
1997,52.1903411328141,46.69636023447511
1998,206.129201556755,166.71561910608122
1999,2.583016093984454,8.742130831385328
2000,10.782945721968067,86.57351827987434
2001,188.07248415170653,185.90156895642292
2002,31.806804643652246,65.06746249258015
2003,10.746844917226406,41.75438078392711
2004,87.17915321773498,146.28177726790364
2005,280.4060628131798,233.25252590703897
2006,70.32120909039502,206.23241139821587
2007,35.69926810724511,38.68070501183741
2008,344.69819491006825,74.69962469759207
2009,149.4830007070027,92.0436128161987
2010,33.1794101387774,20.032352516488
2011,5.312990509533222,0.6019175841697115
2012,19.89325090514148,50.013277445692005
2013,6.623120137975549,38.77803005097268
2014,5.313577923699693,3.4564926677070202
2015,1.5099946363584051,1.2930029249197916
2016,1.5281989295952685,2.05248289732248
2017,7.726662763091431,3.676370323412197
2018,33.39728812800998,26.95621612686491
2019,79.87353580932808,39.84035324686534
2020,64.59968597302817,279.322132731529
2021,21.024742414396368,3.9478215838234174
2022,16.464796606311918,21.0764121265294
2023,30.211464249887868,10.37704913933334
2024,10.160141328604814,2.0384603823946015
2025,82.13984064255463,44.28060717387693
2026,2.011130321034443,3.962949783755755
2027,107.90899113601472,107.87672019452529
2028,0.8864527520816758,1.247925746009224
2029,0.20614587821639785,0.031109885227069478
2030,39.158490211373284,99.51693776214437
2031,39.258237141668616,21.71032730625245
2032,23.02869927782778,152.66387309654738
2033,9.384947747626597,3.164155212584187
2034,16.544397723550613,18.6482178923088
2035,2.4828148663023732,0.39943774235868446
2036,14.67374215046094,41.68057748851824
2037,6.767618588261865,12.887004293387003
2038,0.7271422101150746,2.1922368534239602
2039,4.741309044819411,14.073565126638064
2040,445.6643525733624,56.41687636553553
2041,23.900932656893378,22.779825352454065
2042,18.91777508110583,68.84130868646463
2043,18.572033572621386,24.976531050605026
2044,3.334977063752974,5.818543647697398
2045,1.7408816191030485,0.27149079626421235
2046,1.0220249495770817,4.0570822005609815
2047,40.77852673132719,67.02693015060157
2048,16.622733181089338,50.57909163109502
2049,0.9527141998195396,2.4892425019846263
2050,72.0253190130111,172.08063936049174
2051,90.83257222441202,33.062905171487074
2052,11.631937497397303,5.7402090897185625
2053,12.043058778504646,7.919584895387444
2054,2.0917871252477247,0.2678278724769826
2055,1.0576398855192028,2.8340438449360876
2056,69.20580248398227,83.95813977968902
2057,5.514423990476351,3.9958003445711983
2058,12.62108040563229,43.62750037395813
2059,11.063896921487544,14.299687484697825
2060,94.15226218801786,27.502056484896713
2061,2.6904415101700607,15.28586457373152
2062,33.334507030679795,166.20771169112427
2063,3.5676639970375232,8.375981485872545
2064,7.8321434844642885,13.506600916063464
2065,4.556490281532208,6.6416806335799325
2066,146.80980412388377,58.58425466911866
2067,22.757366252948415,78.60627263962296
2068,2.067396086415771,0.9322110883070237
2069,16.21426471955885,27.4584772045422
2070,0.8399769571369529,2.479821051480052
2071,29.565703232707122,19.795451462308723
2072,57.265010833079764,65.26137109097121
2073,54.5517197096431,107.56500160706129
2074,25.929086478608287,42.58755245884383
2075,28.12879460187383,164.11412809252846
2076,12.724888437436945,49.07625536061278
2077,80.72410941795448,11.968270392957866
2078,7.243273472369104,6.271177782825036
2079,39.100481401941536,101.92702747203158
2080,2.4842970137955414,2.5688635259123265
2081,78.84411782479927,11.276914847403921
2082,42.84178821233362,83.5701001436159
2083,0.42046852982622207,0.5176406477017712
2084,190.81189561830794,292.3903156680453
2085,192.16354742327468,109.75825865178052
2086,0.7963637846046878,0.7190708511583953
2087,85.18073454648595,107.74372819951067
2088,6.915881577519499,12.932797584678486
2089,0.13472276766114,0.09733937194771314
2090,2.2112246373394795,15.663001958094862
2091,1.0680944128121994,2.070865145516991
2092,81.97962307852643,31.512795950267346
2093,89.17537598894901,232.20462524836444
2094,64.45508541057973,45.17206859352305
2095,14.325260177096954,13.513335236787388
2096,82.44145642748687,32.69551801180753
2097,149.07010571172066,34.25048464135046
2098,1.140076001681187,5.515414196487432
2099,7.142393371189291,42.6751565524673
2100,9.982684731970917,30.54390909869764
2101,12.846548765614672,9.35585570517494
2102,50.93761193890739,23.453543228129455
2103,8.639059684967801,3.1102602279619873
2104,50.22606065034774,95.16070298076123
2105,53.9721316736076,15.692131537822037
2106,143.54253226170283,87.20780336192377
2107,212.65439796796056,357.52079921053513
2108,84.82467561548869,29.2944281082241
2109,13.6291679175471,52.50973074465445
2110,451.5934609263692,66.65436121022165
2111,61.57032658015832,17.941274954285838
2112,30.18507930512439,19.230599370019238
2113,58.57772307125292,22.56711785265961
2114,1.3743024033647977,2.333468612173643
2115,10.805838020114834,4.287711240013998
2116,23.49146492380716,97.5117952231579
2117,51.78033491072583,326.62409558847503
2118,62.11788938612802,83.83360867130071
2119,60.812556958178696,56.83420643234719
2120,31.69538489233195,7.648157336382586
2121,49.49170324632281,52.074484874457234
2122,26.477211563669858,24.063200911555125
2123,63.29501013237982,79.15448422388651
2124,13.578412136931586,24.566851584088077
2125,2.0612359523918355,7.01919147472122
2126,0.45920617463323543,4.793498917967338
2127,7.075522577324008,59.17426322964073
2128,73.589998487764,187.3144070767966
2129,9.516456785147014,38.17350419789208
2130,0.7036895595121222,1.4527961522561317
2131,81.67099844528818,30.46541773343987
2132,77.61653650123394,14.820452630340352
2133,200.10767114449857,124.38300500904086
2134,29.30669169069711,64.90985690453196
2135,44.488919555405296,16.800378709510962
2136,121.21163265538334,27.21185850692395
2137,64.94322077270954,12.082783829165079
2138,20.350040453257368,31.03017583122874
2139,28.29523553195091,18.455526844022902
2140,2.183950056992757,3.219182101072852
2141,205.93873268115334,102.8389532214128
2142,13.597746413103607,20.8704543300793
2143,43.35589035664179,13.886369122809844
2144,113.31875314474168,23.834517778358936
2145,154.03422140257715,55.15993489247373
2146,34.923077340299315,49.41050487156095
2147,94.15719513386864,19.961359435099162
2148,8.884770398419061,8.677400114019989
2149,63.83454934773012,8.178379161336007
2150,43.441573021623746,10.567996443734597
2151,0.0500751255042744,0.12705644626146584
2152,362.4842483618723,82.7769616371161
2153,166.4289963037654,30.408247601309075
2154,5.2865137970839475,1.7410277131641037
2155,21.770684069531583,37.25309984431634
2156,392.37918940560326,74.07344935744415
2157,3.238618528151694,1.564307042563585
2158,9.270615642411562,9.581224804750619
2159,3.9308317095328027,1.380387726705238
2160,23.482828246019558,91.38877391787152
2161,25.511997820058696,5.285052085315039
2162,23.04859787122961,147.08884107929168
2163,20.459441244875784,7.732088334397877
2164,66.56314199265582,245.40619775693136
2165,6.735931676130908,19.290118765740353
2166,65.3550125098467,47.19426481986079
2167,7.825844332524471,12.69713082469032
2168,110.77502720759163,257.82036407771324
2169,5.989899391473882,41.40546253976379
2170,40.85096659415355,26.636872475176826
2171,108.21974668989876,32.66322794140425
2172,31.006663971833547,153.38109528123323
2173,3.786695960853082,1.4594145737815793
2174,3.329307580125602,1.7054291191117998
2175,12.85378364090926,17.9852260027563
2176,262.5789287005378,137.5894605166404
2177,5.320701592452785,1.3551506136433837
2178,35.95697517345383,15.510023009225215
2179,6.581779813314724,5.878275790193143
2180,14.980362379956105,71.92495975305602
2181,101.40108405024714,79.83876201404975
2182,59.63992861810098,28.358727480745014
2183,19.844351908765976,57.50719241589358
2184,9.247650990707323,5.46730395229476
2185,11.057111717654768,59.578061909920436
2186,50.4635491049783,36.05483909132541
2187,129.27616875907773,136.5055909715631
2188,151.39734161720102,45.01181482347826
2189,1.3240015191552166,3.3224520221069325
2190,7.944768631762932,2.483095731036464
2191,329.7729903212394,116.12720248943886
2192,4.299299077356459,5.609806033701558
2193,2.5427410598487548,10.25669427946888
2194,10.903554617731073,48.283280744690046
2195,26.757273003952566,112.69070982848893
2196,34.34579809774365,82.75355341229876
2197,15.800102257443566,31.150820884596488
2198,149.45373175229224,85.91814468949724
2199,23.43222853486965,21.689617302483057
2200,354.0836477999336,64.07535725368943
2201,72.16883790665173,19.746928098718485
2202,66.23043092389138,44.44968712598781
2203,6.144837234002898,23.24371542707875
2204,43.50214987999978,85.99361724061508
2205,0.5095025931757045,0.14101608801707366
2206,368.1507680245912,103.133017348422
2207,11.809857929078486,31.96079174752854
2208,3.1931282102668495,4.334188255335852
2209,226.22788364297202,50.12803026979192
2210,43.561467051128595,6.323838914935823
2211,18.032743011923564,31.766587427206627
2212,27.813419696447504,25.94753564711277
2213,116.53228810951353,136.31117282169996
2214,2.105031632527062,2.7228448343024994
2215,6.070078097801547,33.21265336305027
2216,39.69945575692223,12.68384776774075
2217,21.58975622945532,86.72209834570845
2218,1.4409292663893358,2.4700406009180123
2219,27.14928834987706,132.61707248136366
2220,1.7561473478497,10.634755882329525
2221,127.35146460074297,24.501979237698407
2222,0.7635184152206049,1.6534646075660815
2223,5.7381220107558075,3.4615482231497023
2224,33.29010513318123,50.00979352461663
2225,11.148525465679286,21.18536297208838
2226,3.7947058809615415,3.0119438393688873
2227,246.52694770749957,82.36746668114158
2228,87.8022740206409,217.71929212102043
2229,141.19432955700185,96.4376080846476
2230,71.85698424443393,138.86042174711832
2231,10.557865462169786,5.027352978004838
2232,151.10073623267635,33.623515374978155
2233,83.88828309977154,100.81814564312675
2234,39.0812040461214,17.086307932404896
2235,12.72140323733319,7.0144911025587575
2236,110.46921114479423,220.30948691973933
2237,56.99299004244294,46.493270113221506
2238,0.47284549382260144,2.8962474682191117
2239,55.43432546150525,93.56165193221517
2240,12.263691502912469,3.4377281764762273
2241,196.49959871089402,152.93761497350582
2242,16.479990965493652,82.19563547747367
2243,36.003673109296,31.912119679783522
2244,15.12459458671167,15.997419778214747
2245,172.4660625074938,45.80138229022246
2246,74.93514414363966,142.36458322286668
2247,35.41686036824727,47.67739041089865
2248,77.42525631940237,82.29222925840946
2249,49.02600647536454,101.50603480345328
2250,0.5611686670800493,0.16698925457339053
2251,53.366635824629284,82.7697490601714
2252,0.8741920468261757,1.6894124461121165
2253,14.638442235877857,4.291821533158938
2254,44.91904310613054,184.65711423478746
2255,117.0655008661122,76.97676710364037
2256,63.65657632839133,134.09143482469665
2257,220.30194162899033,156.03994849896554
2258,42.199629724642406,18.1159959263503
2259,19.4028676309729,10.675509331387211
2260,208.23312622874272,28.591803143385626
2261,128.7573524786587,16.150116873120634
2262,130.60913758475579,48.11271029508241
2263,0.5938418910543009,0.5048049706170635
2264,110.61038020800778,302.2183784845196
2265,1.7550681329139697,9.033350056442265
2266,17.67040502953527,6.932068415552163
2267,24.571172674762305,145.00091989440006
2268,28.39548612184009,63.99071951490197
2269,37.14153543379553,56.98274170500327
2270,1.6402159423052607,3.100704611449454
2271,7.960059148108943,28.334809241439253
2272,78.21670667321419,23.344371209792858
2273,89.14074442647635,79.49251080160016
2274,2.4463325416399666,29.684568787310646
2275,14.406335590368514,67.28015692828201
2276,12.63331066484965,6.826810399389205
2277,9.236094274818807,14.615999930586629
2278,53.2893290341139,15.459126578447457
2279,89.72686703028913,42.84577822668556
2280,15.90611956667375,53.40133247523775
2281,94.65136631892717,60.78573344315
2282,19.994193571646882,22.682267044351278
2283,81.48014284103117,60.258829969618574
2284,59.93977649519936,389.39794037211607
2285,53.78993651185918,284.09969728644614
2286,88.51538596165045,43.79511866094818
2287,70.25393514797112,57.37855688745015
2288,4.277067395607984,4.7479781846070415
2289,13.375530188921203,10.907635572992053
2290,52.86801846892783,115.41889677424275
2291,58.29387679519158,28.832801846059542
2292,46.93829746711218,22.15152043389901
2293,17.740860615809336,5.444762988251411
2294,79.59182735926437,35.425978652338245
2295,2.2521015210526607,0.585662878058262
2296,9.626201673517429,1.6068002483146815
2297,3.338642032393305,19.576416584388326
2298,214.0903548766309,32.263452677942084
2299,294.5106904403713,206.80613564097484
2300,4.732609063493172,9.027027201829025
2301,8.595413095801952,7.564731999248265
2302,10.26908474545412,23.918277874522246
2303,237.81529523877265,36.25848190223516
2304,23.881566445353933,5.452837327012205
2305,157.16217863128603,60.846672614055386
2306,0.8351508743565899,0.6094509624342777
2307,10.681625602602345,22.24042844435996
2308,243.6867882426331,37.02074887182417
2309,11.36120872376666,68.01258214685657
2310,0.5162432553970564,0.5093981774660832
2311,11.305585575423347,66.4737177172898
2312,157.14703638541252,256.18500481738425
2313,94.73320347791764,15.497524556334422
2314,22.707792364469903,10.429904131553343
2315,115.68436981021131,150.93702575727323
2316,6.260237389939169,33.50131045811039
2317,3.5901222749726376,0.45818711058753725
2318,228.67924635953062,211.66644427162106
2319,87.91120217281815,13.987293573927252
2320,19.430534471184927,3.7747288530858953
2321,1.8029765908771695,1.4377259150931092
2322,23.081041107689686,113.04445863464026
2323,124.24531808473647,51.59441354886307
2324,94.4415004685073,13.783585464001696
2325,29.310047913100497,18.558594437438998
2326,66.61707803549426,83.13242559566658
2327,97.25105545491753,226.7217581567563
2328,274.72744034548816,160.38033321846441
2329,44.893349476234604,66.22246576408368
2330,1.0345161656034791,1.0629133800982808
2331,0.13948654212329226,0.33197738809985766
2332,0.48681953606254247,3.192966917470373
2333,3.910889918194561,9.717894621744374
2334,12.16938832574749,85.71697301826295
2335,6.186849574452028,14.281197667048515
2336,13.37302665181424,3.2962785981955958
2337,28.541223069206463,39.0331786373885
2338,9.325854926906644,13.862669725308889
2339,105.67414600827092,291.7792342199921
2340,20.724089978698334,105.73884714903765
2341,125.7675319562914,216.12509887442246
2342,11.079228952416365,75.5577700954573
2343,123.49640839092005,83.9244140368226
2344,0.419505300808785,0.6184425967773531
2345,9.582302452702342,26.843431443340926
2346,34.75412525689578,264.1957045449337
2347,1.0488045293787016,0.5755426280099699
2348,11.825268609237051,11.672823407041145
2349,130.9876700482269,83.44194981662278
2350,133.4320597673483,195.96538642033846
2351,54.1601061745819,62.30924698136686
2352,1.944196605953071,2.4036455658883624
2353,0.019620033663227288,0.051935972525737895
2354,162.79000569368262,213.63120978522352
2355,2.656824705169966,5.7131522793763
2356,164.49795200756174,56.15838088062088
2357,12.099199883886165,79.23023507359899
2358,6.036962359679057,19.974782584533763
2359,70.67287857903997,18.541713475524027
2360,0.6430822424482705,0.20982781634651604
2361,45.447760446983025,19.842933299750094
2362,5.632481623654486,40.97011236924962
2363,8.828940034604665,16.01794532406301
2364,11.657920445592273,68.6164411099706
2365,0.3709212709218388,0.7606628709391445
2366,2.0509164556570543,1.6643506450022112
2367,130.54922922221658,146.77693606285703
2368,91.0083530653486,266.6117925429289
2369,104.39374235958563,59.41515415063948
2370,1.222868437497008,3.007720732362552
2371,15.585667913595362,3.0964923164855374
2372,24.505132046595246,24.081293399560924
2373,79.04405069781845,40.60895464521337
2374,13.826886548958104,31.87350861371371
2375,38.453324246331135,12.926729132535014
2376,27.92235088596396,231.81903989691932
2377,0.4638635670750675,2.3904037552397774
2378,4.8665877238957185,0.8687403829527964
2379,138.38279495193018,78.47444897743374
2380,1.5337107463308002,4.14067871003806
2381,91.40309347988841,171.78988916654626
2382,19.614084445693912,11.090347341618921
2383,46.82707187448775,85.27452667863814
2384,11.397001599749483,37.16773257628925
2385,5.47624089723065,8.307116415157793
2386,5.5902864267392,22.779980243957624
2387,196.1379218446594,191.88059225109313
2388,102.61215114096159,39.71889934098247
2389,56.639948535529996,75.29242324486093
2390,6.664772997443995,28.033829922831238
2391,3.319648613527505,5.6803995305696136
2392,162.17343352556193,137.50870834980347
2393,93.44399452333319,34.11032620008712
2394,38.38320250578027,12.483672012462577
2395,24.757214342419672,7.224031188473818
2396,5.367594528239499,15.870510375914284
2397,135.23699466654114,32.26480218818074
2398,4.64706611227944,6.5113421916980405
2399,2.0781728842000122,9.604240639732495
2400,122.77940543384655,26.16345743590372
2401,17.041425300413692,6.664750923921567
2402,6.742712664608807,7.694148649947108
2403,33.57482718799612,26.951571633657355
2404,57.51568609906181,185.5496862600666
2405,171.69092806909157,165.37959693417707
2406,185.2953778416005,36.0191780813715
2407,35.00489652840241,236.51944176093974
2408,187.0629970261552,147.90607489256115
2409,194.03888940494795,111.29392746553837
2410,10.870641223396397,17.064355390741735
2411,14.495341374906367,8.857399127392156
2412,59.46581010652897,13.053525547310567
2413,2.059555434581635,4.099451999685407
2414,135.01595886179365,150.2356631604256
2415,19.204809950997358,43.77039527447625
2416,44.42874120724602,40.795902997436755
2417,2.097978311291618,2.154535693728753
2418,246.56476308972515,158.91564144746945
2419,6.660115269626187,18.53259984595909
2420,32.22125053133985,13.142089026983102
2421,136.0481485548874,39.70408429136047
2422,32.37339369586626,8.497395531416737
2423,1.194447250433099,2.2500567379174514
2424,181.76633198976768,48.53428214299093
2425,7.2596850936340545,55.97051730710201
2426,67.5580408464885,9.531215293840813
2427,213.7650147018021,106.5696397268167
2428,11.06901209245576,77.22461250799822
2429,181.9836560012185,170.45485744203455
2430,25.075126246846562,152.43114876337816
2431,0.20343233419368634,0.8084950483765115
2432,131.05461314155065,90.6297258987335
2433,23.908384059620555,24.681347099859266
2434,207.60153650139475,229.24944060200585
2435,12.36866184992908,23.80874293877165
2436,5.685686544422435,20.477424618069005
2437,44.30548643726939,32.28361469390335
2438,32.41044710287184,14.107055059751225
2439,287.6548437660698,48.70490644819747
2440,3.2338124334386427,5.4903768365810715
2441,132.35229667813044,191.44049167100832
2442,139.34085638469918,63.652471806568386
2443,1.7936922557954456,2.780247917612006
2444,0.12710759640555902,1.168150832181222
2445,51.58653797224415,124.0089472966458
2446,25.15171147197796,32.40581782285372
2447,59.95211128479818,214.3372490905831
2448,18.49997123186165,57.994751372753655
2449,140.25434642141565,443.17919542521713
2450,192.35304871236846,134.68521540411015
2451,11.124555909480165,22.583675428831494
2452,12.344053563408739,2.0624906366562765
2453,16.445570934275423,41.41337838933018
2454,2.147211982744654,7.941782683041257
2455,46.046584949976534,32.0368786493182
2456,160.9302091665047,53.542931347931734
2457,95.29220646034378,10.811517334392066
2458,1.8809800172407367,10.049331222388998
2459,56.795699416642606,116.62844391435092
2460,131.12443520400754,66.85156000215662
2461,44.256302955916524,21.124832004204034
2462,14.17330133551828,13.003610187776147
2463,0.7450694177588739,5.95458240605854
2464,59.17428174918027,49.751843084294045
2465,94.55753715046508,92.102705922136
2466,197.24143829118316,45.51754724749834
2467,23.263128490655323,3.0328017353637757
2468,8.04910628142046,8.973839463388858
2469,2.1604117192598924,2.415901209288652
2470,1.361218556551619,9.763808474725959
2471,0.8472882885938924,0.26685570495224564
2472,221.1802627334868,237.058636681087
2473,36.94830346104628,11.466518335651857
2474,63.02513807009575,25.290021420599075
2475,27.801322107991265,13.305853205866747
2476,76.0480245966345,61.75904770618964
2477,13.567064397791516,2.5882588866679033
2478,181.53240648369973,31.24431077971834
2479,48.971104349329856,24.84423439864849
2480,39.34051590938747,22.605799755254907
2481,24.594329302512005,26.062732637501433
2482,45.42820367689101,47.33921860488482
2483,4.192118229246487,10.216522329546693
2484,44.846459067011395,7.734541952750173
2485,21.1601459428335,2.7460863364542454
2486,60.70760378899119,20.12907919740223
2487,7.831008526891466,1.3967976276891647
2488,3.065389907488541,7.069399520141709
2489,1.5877329573706502,1.5868686295787717
2490,2.701745911680116,1.4215891398857363
2491,1.7513794504741564,15.332112069462122
2492,23.596600485424997,47.818074946967116
2493,350.1037464437403,86.90303189034844
2494,24.15339034043657,19.29350198958479
2495,1.5377545936946908,3.8147510401921934
2496,37.87100760801924,135.87394000258266
2497,6.00116915272188,10.90437277126999
2498,10.00064454971635,45.25007407615926
2499,5.91899276494396,10.96660277553802
2500,9.786763566662595,16.401767451589887
2501,17.55562897254067,18.60448909395644
2502,25.73141927410283,17.051752067511632
2503,10.72258859930116,39.696946413076
2504,160.25316528788397,93.48375274674339
2505,8.520579432613767,28.730611516493195
2506,8.561393727589373,3.5433732524397756
2507,19.832325269584604,11.139236022680858
2508,439.900568701017,81.99582686861136
2509,26.195215099031344,5.191817762581979
2510,86.22304707784902,82.92765913235651
2511,0.5562195839199622,0.13764784947820285
2512,272.485249958547,126.01787981277721
2513,119.0287413253272,35.93581621069261
2514,5.267216083775671,1.3832813739156502
2515,141.96559109433144,211.745842122094
2516,11.302292019318898,63.56662812812208
2517,5.21952137290955,25.44988728047881
2518,12.394526546191697,11.157189304943024
2519,21.948468927861047,14.420437562793632
2520,1.0032097667634792,1.385327479540316
2521,4.4141875644580555,0.61789206051845
2522,7.879910658372475,4.834529809210922
2523,0.5133238629537846,2.213964827739592
2524,18.049617505209863,40.63078623811383
2525,9.957631284254475,14.760286489728724
2526,31.27728888190317,59.83955578116
2527,0.38090909566127373,0.6963556364609742
2528,2.2907816744691143,4.82661334691674
2529,48.4199065263115,43.82015124683563
2530,79.92078737654971,29.439614328542064
2531,126.02820072519083,82.64900894042843
2532,5.990456609054254,9.942990844385738
2533,19.924632731149938,6.452804821931258
2534,16.862063504738014,25.198796555686037
2535,9.300888869211331,2.7762723612420506
2536,1.1204507883288477,1.563586039646133
2537,190.32673501674674,36.2934513249034
2538,32.23828389310269,6.491881372870208
2539,1.7560943416047368,0.8462411217147751
2540,108.98927243398461,37.09827273772648
2541,257.27325579341743,31.25596755233475
2542,7.172437572712998,1.6777601420495944
2543,15.149960384518192,15.833228738413844
2544,9.903177756396609,7.33240675564691
2545,112.35995490295339,155.14528161126913
2546,29.435615291682375,123.82988812615532
2547,1.0611955892257972,0.6531172362876652
2548,9.902965731126963,2.9149354742047744
2549,17.73903149284228,90.90847383898102
2550,155.99087857542548,87.19027396480344
2551,0.5379814220081511,1.456151746363394
2552,197.24400587656052,334.46803369984366
2553,0.9939676670207214,0.6830331681210765
2554,173.3483274411239,85.77163078844568
2555,46.19206418995006,73.84730941677651
2556,203.72453138836156,184.76801569514413
2557,1.6485068532600826,3.984002021458732
2558,228.1759018996192,47.22042067414481
2559,3.6286083034206347,8.399723550504254
2560,15.391638822491522,22.79430872536809
2561,1.121963487576881,0.35830581008398155
2562,130.61941288081266,243.51603273137394
2563,19.359074829287255,32.707023112311
2564,12.259050033673473,5.42612961532798
2565,30.793002045603416,15.53761423972682
2566,9.76911957446776,1.2113277229240844
2567,258.1192548724022,102.7171052102988
2568,25.56811130952821,56.22711441583551
2569,42.339345533506496,39.42481967539925
2570,72.45786392501867,185.67037254606976
2571,55.653961005858825,193.52543336732953
2572,262.60970206719264,349.03880845801257
2573,1.829643788930372,2.6212191044151885
2574,62.210331168893156,15.156267960190482
2575,13.08441958916135,12.305492571956174
2576,23.03207003289682,24.17320800085409
2577,5.936907928849932,14.992558354982924
2578,53.83800974657395,17.112998134230516
2579,10.578161899655647,2.704943406112548
2580,20.42652039950827,55.05169535716377
2581,7.531597591416253,30.106244129659988
2582,2.8838424330534407,0.3937953254261658
2583,110.28550304287705,25.525997484631567
2584,3.563390743858738,18.99211100208365
2585,125.6328682848873,43.28240426746764
2586,215.01320649666553,121.77150124586827
2587,90.40624993876007,70.99662013951084
2588,12.487511280977813,47.58093784806737
2589,96.02968159543111,83.92805805682045
2590,5.3097165857201825,1.182969131770169
2591,59.03267064409174,11.770672505228871
2592,8.720516815355273,7.353904579795925
2593,3.834869405229229,39.95452958527937
2594,32.545130029464914,160.64229150844736
2595,144.07542164912553,82.45549033883117
2596,1.771260727203602,3.113829861987767
2597,5.72550144574897,1.6678332824517863
2598,1.9882250784943982,2.6031283427741725
2599,43.74437194016995,10.672549175825843
2600,70.54716956383598,47.66223968459153
2601,0.9614303274152087,1.9653526453923356
2602,20.03344073238549,24.834133609494327
2603,37.76711118754321,60.039443117442204
2604,11.46142687615832,4.27828954961854
2605,44.79309696160443,73.66090557740435
2606,152.4166492313254,76.74494400523643
2607,51.828374512323414,95.22187716766753
2608,9.225178054784791,18.864827199756164
2609,12.555198028866563,2.1427928465551425
2610,0.8586937304183127,0.5964125800493764
2611,12.052782730315165,33.611716805137355
2612,136.31069756725617,168.87490946497041
2613,77.9371291347877,118.40607688438871
2614,17.310953747617923,12.952842246865957
2615,64.71549457500467,28.502653618879854
2616,382.22601397487813,73.16041183471252
2617,39.6238653528262,27.727867792526197
2618,6.5161333161646695,6.0894707400833
2619,11.780461293522302,73.03874399803976
2620,71.8398362524686,165.66097681989717
2621,12.751545060603709,7.500532626470071
2622,80.32301522705984,135.28646505422492
2623,29.253253645945478,222.64650462193606
2624,4.21208907287593,13.267904711166187
2625,172.66473234697406,118.99875349221753
2626,22.97219979361232,37.50064811863458
2627,25.79445478081408,18.71360467055332
2628,21.10374754020536,46.80677260362556
2629,3.313789503654365,1.0508363769204176
2630,46.759049072670734,68.14511743356466
2631,151.70907511170185,217.25236006810732
2632,14.078194285409698,4.17021721585556
2633,11.077926842581192,1.9052403158838334
2634,78.205888253001,144.6441886850074
2635,14.50769801782426,13.56435044316145
2636,63.37957410170351,10.612289771159181
2637,9.08874209316182,24.523028218390678
2638,147.11901463660809,93.21147912278994
2639,161.00096471919923,247.99228448106805
2640,79.6499773571027,17.196036153674
2641,4.113320441443257,2.021103712414927
2642,0.13132050754496505,0.07175600019214234
2643,39.168807781798364,120.85924436360817
2644,41.948784037680916,14.444600771985975
2645,8.506547261703238,17.114960349000036
2646,43.61532225228856,31.817339609683764
2647,18.137226970151723,10.577008080777537
2648,6.172018493899326,3.6463903598982332
2649,33.182649171298436,62.36828541165663
2650,72.35406800179166,487.5373665699293
2651,38.008863828345234,5.155438553102794
2652,72.16445372689405,8.852361018137731
2653,2.7125729001619083,1.4612575030608523
2654,13.66124997904103,5.565380472164179
2655,2.669639190706875,0.9946138864736407
2656,33.14206918839219,140.54577582025607
2657,3.5104949466472553,6.007365734391136
2658,48.472992183467774,256.51549278535913
2659,54.646409590554775,212.879603813742
2660,38.81405310089078,67.56619581181026
2661,409.30993738466634,126.79141993984534
2662,13.95081201818752,28.550200071121346
2663,1.5138441902857656,1.0693526020789974
2664,1.118556913845796,0.43687112328525757
2665,53.37277841002827,243.99639677827594
2666,32.7434419201416,39.48564126183089
2667,69.25571806109768,15.9615274041857
2668,0.6954470600416462,0.9735230828200113
2669,1.4792438100815555,10.58584496783498
2670,6.253985538163953,4.664504580085291
2671,104.14231443094808,271.77273105208917
2672,73.86334795293408,32.356051497132064
2673,49.57426153401825,232.1137956153638
2674,67.90710099698686,18.304479883226026
2675,99.2322336119252,37.98119332028374
2676,0.7282576212614569,3.6444981575388327
2677,0.47959557483295145,0.861683452824055
2678,22.819386597851082,14.448207020695255
2679,12.163533284730637,5.551115151682019
2680,66.79342402234904,195.54847699956127
2681,128.44653635837864,21.27534479621866
2682,1.214276413515076,0.4798319050319103
2683,7.889773118947408,9.578417844191273
2684,1.382067001139158,2.013355136306915
2685,89.553033854332,11.695817174637483
2686,20.548873982086725,31.601434567893374
2687,110.50007412022083,159.6087735297296
2688,24.061577069958016,33.23115895160905
2689,1.4233406748086377,2.1639181846372213
2690,1.936293970679766,5.792726192202151
2691,46.363321545708466,177.18896388189057
2692,35.90909193850039,5.307456010159982
2693,14.327718920801694,5.091491503816262
2694,73.89455639896543,55.75018343624839
2695,46.07547499866496,12.835543587304034
2696,3.064559504373542,17.925244666038555
2697,16.264414079509315,47.32105822438276
2698,4.877396570796858,1.0571272843213748
2699,149.28070597466893,246.418644313659
2700,4.402982500339642,15.653609315386664
2701,94.4504685887105,36.59541249554188
2702,3.3355941767488595,0.7077674915831835
2703,6.416127500661764,11.683065681426891
2704,21.215198430798807,56.97058137767836
2705,14.50830495203793,11.646743255511224
2706,2.265358727940602,16.54210727792602
2707,170.9060742009815,34.66340483804004
2708,8.266215186851385,1.0747875936890159
2709,60.251831960718256,60.23560739909664
2710,110.60055600691429,31.82188166578642
2711,63.72573119371996,162.55605870509362
2712,148.72886308016177,97.90613127536035
2713,103.46863696760204,138.55752780039504
2714,6.665351223251305,4.838262405353404
2715,4.925860396091716,15.851585769710724
2716,0.675148077494399,0.8877857839049351
2717,162.62354985553736,32.240929364037186
2718,247.00823712059304,104.73833019638965
2719,95.3837968068165,47.574309007037
2720,8.381525396625069,20.08204482102343
2721,57.09572360300168,12.812667686610466
2722,62.67358936293874,44.639445868936285
2723,47.35281848336583,55.90318642548435
2724,81.35860296708337,67.53738375180394
2725,16.954197061138473,67.05020055336034
2726,138.44833008214908,107.48561833589082
2727,240.03860191479458,27.556818815618254
2728,0.05326006650822701,0.04055221300335776
2729,0.5082560847396136,3.440544515281605
2730,76.56048479464447,53.46371342155754
2731,11.502376489650999,9.954085410728036
2732,11.537396606949503,48.029891530244356
2733,4.394261172381233,0.716473695024708
2734,28.324183242953268,49.20971381315651
2735,247.4854702699633,127.0652134128419
2736,51.018680431692054,26.273142255258534
2737,107.27546533455953,21.192687783368584
2738,2.277493245253572,10.661691500782062
2739,85.50173620594626,84.8846501914305
2740,7.006707181154498,8.579477530221379
2741,127.53168506815993,104.69854314132266
2742,7.083560395067158,5.470052981280023
2743,46.68057856109276,191.12436471025362
2744,18.30552328473675,73.26129756617941
2745,2.207234349529399,11.726123272689428
2746,54.86920632185446,106.94746625950613
2747,11.830325287836216,1.799732122014965
2748,161.2940632837565,89.51489590858003
2749,2.4347800670061126,4.049576492179981
2750,142.20318553759716,54.12928336371371
2751,0.9089736486953317,1.4837265693317625
2752,249.76722326161288,135.58004889534786
2753,93.28178099828611,99.2574064636691
2754,157.53743662224744,58.958287111100155
2755,26.56749719086721,61.183065664217494
2756,92.93846291529553,249.32093359133336
2757,68.17310110373954,29.80706834144518
2758,72.31442807868765,85.84020853334712
2759,87.86668626415944,49.32885662556787
2760,0.8779447488729635,2.23653513639037
2761,7.558347712721634,2.6870538303449876
2762,17.461467871842494,141.84494026391818
2763,12.168653294959165,95.67685378249466
2764,317.65355032578293,57.58380295993486
2765,69.03917227014298,242.91880098828796
2766,1.402216800418469,12.458392760919109
2767,5.984636323275537,16.233749040377795
2768,6.663372853001981,5.3044694493505045
2769,32.01227749250295,27.40303665923944
2770,17.928128576159946,9.220101677242743
2771,53.91157252735408,14.605119482210359
2772,51.446522135939446,21.521528746245984
2773,1.084041605678564,4.7048913554741585
2774,225.18023776727225,184.43230118035692
2775,0.1398544825200212,0.19661896692234826
2776,79.27317468893925,132.1411859302873
2777,23.432052501325312,116.76920819143957
2778,22.344320482412428,3.6131163868361926
2779,21.272683837754823,40.18581248817858
2780,26.403968861034176,164.89880807042042
2781,43.15502017714568,16.44298879960938
2782,9.142903057778975,15.781831926415673
2783,37.20187120655673,51.39821727719403
2784,33.2704894374909,72.8465459660819
2785,40.84043151321686,20.85563466710607
2786,27.922813573488476,70.16786773064625
2787,15.268809982950124,7.111575958985234
2788,47.90314186768529,29.293481384313075
2789,18.225456408666627,4.205441427708738
2790,0.46453663036592197,0.44510051633697356
2791,10.454778036034437,2.4245527727459564
2792,13.949162634805871,25.23630487636134
2793,90.32750832932518,25.838688917491393
2794,4.450450785751412,1.157449353226176
2795,1.3376147187154723,0.6854216563384636
2796,4.872859302368479,0.2953331161901639
2797,30.74214623704473,19.260656990031944
2798,14.372206748273685,16.45185377438517
2799,15.833739201062377,8.843225351876361
2800,34.30787937213668,112.15894260162752
2801,129.29855577029304,20.96302326514176
2802,16.674294861330512,21.004279683518593
2803,2.2367796638668764,8.193443518924434
2804,218.2260923705935,353.76560743597815
2805,341.04467755155275,105.89272723113658
2806,34.50767530738162,21.0538336669288
2807,77.07213344671578,152.4688273129716
2808,21.99869409911222,6.180395338389607
2809,126.90131558540112,27.68461891922779
2810,28.868953239290374,100.81675465870116
2811,40.71232285927564,33.47424975693216
2812,15.33212696970098,35.88582018099025
2813,20.93601642968234,31.267748507455533
2814,5.73520659540729,0.8539543316450997
2815,325.71151455760537,237.42599993638188
2816,7.56938470369051,1.7352356279343095
2817,29.096274251039365,4.333152141353715
2818,4.212486253346468,3.726494138721219
2819,66.9149239174586,56.75083908990911
2820,217.5593578659074,151.89301103191312
2821,4.988039208193509,25.094925565618517
2822,10.963912143545414,34.68659549349283
2823,49.125931970006704,92.44037422615283
2824,91.61540506313874,223.23240516674775
2825,0.38919297841060607,1.7554740215235678
2826,54.016804997554495,17.77238009808945
2827,0.5475898341730696,1.7999636853881245
2828,0.9641195332254897,2.1585737706195647
2829,4.374350920906354,6.620892228038704
2830,8.581799731505376,8.002301252896192
2831,9.785758039157557,22.24784073819914
2832,18.55847148629168,63.25087227004422
2833,149.9195560540079,114.44884357420538
2834,26.003968055654287,39.33415609787292
2835,2.40094286494765,14.639290184935506
2836,2.2233305511843033,12.642352302471082
2837,46.65159894975561,334.10420802440956
2838,9.161568427788438,38.30529201202863
2839,0.8121845267469061,7.353636161575258
2840,88.9790486620997,226.56659733673473
2841,124.99696685616252,23.481566772511304
2842,31.30084787954186,213.74926035477068
2843,17.856918096358857,37.93095907953814
2844,62.252100824773564,31.45836874898476
2845,36.8825380047725,12.480274445201031
2846,97.10862028890993,173.24267548780767
2847,83.80167993378468,158.56249599748583
2848,208.02472660666936,61.70289838424754
2849,15.893257350156018,9.11728069034554
2850,61.85630959779676,14.544448491189339
2851,4.886567670876337,16.703842313885644
2852,158.51499326232303,49.45206171378004
2853,32.793518350273104,236.0927890082399
2854,14.161566504533734,22.320601553870873
2855,5.1390313461290535,6.623036891216498
2856,58.671083919492276,214.0260904265424
2857,155.84345540723012,249.69256944782717
2858,5.104624200926386,4.846400197326761
2859,15.805317389461592,6.427110610433243
2860,5.528511715941188,3.552084980104938
2861,71.7081422664245,175.24248518815637
2862,21.959161814723277,4.220050595195265
2863,61.36221006355123,30.39678067471236
2864,7.217866788495369,21.083411243639265
2865,3.49286387785165,1.2209388506304213
2866,63.409497369207344,89.87301617328541
2867,3.746844501347924,2.5574169554528434
2868,79.71339349057085,61.22417045126599
2869,32.17803979667816,30.119132378621725
2870,157.0228565940726,99.23409355804627
2871,124.34764833664285,152.75331416939136
2872,172.44913180422057,28.871445494521762
2873,104.96863735904911,95.36447130920233
2874,91.7578529403742,35.82592936472301
2875,19.06766693677759,59.99066674141248
2876,10.884407682673475,34.12409164611444
2877,5.7301599551479585,2.79312855585434
2878,18.287694500712213,76.22461482291416
2879,40.548430845238734,49.887548495237404
2880,99.04421949570141,48.07141136929322
2881,26.361647149600806,28.2361993546311
2882,1.6270685877391335,0.3783195248281749
2883,19.727891005585747,8.263065362386653
2884,128.70796852384515,116.63585587176702
2885,12.055738657665044,97.81982714574698
2886,92.84939547191257,96.48462553013654
2887,143.43565982758346,91.6429334830161
2888,0.2667060855565666,0.49189818413660613
2889,1.6438245528398274,1.433136053591599
2890,26.298781897630793,4.936070544026423
2891,30.799888977841402,7.846924729479286
2892,6.381537263275981,6.354541733280182
2893,16.148195743869618,6.469231854439901
2894,17.014505824739743,74.87218898528332
2895,0.6083067002843965,0.10481860931599629
2896,25.771975332388735,39.7268106397559
2897,142.77667589176787,143.1627716653869
2898,23.001069567118932,28.736991139269552
2899,68.7384085674487,12.205020192332622
2900,3.6947280708786647,7.055250674684022
2901,57.71079186946421,125.29551589843135
2902,2.9389163248052648,2.7440599455553065
2903,36.6858464914574,21.073265012061714
2904,9.527400046173272,76.26479503340417
2905,69.94162510722076,231.25734673746666
2906,1.0011950822229176,7.333240418425983
2907,28.827106345106877,66.31907304340854
2908,160.9003531068687,123.79577341576699
2909,21.648071217217325,12.318228269431827
2910,4.089381549466336,13.856377783169085
2911,69.58141959880017,76.27404265487809
2912,19.823830411972455,3.752582929112267
2913,7.658700833275377,30.415628898786224
2914,4.942287798476509,6.547473737436615
2915,41.254752775901075,86.32157110398981
2916,20.76994175425647,2.5011049039467883
2917,114.5978448474673,422.2888476893704
2918,99.47940356747941,75.85853442484665
2919,294.4726191836884,51.19247035493813
2920,12.25414198865868,10.928844436637783
2921,34.27751360144542,32.97220069734568
2922,192.97938773718647,20.772516759036836
2923,51.26560400007668,36.971511229151716
2924,39.54909848582627,19.84009291537771
2925,61.042135728466576,30.005708224291382
2926,157.2191891191066,29.96448924183478
2927,79.14598015756411,48.168364911981456
2928,134.53870156238827,26.940185428840326
2929,0.7273289659025257,1.8703987002670432
2930,21.320108115090505,19.28423855685386
2931,157.90664210906448,236.77865081494681
2932,48.114815970613584,377.2783042715603
2933,22.690568026978696,204.19121209343297
2934,70.60540318663314,36.792597298226205
2935,1.1270557519697795,2.4984927870302145
2936,16.955222511336128,13.762181524261797
2937,165.43913566932602,70.12703984672697
2938,24.231078277279966,11.214227895920917
2939,42.37918044194564,25.958099029121293
2940,3.4385122938140027,1.646065332617901
2941,10.349766031282536,4.2542434352849865
2942,32.20250593884503,44.993860559973584
2943,106.44012706090037,21.356168267400676
2944,34.109917009041176,22.075448166199273
2945,6.084323144019365,4.153385322324525
2946,16.25374107327916,154.7559227800894
2947,10.159764039398775,11.05188314779438
2948,10.549444876122244,23.846765132065908
2949,162.30908070206505,120.77313291635038
2950,15.577274682897702,26.907712990770897
2951,29.354198590519275,19.820869445705686
2952,14.645511174535947,11.77071443808062
2953,24.65490854745787,20.990632949226494
2954,13.444796321705958,11.505359180032633
2955,6.611808295736402,5.324822771768658
2956,250.20659366227045,32.56858659952667
2957,1.8416728015638042,14.667516936612817
2958,82.19470352254825,105.61563505326039
2959,43.807922390436204,9.086640212074977
2960,171.3095179951884,79.42677159206247
2961,60.93516271151021,36.49876796476516
2962,162.48404021710988,68.30169354155842
2963,4.53585136552687,7.838855201214294
2964,3.094850763789288,4.413955113358541
2965,99.52702706776307,12.920831393617364
2966,396.7656992653473,116.77324262199116
2967,13.630232615300606,103.82538627040404
2968,115.29036526505561,247.87706013198994
2969,13.339244045917257,27.82270427617177
2970,13.801960192271252,6.874412731278753
2971,10.366438081629886,12.187253431352888
2972,300.3715046192183,92.81951582809882
2973,21.347512710656318,41.55361906118437
2974,1.2252905301895962,6.329992674099109
2975,8.436957381962072,19.317814548639063
2976,7.9097370065699035,44.30609490583837
2977,69.85345149266803,13.544334955888134
2978,8.959062363272327,4.004668523394708
2979,165.92461384539249,33.01488490645459
2980,28.738227139873327,52.68972854486093
2981,1.1199724325026674,0.7001487853878454
2982,5.127751808302071,5.279145498992839
2983,272.6396767063809,184.58855962343532
2984,107.10998175476647,78.5481242047218
2985,0.307236105131129,0.027517037413131162
2986,22.66715202856205,32.46169435970946
2987,13.037119456320973,10.276610637789194
2988,0.019224667003278295,0.002442331020147681
2989,4.419214983786708,4.2532123106853
2990,27.039271963580994,58.07279935843299
2991,1.3173329183707057,0.9905921878243336
2992,118.08064229796702,26.39674307077413
2993,1.9919730706709586,11.826641631830164
2994,37.54445607213496,72.00396555031031
2995,159.65965421390382,213.58753373834236
2996,76.96588310033407,55.24756929242724
2997,0.4124143696304523,3.2624124403088954
2998,0.5336391999485244,1.121882707832546
2999,11.48371670045072,25.00122342450805
3000,0.33862868784196243,0.3463178351503453
3001,2.847174162183953,4.116740238761913
3002,54.822063629772614,45.69871371002847
3003,85.37370863986257,35.22334344188147
3004,46.7952238186844,88.25127195665681
3005,43.581735799092996,5.754911948283793
3006,19.701846681275246,12.725713722332584
3007,34.539935276739044,28.686625674636627
3008,358.77204140494433,57.20788557828371
3009,1.9759029964759607,1.6441329556929447
3010,43.8502718409318,18.912817606234437
3011,51.15620373983189,10.390889397613446
3012,4.075971773011188,15.10207485458217
3013,46.47547066356199,14.470845669895356
3014,12.939578585115651,50.939514645255066
3015,9.40792292809145,26.50122340062081
3016,200.44387310166047,37.15213999898525
3017,29.134860364319124,11.481516516273
3018,5.125845668947726,2.702598086128833
3019,20.483996669401435,63.02319695616014
3020,0.5122629613762353,3.53599673344166
3021,10.087050551593896,17.283290689234647
3022,13.363566971725474,58.49199614933315
3023,56.30044926201652,47.61648962150282
3024,19.04338898880522,76.01139374336819
3025,66.62405801298515,23.32142133623745
3026,258.197495268914,82.66333608032946
3027,25.297438372008322,15.031795331563128
3028,1.3945691993281555,1.8009181499894913
3029,132.316485058502,89.86479653955064
3030,129.04044409976842,32.96515911440059
3031,6.984773445010034,6.538835991876907
3032,9.274288317090795,12.063076537290886
3033,78.04868594780923,114.06127844562754
3034,45.790483468109045,80.07828764678285
3035,6.252169462944001,12.860597629589833
3036,37.89071681406477,116.4862368595876
3037,16.516854876864194,5.684728607338593
3038,49.21110721410459,210.01642555955988
3039,32.067284661638624,10.672608129666152
3040,38.22596397633475,48.36448877386329
3041,88.54493312669808,66.11538618121503
3042,43.991005898621516,4.253166693037861
3043,3.0997796022449107,2.2221792908274445
3044,19.38594598260714,11.086437927201139
3045,8.805713021158455,2.8622505511798733
3046,0.09047364884970799,0.23754285627967975
3047,61.56045157762486,162.49672507000093
3048,55.211481585257914,375.252833689353
3049,51.530501340124125,6.8354790210810545
3050,4.132284172061265,3.8760387276953097
3051,3.5051772653622413,0.8263088535301408
3052,4.1622428747292,1.7285022327845536
3053,5.551295636226342,21.23004650125802
3054,12.441777557910777,90.08232803884653
3055,91.40595723182233,85.62807009800683
3056,5.701293191921915,1.6936031382839727
3057,54.395115840922394,149.53835188004697
3058,428.1861100990317,51.63219209401307
3059,5.331133938433507,17.182856251549584
3060,9.411857712356031,39.562555901579515
3061,2.6710871161792853,7.039067719727088
3062,19.061443601725777,90.43914240227303
3063,5.131572162176438,15.902285831020347
3064,5.72929937200099,10.45472337391967
3065,147.3670020648197,73.97576314618873
3066,52.74140401118099,59.56792853971228
3067,0.2861664554637453,1.606021033998707
3068,168.39710965337912,101.89172588081516
3069,5.154819849660917,1.3695977481924562
3070,155.98385016270743,99.12375741484705
3071,16.76755176198816,131.35395598196135
3072,61.35252830529142,75.87204124397672
3073,7.612730529408921,13.655217671717189
3074,1.9121167969835504,1.0868280407840336
3075,23.414414827158804,6.851641150501544
3076,5.978877802748294,12.085087115057306
3077,11.634232649195754,1.529886405170064
3078,344.6831854873418,162.57605932079838
3079,147.39855471303437,62.32694153070196
3080,70.92284818008413,8.620084183792196
3081,9.790917944082286,5.093515302078949
3082,134.24603014939214,102.55391473067128
3083,20.57540004530137,19.470111185201553
3084,65.52913078856164,75.2686361224053
3085,1.8600265661619821,3.6445454682243903
3086,35.08351532658435,15.708305472033048
3087,10.935142384251836,4.35925384038758
3088,5.515800568219627,15.405138920890654
3089,4.706442608892618,0.9061903432836431
3090,133.61729923746972,32.830547263792994
3091,93.80863480523546,27.548372949138013
3092,15.989363662859173,19.209013421949052
3093,60.35560246572351,15.813318810117217
3094,63.25966180833276,20.115023513204235
3095,70.86641901550193,42.972860253161286
3096,45.52503841233034,8.029058024032283
3097,0.9409909268840773,8.264551130463303
3098,377.72105002357716,101.4003096003442
3099,1.1928374989674384,0.6579405211562721
3100,70.43620984551981,26.827518945170905
3101,239.61312552763786,57.70940779116036
3102,17.651430132143627,14.08472756408424
3103,157.4180714513457,66.13637901699016
3104,93.41755826375798,104.16605108398828
3105,40.108839299280305,35.51412295397426
3106,12.66925135273457,16.077231831464744
3107,214.06699613952964,27.903996567798696
3108,14.262438695637046,23.001568478803712
3109,16.25456843169658,14.920729761299302
3110,19.23415940898702,44.42780689814421
3111,85.26872615446851,51.2676454997061
3112,9.759377830910642,2.7447786244164485
3113,63.60099878266639,120.86667745916807
3114,41.21263157938503,63.25338524896978
3115,272.23336336000943,126.38348303549179
3116,15.19312233693758,59.91080693044787
3117,0.11090739833152985,0.8940493695729403
3118,7.774869109764027,33.48672796363533
3119,37.21720637787183,133.04637311017422
3120,60.21848954488764,247.7371573901812
3121,104.74692859683192,32.76791605041224
3122,7.66147929465661,2.7049885324209506
3123,3.8215839549024873,8.170011732185479
3124,0.7861920681490944,5.653524337247626
3125,6.321729836651164,10.659843007039877
3126,3.3075552542485687,7.12094444633173
3127,3.6038712465221514,7.237199797223417
3128,1.0913758465983023,0.9048772913925425
3129,16.01933243761039,69.83490205108353
3130,2.3558681589328785,7.127589964672994
3131,92.36810705566603,171.53230692813779
3132,71.65569992966012,167.10055434146727
3133,74.86090068603394,11.301539655146785
3134,85.37702467313252,92.02704909738098
3135,9.927588807281758,33.73891977097906
3136,20.29221937751451,2.521478350401812
3137,21.062538454048195,3.4657934111771675
3138,38.13473323084955,35.313977985808414
3139,70.38706210477763,112.39068893643642
3140,187.91407228246533,57.19584899866036
3141,3.961981909469691,2.1212553387015953
3142,2.709584967513657,6.0218240085486325
3143,102.71319909130031,77.57343094813369
3144,8.144816453905339,7.95037586814938
3145,51.58133562293333,7.18345204831053
3146,4.170118197358473,27.144456476655304
3147,32.63701572175859,28.21961263036169
3148,79.63070385440454,39.02419358287169
3149,34.83600555394489,119.13692588852038
3150,49.542261680976225,7.422190483115964
3151,61.623844440574345,44.183939452082484
3152,0.5214704367073106,1.2658998619195065
3153,3.321003259899438,2.892565734057808
3154,20.506150110369607,40.084885506525474
3155,10.60697266398406,8.683834176092127
3156,52.9625192927468,79.91212261113016
3157,23.93266302293509,37.58567192800917
3158,36.257876657445856,141.2524743944814
3159,0.5119590444621644,2.1006387237280393
3160,1.9511101908733253,3.613352727018818
3161,48.56268104158661,222.1848878214137
3162,53.50659932106476,62.06490027841327
3163,12.382140848663772,9.158778915764218
3164,33.8731808698161,281.00545695059594
3165,47.228227651132364,59.44858061681961
3166,133.26301419200257,93.9209391303779
3167,9.838419530786844,2.9404416334790557
3168,15.866566069650782,2.502085824129357
3169,10.975247787267252,17.10767485354094
3170,36.47897018631261,6.756155740706598
3171,109.76671794220907,14.819395958044336
3172,3.6664936164583333,2.802431630560066
3173,4.396676183304235,20.675119553312552
3174,152.58432638342111,77.13741004138932
3175,132.96645017034135,128.04895937112207
3176,139.96632920918313,55.92288678160233
3177,72.41686594477841,59.846288594868994
3178,47.807096259858874,196.51694767643448
3179,409.18556408932136,74.87631327732367
3180,29.029931686716438,32.43365091803423
3181,2.5729677075736426,2.8048034272827373
3182,66.49803712751286,143.42693579344282
3183,2.0197658851737024,11.071802109853419
3184,106.05150499965076,393.4439652690529
3185,1.0602231007840321,0.6143531735350136
3186,5.422478149602657,11.439355887222492
3187,54.58300846915094,16.20337894332688
3188,471.1753727447373,113.6833793342991
3189,34.74208404956282,129.35990592521273
3190,50.35140813718431,135.43177451038935
3191,19.168853254202226,24.73606378147963
3192,88.83790804349672,32.810714469441706
3193,77.96194780018507,43.825226243333184
3194,3.33405005485238,29.13107457072411
3195,1.4613406254516257,5.264153418392071
3196,5.716564692715581,13.071450852605611
3197,23.04732536147477,34.33524446665472
3198,42.221895180936315,302.96104950969215
3199,147.74726963856264,221.00477278196084
3200,4.655817065017156,13.218818915809486
3201,53.43391230683839,84.08341351631181
3202,26.637338924850038,5.202966402565402
3203,57.67333113589005,7.104312628334078
3204,54.26751978236615,43.24697666848462
3205,9.178810043837322,29.07823428841465
3206,16.643833837295176,4.20745628327929
3207,5.772616363434889,2.7153216384443906
3208,28.364219839436142,27.674164093468747
3209,7.686799521920269,3.1503688341472764
3210,9.788327904386392,18.68905488310621
3211,16.110241308793892,2.315722609026962
3212,4.612139912905076,7.756283902773858
3213,47.71907911778881,10.987433858485005
3214,43.75021022385113,136.0675023028821
3215,15.518763254070675,123.3913628378323
3216,0.8358816695824267,3.411862977143289
3217,28.88588815391236,10.187901564080388
3218,17.87216261798522,101.36637963741215
3219,3.6009502762385943,31.265113449708235
3220,25.33698013215195,18.676323918883778
3221,72.00803533563594,7.142779855955023
3222,5.740414202672805,1.685588234057232
3223,91.10260218227992,133.88915295682585
3224,25.054517793044486,38.600453770057854
3225,264.1369895141419,93.61446053449825
3226,3.277871918899523,1.1092645695856365
3227,12.974505032268775,8.723211091237664
3228,0.41818026792479523,2.804368027724906
3229,133.61048403063893,111.29431620641961
3230,227.14874799600622,95.90072724959396
3231,2.28934403774776,2.178471168902087
3232,5.96825116920156,2.552131527409222
3233,6.430904259341621,5.454062063499844
3234,33.91412052762303,55.67118562749911
3235,61.15801749681621,15.484150734232355
3236,32.103646322921705,79.87907167615674
3237,147.61769657161167,146.25326606403652
3238,202.98714905863966,39.58522297829994
3239,278.79434439909437,60.46107393359726
3240,89.90967283586804,167.89810276288347
3241,27.30388844570698,28.031844058173377
3242,20.814183376171535,14.392298772179466
3243,91.71052350623467,157.5066645876227
3244,54.28175091312582,31.378958296496663
3245,0.413584903382201,1.5874997188678697
3246,32.28143273463976,25.010245503653845
3247,211.1736379872711,66.79190484836887
3248,3.8787943450762246,17.27873146839305
3249,3.2329962411879904,2.68511231734339
3250,11.660046185223848,8.908892669547823
3251,239.79472283998618,120.32212220817098
3252,46.30200087491193,195.27373913597177
3253,37.38910463419836,58.58575394194948
3254,12.092344844503346,37.1672703645908
3255,77.30716626543872,24.647231574229913
3256,53.86432802046752,14.239533544849424
3257,185.44824769589144,37.8306104307597
3258,3.7171855227143853,1.3594438324877753
3259,29.13538318778064,11.036934328684952
3260,57.14390039557343,59.34007018513526
3261,39.31679572851318,71.51110809008782
3262,28.570103654007976,8.069024986116817
3263,130.46155621156927,195.4412532537661
3264,19.252031511064878,11.976721174961481
3265,4.7322776380500615,1.569804585954587
3266,13.562251461021326,3.814039563653027
3267,0.8642852403014929,1.6843847639815306
3268,0.7973080547868769,2.1870665572327566
3269,30.620996515589415,79.49409752953257
3270,91.4705309550043,184.48264898330714
3271,4.418519412511407,5.983182721906601
3272,357.605403398293,80.65903058375652
3273,11.32237661713254,15.915607668637882
3274,142.74439674219823,82.31352366912063
3275,9.89425207427788,2.9689154274816776
3276,114.89142058951086,115.02635895591852
3277,2.2192225088821016,9.340776956930972
3278,9.363560754220071,3.294456484239042
3279,32.944925886445304,177.51809028968378
3280,2.585021240628552,3.5940091115091484
3281,28.834931242051354,46.89902309133645
3282,0.8264248674451768,0.928551351247565
3283,130.90483481556453,142.8516920011027
3284,22.18842443657714,75.15274299187419
3285,137.4775190541239,98.71514832544315
3286,1.245045536154054,9.86050836841325
3287,0.7639082566638242,1.0077728835566944
3288,209.78671996766795,33.83089922706184
3289,200.2137815752256,122.39628224363867
3290,34.15542484980074,6.073456099797601
3291,1.1505556399180916,1.4609855989717122
3292,3.5623000049127924,4.557551654959408
3293,91.25590353183355,10.655163458550403
3294,40.24974942380678,4.36618194341145
3295,22.85150395483299,24.420118785320984
3296,0.1236908441843827,0.20926495419411284
3297,4.886967935804989,1.5182342460086375
3298,9.788800817653305,24.859010860263766
3299,12.548121103299781,62.00391767397169
3300,39.63106465379737,43.4061140495518
3301,6.082359418661476,11.86809857352143
3302,186.46899432259704,40.43192163096528
3303,4.301344939973086,15.848945444560014
3304,59.74009945999534,23.767740843272485
3305,73.00161056551056,199.6038157628643
3306,18.28340596814,26.296541731743357
3307,2.183120182853306,2.922160590584382
3308,20.831383395538143,38.3715516143609
3309,50.16999803458796,228.0775678783441
3310,94.19522476740032,17.146769250653414
3311,5.245222525298372,11.793108234105857
3312,7.008776969145027,10.63202806071525
3313,5.799325896058981,11.303377750583836
3314,154.84434685922412,18.11416704684257
3315,2.3914866472530596,2.5196041352502205
3316,146.93385407092114,16.614829347143818
3317,11.48995924820848,3.5697907484409788
3318,3.431596574863102,0.6738339014315995
3319,0.837497387294569,3.588950250356034
3320,51.94317999260238,63.84451323390515
3321,8.578081392164606,6.307648441491678
3322,338.6448396386302,166.456527347652
3323,0.09950752369637517,0.346803907211753
3324,34.31625283162918,32.99246520376333
3325,15.143597529435883,1.979711834736415
3326,2.7974958236754617,10.59966254368042
3327,102.61940809253755,264.5528631202367
3328,12.127649577494774,70.64926180319473
3329,97.31848486298837,38.77913009623418
3330,1.441220559849022,7.6171639836244855
3331,274.3826257430488,44.215262958145686
3332,21.379667300765544,18.09070473333708
3333,11.304477180953413,26.802428138105114
3334,0.22556400909518648,0.20348479838353295
3335,84.3129017791059,41.51863951235177
3336,9.87804360427543,3.89095573949963
3337,0.7883242662636438,0.08297982390566927
3338,68.55840706876592,160.0096496026893
3339,8.699103220954004,9.03064801643606
3340,97.38677947159977,78.17471305836973
3341,10.417691722981099,36.903972314894276
3342,7.420116800602579,12.480319172348512
3343,119.74006170073001,213.95582829156933
3344,26.412134859292998,99.89891646322421
3345,72.68713012614829,195.73926494860333
3346,42.745805517581935,53.99905713706117
3347,248.11209088911812,62.10969280820121
3348,1.9638971029713104,8.485525605714544
3349,4.770181382996916,3.528692067922194
3350,3.3163523018333256,3.7009698121249546
3351,84.26029694531779,249.26955333741296
3352,102.86659953977289,49.06466972379595
3353,0.5241051202943392,0.4713393888285561
3354,14.331239596724743,81.11824788684501
3355,19.202426070526503,37.54205316670441
3356,19.772414278560266,42.89790905642437
3357,114.60943592773405,24.692041697680526
3358,159.75552059481737,23.764519580165803
3359,16.804381550372796,2.395997076689323
3360,13.034029539991671,3.0476995919731324
3361,147.8637316930249,73.25505049002703
3362,3.708153795988469,4.580535767959505
3363,226.24461541057465,76.03041131818892
3364,13.50200291309336,26.730769969114654
3365,3.901155530022686,11.11712274978684
3366,75.38976267746722,105.3886463887901
3367,2.508376004589293,7.214588773462736
3368,145.31604943660963,44.725540140769944
3369,234.0799227865591,170.69597802042455
3370,36.115382178253405,40.07017574124687
3371,108.22447185813071,67.96445208742001
3372,2.6006805167364284,8.605889126369325
3373,9.48096797342801,34.016508836848026
3374,41.25031068002608,83.36079611007905
3375,21.152234460060644,33.497367175784056
3376,323.04263727986495,114.78531420802162
3377,29.447197662479933,18.172527610426037
3378,3.7334165960422636,17.860334516134262
3379,7.457035550489426,2.323438313992387
3380,39.287852541194134,51.633074479135736
3381,114.96070041401109,106.28649324457707
3382,85.83473353935103,17.034267407086745
3383,37.79222471047398,7.772130100757906
3384,5.597733744585653,14.80327447632047
3385,102.35519677012734,170.13799965372812
3386,55.9760183764421,201.66541720467177
3387,46.10801794791557,86.21809043044172
3388,195.14447505588942,168.83436806441534
3389,37.34906466322001,169.12654071771993
3390,29.644591888032803,188.42681655173396
3391,1.0348054322498643,13.257582022036056
3392,25.975132738250768,12.611415148089648
3393,17.842555883171663,50.94792906083974
3394,34.552735189507615,39.21488055303893
3395,51.46482945894535,212.6544566307112
3396,0.38460770492308827,2.223402563907812
3397,35.48143740338703,57.2867927211132
3398,300.96053021553405,117.24625857601464
3399,409.9157672292072,60.476440370854704
3400,325.66413335805703,282.5106094763684
3401,154.552534099225,30.03032471738192
3402,29.258021486885855,32.97805442297288
3403,36.29485010330289,54.80789224316432
3404,23.18064450297539,62.87538854641637
3405,8.831643763265351,9.43620186547442
3406,1.8941191664907033,0.7778944501233659
3407,44.777699479356805,69.35644227331379
3408,6.4297835365822475,18.587396424967054
3409,10.462490335376144,37.44044372104296
3410,30.653260804645253,105.15441225968775
3411,99.5383954436929,32.612839566700664
3412,6.483768449922986,0.5446346829271423
3413,0.8564754540729342,0.6475205610564949
3414,190.46025776560984,28.636997830335794
3415,21.977494217258315,150.51742983689968
3416,84.22875466129854,43.91537080681522
3417,21.53329552835204,16.88790276527574
3418,6.882083328869427,40.00315590150537
3419,43.439834857745986,84.50062844660559
3420,37.24135375834335,16.304523590728607
3421,155.36584032756238,73.07733569509632
3422,109.74417016810408,112.42353360382593
3423,22.943603368103577,91.31113489872696
3424,111.59992628869493,31.200735408737412
3425,45.118091222831495,76.75800795306813
3426,116.59920727972155,20.551610312505215
3427,59.80830418263089,30.361622639595346
3428,1.0403051837473487,3.745538346249651
3429,185.2332209131197,104.89181613847268
3430,2.4346048570663203,4.86998471652274
3431,18.201358520726483,27.388444799723917
3432,6.163746577191713,0.6977995490988183
3433,38.93599581098613,74.7668009189067
3434,2.5996077272899925,4.201732327615888
3435,4.069928089444156,3.086310683165787
3436,127.28935005378469,20.889396773942394
3437,36.47768063752382,208.1043866285754
3438,58.3328234558052,159.26023114286278
3439,17.31522146918626,39.94248073004913
3440,3.9593619259907618,13.998784536523416
3441,3.712631039649742,1.882480289353193
3442,20.884068808520095,6.838139057777531
3443,106.84629256950998,143.223366953638
3444,10.114888691434198,11.438504332624529
3445,155.78275848845539,431.9790592919346
3446,3.760203655795263,2.316263536879924
3447,130.74902742389153,55.84687210561721
3448,16.563540569274117,26.591442289000483
3449,23.670005340458886,149.4513923594101
3450,30.209794879786827,52.1476376180825
3451,106.21023274266295,13.951084513601664
3452,0.13149327728963223,0.34552931725431146
3453,86.23981370356434,108.87360496442288
3454,19.383112840683225,38.746467745304436
3455,80.4065138706741,63.17373438741943
3456,105.79523582578298,25.96458880591169
3457,1.668171707440176,5.8165428895314
3458,0.3835700889486813,0.04970825240874854
3459,0.41136995029709533,0.8851396544664287
3460,209.55124513241057,153.35156918509438
3461,51.27885505279503,32.53832745709721
3462,0.5796988453720888,0.718976187537113
3463,22.140678908622203,92.57768209412318
3464,173.86472266513806,158.7364200005203
3465,65.05843403632244,29.16136004239055
3466,14.902532509021631,16.770584578909208
3467,234.13726743868898,104.8710536543089
3468,0.8663675303265284,0.6649856433989858
3469,10.85298270181061,7.676710306547561
3470,4.064203133681458,1.5598602412634062
3471,5.130117530596346,9.642843699880816
3472,60.50545154794197,290.9574777851153
3473,23.733115008794,27.341711346135497
3474,44.104723848572746,27.453152315724566
3475,98.48953417910187,162.63226622135406
3476,5.439094064195743,6.240399909756762
3477,97.77996514882886,15.257144914927254
3478,22.49083039605929,7.806873416139208
3479,5.004232288205383,0.9747390580945351
3480,13.323556345212843,7.187055632299593
3481,9.099473011602358,29.78562750074838
3482,106.48310327371672,14.163205968760069
3483,15.71404893262546,63.868196521950566
3484,32.736383829070526,12.736401119606363
3485,16.376301762356434,28.370356574720475
3486,31.907794877507218,265.42261585584833
3487,10.0325934735403,38.00250755358374
3488,37.15357509727201,39.04986011682749
3489,74.32288370406835,19.43801510268606
3490,12.422136985409312,4.403493281125783
3491,71.07679581289388,42.301678883954835
3492,25.558672887582603,5.58173475170466
3493,7.910694290684754,28.703819850555625
3494,18.020383066641433,9.067999771235284
3495,73.71185561713511,10.326248948568132
3496,18.866892433662642,58.80868958361144
3497,20.122138725432883,77.34844122080214
3498,48.93413548408352,87.22982776683186
3499,9.663963368780676,55.29683501815446
3500,67.04323154236064,8.09065191685208
3501,33.00707035871316,48.60573587678946
3502,36.91948248209255,36.32957602397294
3503,31.906986987070038,44.92494160443013
3504,50.09313863291024,16.54236376532228
3505,29.460519262902736,18.722789926188085
3506,29.396452875377843,101.39645710765673
3507,8.918552713244033,7.745951417512789
3508,28.199688250118726,52.831782414423344
3509,4.937326982725607,1.1598739624993268
3510,8.03292310607842,6.205395538112905
3511,10.514271173896642,33.92975531688495
3512,5.862563811747851,6.009978366181769
3513,94.28719712460786,23.696571607665078
3514,18.685297633064078,54.67779982977581
3515,9.083700285785053,21.306967811353104
3516,3.7538458208130763,3.475345272189775
3517,8.705130721361522,27.299887452716245
3518,36.155503164816174,201.75042093088007
3519,6.031017510006281,8.194170843616085
3520,15.385278050488845,57.087508955780336
3521,12.031398735670393,5.577566555364765
3522,130.5196730291379,83.05020834758255
3523,34.26718480743363,25.990872138813454
3524,0.22022013757354575,1.2818649590745301
3525,5.7717086181596855,15.442169917160903
3526,2.456788097677663,10.044015945543695
3527,28.72020308036004,57.791312715929685
3528,138.73105779995396,33.21660953880397
3529,3.8189831208043223,6.66993880939452
3530,45.80529011929248,17.650462528854934
3531,2.7768509786812623,14.104649848466291
3532,68.43973851584323,326.53743280103134
3533,2.1614699357406773,8.03939168815877
3534,39.512412701810426,64.57965767313158
3535,17.098356753056287,39.055262885780586
3536,10.305785672543468,3.366916651353383
3537,10.99205414189981,9.574890672892037
3538,242.75792727742862,80.89333696206432
3539,0.5120435966449357,1.6490713131247232
3540,2.4358635961436947,2.1703625909967763
3541,8.460629236897606,1.938686100618746
3542,57.58848836218596,12.349102046829948
3543,41.51777418092524,32.803186850871015
3544,98.40291740288822,34.34080258754543
3545,4.066728264024209,0.5809483399462639
3546,21.236887051132285,10.882958253957463
3547,1.8811702538964157,4.546219305177741
3548,205.09105286646405,244.21722906057425
3549,56.37209140245263,76.96233291280488
3550,32.52663414904749,34.103214431904625
3551,23.89330533117737,16.421023300175577
3552,90.0172975104253,62.05252703240136
3553,48.53305837475447,40.075903935373205
3554,89.3138768006477,166.3572506011945
3555,5.269336825395115,48.64762243251471
3556,185.671581786849,119.00455503057375
3557,9.539215144182219,13.020213273362563
3558,9.859162920193414,30.916442380936264
3559,104.17429950066311,33.931977475342975
3560,69.16403739287233,274.6593423862983
3561,6.595845991072063,22.941447390480505
3562,0.17154767956099293,0.9161287828070226
3563,152.22795751823247,22.58270844263909
3564,85.01260374731368,29.13053452726013
3565,1.562256779461784,7.411814690305008
3566,10.480724625273515,52.525742337295
3567,49.326743982024645,15.475850129671745
3568,177.16353343353754,89.9964053058585
3569,18.74336576119452,48.68059879956559
3570,7.738729158273759,17.141575312721077
3571,3.3578067148654718,3.9157785397766895
3572,4.697561092151574,0.7993406427488848
3573,134.48921680479862,90.41255651276184
3574,4.253481708734462,6.070572893848311
3575,24.873382287951593,185.5587175546084
3576,170.157640939376,35.28780092563596
3577,9.049797091631797,23.84573843633872
3578,50.03758861807065,102.36336691891562
3579,179.67867520743113,85.90765846566978
3580,29.808853672536372,157.27804356043083
3581,21.335140815825596,29.918075842453913
3582,19.494668033458648,2.9367493650230294
3583,5.134677174390923,1.5446675877080638
3584,48.048943395736025,28.445578923879133
3585,3.8566818337181097,3.1853451458274407
3586,4.353874231150754,16.284936536693515
3587,41.02684471564233,262.7505050031034
3588,16.099740401599938,31.294409230491016
3589,125.95710395165577,46.44846612429779
3590,73.69163792642553,171.80266175083722
3591,24.058385260016895,2.7367440981939537
3592,108.29693503753364,242.31524702385744
3593,0.960863769876311,0.3246863396077315
3594,2.0930313452086224,9.877376073750934
3595,70.41876104913158,35.7726871482389
3596,60.961020587083084,28.296174332770924
3597,33.49357527921895,15.038780453091226
3598,12.503134163972343,4.1188430873477495
3599,10.46667839536751,7.253555674198019
3600,8.06322017964312,9.548090697835121
3601,105.03625566486907,243.46419416494453
3602,44.546556879271414,329.9737898592911
3603,87.79713664798561,108.74849139763326
3604,66.80192541527242,54.92244489810466
3605,71.71596763710768,21.665890720043915
3606,73.50707335402177,20.050466580823745
3607,1.83051063947315,7.127356940460658
3608,197.0350126538701,72.49194666890425
3609,38.35305806976134,60.610238461597746
3610,0.7457653747934818,3.2360721690118845
3611,23.523333187350765,124.48228020662879
3612,36.68180131145166,118.64282254601147
3613,118.47051946522762,156.26514745099504
3614,6.314171731369656,13.425565279582242
3615,47.423428716584546,16.53459876555179
3616,57.53014984471324,10.64215668570979
3617,23.103272112095045,9.521096204889181
3618,277.01938725224625,36.30021993790989
3619,55.31415245762579,195.28054391715946
3620,70.80574395903238,55.34866016811118
3621,19.531460481573944,107.02148615931665
3622,2.3119588203282104,8.099411815449285
3623,2.2091328397639556,7.169725265604468
3624,103.65007349439357,177.639478658489
3625,72.40819189968911,48.23768615159985
3626,36.81159057982187,56.91208700486319
3627,284.19918693705506,153.49712770120894
3628,0.3957441434411866,0.317600033782213
3629,7.86729709180503,12.584235048891564
3630,64.20601488708266,32.96600246546508
3631,84.02178882767095,62.565172344324516
3632,52.31853604937937,43.06085365305456
3633,114.26462366407225,226.8225958603847
3634,58.81002353584483,21.585225922142087
3635,122.51510477791746,58.761112064249005
3636,39.763225034781634,5.5539588881343
3637,102.06164082612847,27.08666324417021
3638,17.828858046049163,88.99314078102606
3639,91.9015611588991,168.21406466560117
3640,159.6159480773123,190.18014021342714
3641,3.5290423103842743,11.835009177750113
3642,32.86290277651168,82.91351299758989
3643,3.019542944802353,11.628089697308946
3644,2.357770069628504,7.4998174359182
3645,183.34153881533024,106.56340490637403
3646,41.48928916905503,132.17915280549977
3647,46.53592991162441,19.09810503955748
3648,25.65178493216825,96.67641248960456
3649,5.429302399611877,19.42019115868035
3650,76.08947377984074,13.64621584220565
3651,31.340742908046025,20.783746371121186
3652,31.337973638832388,50.32414843535347
3653,121.50431230381648,122.29536671524318
3654,26.518475961600572,25.121853377722168
3655,37.47397179381754,21.49022155789849
3656,70.18757996463665,141.29496135862982
3657,83.96530483661115,335.1771986372569
3658,4.748489825193695,20.355041665556932
3659,3.5144040724433747,10.572812528805699
3660,5.702046622364016,38.24329257257002
3661,22.92035118796036,164.48632332179025
3662,68.35409340911976,25.094767777419502
3663,0.9475151091209042,0.34665116165646215
3664,60.739318393999184,267.46857176722904
3665,112.79083171379469,59.258130446829576
3666,272.8248118898682,64.22062374007616
3667,2.0185962869153395,1.472641798171897
3668,24.06107899298404,25.74904731414777
3669,0.17504722064842393,0.024160040734671373
3670,0.8255204554627809,0.6972625314524351
3671,41.69526317722007,50.87584486212462
3672,224.58620066537298,140.68135930698287
3673,100.64036466939328,12.65798290558399
3674,110.47610552632844,57.09362074559115
3675,37.25971457157421,40.78721093449952
3676,170.19206151014765,73.52191544154707
3677,0.6341341553788244,1.29105236713411
3678,95.09839280693576,46.54587213988049
3679,18.47471100297882,42.72238996817113
3680,6.133605662564511,7.500802969850721
3681,1.8533178380224038,9.10362279093908
3682,59.83670003840085,33.46609401486065
3683,63.6974896342055,42.61796237767551
3684,21.520651782126095,5.812578029840998
3685,3.9801350839105933,11.384258786442192
3686,183.01858488778663,87.57364494171435
3687,9.937933220027922,11.88931438248676
3688,41.24358236481282,53.8747760462909
3689,45.26130853027268,42.96187473526415
3690,21.02215921111655,151.70671092070998
3691,135.65573766837312,77.92873763487917
3692,89.58906582459682,445.1163237261077
3693,263.0007129975137,34.33759480796857
3694,9.000427107454387,5.420695899822483
3695,6.651327142359776,2.2184981160112263
3696,5.683726469477849,5.5806824028228394
3697,6.59416482652662,43.716375029971175
3698,5.279462179524843,29.940625421521098
3699,42.24276245492327,14.182921499317018
3700,42.341657849418695,27.784899226063462
3701,82.36670760510988,41.57891958628833
3702,0.298045890130461,0.11953625504832321
3703,6.288733874015249,4.881696817908814
3704,10.607781278714473,10.816423413228033
3705,11.823141581755705,6.246436029315684
3706,7.115739527734642,10.777177000317078
3707,59.30924692682562,146.42001271519726
3708,89.59744479159187,40.04716835150977
3709,62.63671814481825,122.22271725349094
3710,24.82251268911444,49.18103905918256
3711,30.801168240583994,12.335914936937904
3712,1.926156202076105,13.986161864524528
3713,16.115558756038997,12.390121794511542
3714,8.03684326013597,26.2793796858709
3715,2.3547347871960387,19.207404491175225
3716,154.00503626921625,83.11594404845509
3717,0.6824376587855889,5.0759865802728195
3718,86.85524211567959,108.45259758737869
3719,39.48210474712275,8.91374729889813
3720,7.295145569642649,5.060616491554321
3721,9.905341885513534,4.0060835706149085
3722,3.1270897471147148,1.872117587042315
3723,8.335566577267812,61.8060590043518
3724,30.714208161949948,7.351498701361802
3725,50.1479175261843,53.29890409512305
3726,10.405027468323711,36.021643470971966
3727,18.532333729956626,17.73557101748663
3728,2.035616708694107,1.3551211325395887
3729,5.5425758473542945,5.396356877093065
3730,4.7385800638683895,6.377409850149349
3731,44.973661036529286,37.200966390683384
3732,16.005667646095947,61.91299015153633
3733,2.319174982648057,12.54584797707987
3734,22.309389978110524,175.8865941281881
3735,0.2725664506613914,0.2677065107271348
3736,73.72371527870241,174.3628974574766
3737,30.238810628679698,9.206811926660947
3738,23.688025458901183,9.25203029434997
3739,130.06127594229062,17.04357774104299
3740,1.3558356166211607,1.3537459252062232
3741,6.381293781711367,0.9526069454901294
3742,224.3973070897989,89.81710218961459
3743,41.169302140353935,83.25513628415214
3744,40.179751094694524,30.242924701597026
3745,30.105969437368948,3.9211313500894613
3746,138.10350381981695,212.2597971002263
3747,0.31637482490220936,1.1048477042735303
3748,3.0223946310578547,1.5305603851893232
3749,64.85228664007067,15.048396920135804
3750,33.0574551361785,23.889180160189625
3751,11.743342073694206,28.06464525038672
3752,1.5336648582460628,7.361100402401633
3753,8.35887958805937,13.433666856216654
3754,21.984836703812988,8.896830653437277
3755,8.254902643065241,25.479044051605833
3756,1.5773476341326655,2.0054120333422194
3757,245.85186248392694,81.0444495289152
3758,1.3221020262704255,1.568289150801435
3759,33.995666441183026,115.5426834965759
3760,226.05652185331135,72.1054682867907
3761,1.8290320761180126,0.8401339762792931
3762,20.33336543019772,18.001714632106832
3763,28.216767192915327,107.32683582022594
3764,80.08472040858845,53.38527771794622
3765,84.30288316909622,205.2955927891154
3766,64.99596360151524,88.76775240135959
3767,51.057934281524965,143.100941875254
3768,8.638245141432423,3.8108039651441064
3769,147.99064574147786,74.31344537695911
3770,14.948091885716705,42.27842060721893
3771,199.4879583276566,234.65383538655038
3772,8.075964689237539,15.707473289570377
3773,31.527187186609027,153.24174368996933
3774,48.40210703778955,50.418819559177855
3775,224.63362731684458,48.83168127086014
3776,44.75652508707437,77.48290640894793
3777,27.365436662135412,91.56923374716101
3778,94.63807214641501,35.64514955774178
3779,9.771913886305988,1.6645332600886995
3780,0.6401978435977596,0.5050770939600728
3781,6.122810529114004,32.976641129118015
3782,55.14876777319942,370.82551069864905
3783,18.039757750220385,40.62469617384696
3784,39.83965580366893,12.664021681374772
3785,3.252976880893875,1.6166747255573801
3786,0.7242282028139233,4.219797871629461
3787,10.353962775076813,13.442650128223573
3788,8.21432799151839,12.674088393355543
3789,5.028335935404997,11.768645516361518
3790,0.9219849652093963,4.177475143353714
3791,22.005968481261032,18.919495022231658
3792,75.89457007529586,24.06847671006667
3793,11.045863933522977,94.44856112044283
3794,75.77170449569289,43.94741038642092
3795,19.710534859079125,27.14590618601821
3796,2.1093594502525566,1.1886436551778896
3797,28.214260794917358,69.51446049596784
3798,76.80651289419596,192.68860605131277
3799,64.3201998148206,116.33804423667297
3800,283.8242294177685,47.97490728513913
3801,102.68795886155718,48.16831609170889
3802,72.43644491201923,141.93856249862546
3803,59.67382880832555,9.852021388851918
3804,117.5254412231623,135.77167577941756
3805,80.03896951338751,26.27943102237144
3806,99.61401284530496,227.68036488685215
3807,3.9200805777202046,3.8751053557107458
3808,116.59315962900322,91.24423969018366
3809,101.5699776484403,207.48114670459393
3810,0.1903867265256105,1.874583886816445
3811,4.886463532099828,14.759610570499405
3812,55.16145869836952,218.23098853475338
3813,3.3015612197326822,8.32250490186357
3814,6.70843725473301,13.387282954736074
3815,15.471703925596564,9.629540294428436
3816,229.9091656733571,170.3098212124102
3817,46.45467641464962,146.24983235710755
3818,12.86718967328251,95.84455745535018
3819,55.640351389188254,81.08737399211066
3820,2.4111600956291355,4.749432440998037
3821,153.97170410386678,151.07637949300073
3822,3.989964399723995,29.987798805270174
3823,57.80259014524805,29.999896021201074
3824,3.793247898077702,9.897451428054824
3825,412.8894422482865,77.55481637061993
3826,0.7365766131655143,0.3754718699803571
3827,101.91608941501414,361.171613448212
3828,293.70890626013113,54.53251202192628
3829,79.76466304425314,51.22986714998251
3830,1.558644814867874,2.077095274649224
3831,9.902788701466136,22.03837250838666
3832,7.02377345432215,9.959801801576756
3833,127.2785251651986,363.6956480787476
3834,120.96728117439312,34.59656002477111
3835,27.47418212423973,69.2970252556747
3836,30.346680786082093,37.85175588665789
3837,118.08499027893222,176.08131715521645
3838,143.15323473730422,86.16918274194256
3839,20.328441324476028,78.16196651659193
3840,114.7018461333296,107.84011286762993
3841,103.40062352699377,145.36356986626697
3842,20.074274786072372,86.9695805811214
3843,220.72662219466702,100.98219382199622
3844,14.190264895125795,19.202330110606482
3845,0.7689633862141738,4.876872306291353
3846,30.729632168151078,13.743683260207568
3847,0.2404285241829427,0.8759346287847584
3848,43.259065290125214,128.1278715537892
3849,102.39709019683009,69.08244861590936
3850,13.65739043469879,12.183206773989829
3851,12.277033240083156,44.39019944971218
3852,271.9331246398856,37.357162868669526
3853,39.589613346214364,113.45589928692317
3854,305.699068250712,93.6637135906453
3855,0.5369333647979682,3.3616131330085657
3856,6.000783443069963,5.260678388471872
3857,41.63788075517708,58.28179194302106
3858,7.606227780153338,19.00322260334779
3859,2.2279148311170536,4.5271592144815775
3860,175.54069359510078,354.4589287172556
3861,28.662208779521304,149.52299317947754
3862,22.02405785201757,27.887577499651282
3863,255.6848348582341,47.35711554228616
3864,0.5062048865932987,2.890951412816799
3865,205.55628876629305,79.20521936463534
3866,12.803788815288081,6.792197171352585
3867,236.6488893164445,105.46603613977504
3868,158.11137839190292,156.63999544401943
3869,1.93960172470632,16.221867317637084
3870,0.6446424475971975,0.3889478809126188
3871,3.6043382694987,4.4617153545643955
3872,33.84705359453676,290.92474382155285
3873,153.05278897039003,307.7710497828295
3874,3.419480833701519,6.340515646245947
3875,0.426935251890346,4.502069525805743
3876,18.362622682391855,15.024114453100456
3877,6.067750030316222,2.1275664766677806
3878,163.79847743647647,78.49841876500376
3879,1.1634985611779307,0.8788564068425817
3880,0.24304013582509953,0.48730206858975456
3881,0.39379114915689506,0.5628030954284888
3882,0.41740737345280476,1.2567494834356112
3883,28.73134211234195,4.242834833481251
3884,13.499544850574221,7.928414788749785
3885,160.7965686844296,44.38495466582217
3886,91.29209772666482,220.09000807357575
3887,0.7849289261394048,5.866936697515049
3888,9.384309105120495,65.13432346452655
3889,116.3728461270486,46.86002993187795
3890,43.787048667387786,7.1768160879212655
3891,9.770762599608325,49.984849703597966
3892,252.08278373181452,88.17473498763832
3893,113.46108874584635,127.2306705130834
3894,5.308247331661388,29.89878256769319
3895,67.54109405644893,139.63734441603174
3896,206.57005744422642,110.15449004328667
3897,196.16452743012047,39.09129809557265
3898,0.0032004132802421204,0.026699527189293026
3899,10.395886492164298,3.8372802639427515
3900,135.26524370852948,19.2300584697549
3901,115.19976689264232,57.01696025350261
3902,100.94935533856207,22.565140045160195
3903,85.56142034269956,10.50417419099379
3904,258.854623918502,85.65648400585694
3905,252.2942661211988,213.81546446896854
3906,251.4860962976758,27.920863918073103
3907,141.29577040566465,67.60393352374763
3908,19.14640616356346,63.47059164569795
3909,91.7019275924238,36.03967281966018
3910,2.479344461767561,0.3998783454024962
3911,54.77144005559012,62.1045474921576
3912,25.150826867019884,186.99967587266056
3913,179.12602906521462,37.64641940298227
3914,39.23424472899685,12.253159897924194
3915,26.457167495448395,225.29102047565743
3916,174.55622961369136,34.228750853447806
3917,20.924481042833047,100.67199780667553
3918,2.531056729041575,1.5717859068614652
3919,34.24762582654244,14.311549575719699
3920,1.8754697842879806,7.983499824442156
3921,73.92290304639198,25.84725643594145
3922,218.35715001831562,42.25200779424924
3923,36.74042745972899,54.92284386560282
3924,21.281852841719974,17.254836760159048
3925,11.145044146905276,1.3341422958489133
3926,18.895899439865076,62.531074729551406
3927,11.84727508904495,93.00853520191077
3928,29.206722313282242,176.42866330462
3929,191.61167848776915,71.66880484218728
3930,21.066529313414676,95.52025297674845
3931,32.88033070897666,6.8607249951669305
3932,13.732737015857744,20.30347979961229
3933,0.6883712729500684,0.6234420770833835
3934,5.796272428027801,15.769896382476958
3935,45.72535217672334,10.112915775406814
3936,8.51833556532697,23.91300434775086
3937,22.770420974643244,15.601301798085247
3938,9.52100840244891,3.1879734248213403
3939,12.432894363384921,2.48493592893494
3940,10.70234513496515,33.084076402200736
3941,44.41285493441664,29.62029522635784
3942,61.039918122956074,236.2502420937659
3943,41.30291815603882,58.39483378617248
3944,92.97519437139421,29.031683638194085
3945,46.190660783571815,43.588208730057
3946,236.85953675079622,48.47854844474001
3947,164.11265708539403,109.13155746893703
3948,200.58903232467418,33.926828521070426
3949,11.686298418763046,51.900899409577626
3950,199.7678430423521,90.49677338611855
3951,10.187289727497907,12.084150121182974
3952,33.128122188710336,55.46215881326562
3953,16.195274448919236,9.06339636450886
3954,10.930740948315474,33.28875206763741
3955,51.76083600506315,52.15365597220873
3956,191.80771272456664,104.22946308036866
3957,56.46432792758597,26.83521210560922
3958,168.78906323523108,53.48125814687707
3959,114.69625652247325,25.81813921437199
3960,19.143399860083804,5.155184111782614
3961,20.340396807202087,3.09000834994289
3962,59.83555089814404,306.36620734219207
3963,63.81021965810261,12.298450038077872
3964,89.45001759241397,38.90783899777516
3965,19.520208260415632,147.75486821145125
3966,5.215065829424119,18.211254102314573
3967,4.836395091390572,37.79420115700414
3968,36.01805482375936,29.00631383560052
3969,0.2648813409034205,1.687084146022078
3970,84.76266074446357,135.2931872770969
3971,1.8960872818380847,2.2806958085928346
3972,1.88283549455402,1.2347956753328422
3973,3.6044797224348173,3.6748590289251086
3974,7.947650390268322,53.132016229155035
3975,18.79593009608436,16.369640963232754
3976,15.271013421886856,5.455044120887717
3977,74.78724586704557,12.014827733491048
3978,31.794136214564652,242.7842328106977
3979,26.46364568809589,29.09307585232236
3980,2.8821835911520948,4.519756767295401
3981,63.28128442914499,8.283136422191824
3982,21.681891099145112,29.72412191132974
3983,12.32273288407108,21.069962533381158
3984,58.82879520386805,258.5142249991198
3985,59.029350034907196,250.56883862051203
3986,62.10108842683625,33.73268426013617
3987,0.6663762208022681,0.12860670659442797
3988,17.186664712074577,3.6827447420584325
3989,33.50264103942063,8.136394535417097
3990,62.39857461131478,282.16135497814116
3991,39.70266646897334,15.79560304164795
3992,3.5043043976946318,1.7255025776952977
3993,69.7710255649184,48.031791807558
3994,22.99547987693829,3.306813219574006
3995,60.63988973928523,67.55147985134462
3996,29.655924856447356,8.498136115529482
3997,0.27179486722296353,0.7398844483996639
3998,2.394588429211511,1.07985700466844
3999,59.598603423513175,27.314547752238393
4000,76.84744026410267,49.94629403939559
4001,36.066833437560085,8.04706765355472
4002,36.31332032194168,86.20100075144099
4003,27.65385017983802,143.58059248342394
4004,49.88659577773313,22.949420989151957
4005,85.18279348847912,39.607155063592906
4006,131.31153578112475,139.37891495942193
4007,136.00611123136417,107.29019145410437
4008,0.14167877917274407,0.14661798643152502
4009,6.5356683230654085,13.086706405638603
4010,3.1519160750936694,0.9593678961757935
4011,99.15426366944486,379.82905734773703
4012,51.98721285402064,45.839780891615604
4013,64.92759332684423,26.69962824356189
4014,20.776208864636367,8.703843299135709
4015,404.0980238797161,54.60085175968057
4016,3.798231552186418,29.335358671280893
4017,52.705510834646546,75.6693982663451
4018,56.10865986475096,57.72008122738843
4019,137.51746106689683,32.01245025897014
4020,6.648720410660546,37.103275308426056
4021,12.489638199231138,32.27207327731592
4022,81.96553960419745,139.81996943267225
4023,3.430480261869767,3.7034978234558746
4024,10.626294104698523,3.499440758879369
4025,2.1980643661672117,2.9698346610806716
4026,48.005794702881836,16.781665542601246
4027,124.17392816463928,56.31088137407313
4028,71.0584315718175,41.487393399778895
4029,91.40692623934119,198.63202086349065
4030,21.134489888638758,21.042372930887588
4031,27.536356673892968,15.317561540311443
4032,5.143283928217079,39.747263327442624
4033,7.098919911241243,44.9431354398461
4034,38.7277031157533,129.6697184265923
4035,2.430715119692352,16.354752091804098
4036,29.175390345384965,102.98946483626824
4037,3.391462940771203,5.619933966735368
4038,125.76943482200579,126.8680650046319
4039,314.84897607983305,43.05803888641062
4040,104.35997615211544,27.822763457547126
4041,118.69301647244345,105.95217492899747
4042,14.337458298592562,36.40612334699343
4043,44.249946491241964,46.80415726110643
4044,23.714411658160962,175.6820112487997
4045,187.413100356303,156.6153988366595
4046,0.995730212980152,2.28431929425925
4047,16.1421061345787,114.15350670594518
4048,137.97280276903814,85.91338447712549
4049,5.948987792580192,1.9031113439486076
4050,32.50068561735494,9.067597584188904
4051,7.969379701517006,1.3266107837778371
4052,32.48321235398032,73.10560590653583
4053,98.74837623293837,38.45059372689463
4054,35.03072996445122,22.23508042030272
4055,71.11635332005649,93.04247582706492
4056,127.24945863639697,86.35562000020848
4057,14.20201360639953,5.669542709233068
4058,138.73377040636313,47.12908220091684
4059,9.471439933456768,2.9701296054200164
4060,7.068343658109949,7.883333133721212
4061,8.834080204826225,4.508558863533435
4062,4.567864389690357,1.3607223242441138
4063,17.852646271681575,28.99652864088966
4064,49.763858194324115,35.73787470401985
4065,26.914851923819395,18.25566032352308
4066,0.7776677856633198,1.826773352106867
4067,13.942659540572764,5.008342342196224
4068,31.340700287701267,148.7582722057262
4069,21.03877982702694,90.46730151440633
4070,9.667178370795689,13.712926249843713
4071,49.78091493438791,62.55294010566069
4072,80.84275996426274,50.3538478476702
4073,176.52625619632568,368.8539137388775
4074,1.2288872128259452,2.905364871417007
4075,0.8408740276668878,2.851484189922377
4076,56.12307077893232,70.35925810052697
4077,28.201254805668743,5.798614495895383
4078,20.880204687865174,23.61525267528963
4079,101.70484593655053,14.31993982097114
4080,27.68376794333014,198.56001689046394
4081,4.5305791654045375,2.4299895717124
4082,60.658507604405955,92.96629350543873
4083,2.992272466035544,4.152930922663967
4084,0.1772375786026561,0.37146283234540023
4085,9.619308594350287,2.3486499242689978
4086,44.928140015142546,106.22930886196158
4087,23.688270204735705,32.92078038273064
4088,16.343190630436318,47.539136631313106
4089,23.810868807690888,18.821916893035674
4090,23.850302246522045,83.47960932658846
4091,3.3907931231705897,0.556261872017843
4092,11.334408119153325,10.556177345898567
4093,72.88007984114364,80.66502867085154
4094,4.9774475159183265,4.352441790955212
4095,247.90481384268048,189.21654233688082
4096,39.50105184374733,207.85455049769985
4097,110.88487102655033,100.96348090201076
4098,80.99029173311388,185.04948975839926
4099,18.251539543867764,54.8341820824227
4100,27.860432106744085,29.813715402364494
4101,2.9128387754773684,3.944479727515143
4102,80.73115861530744,163.61781631947616
4103,70.09008699075369,16.273972946185705
4104,2.7257494404129243,0.5036164062582108
4105,135.94257258268624,110.14314932447098
4106,62.98243234852767,45.70514959721505
4107,63.79056912895026,8.51773315802326
4108,107.01100122727004,125.76561494693745
4109,0.23673280643368377,2.067137620209918
4110,3.8633156818214864,21.427169150978987
4111,135.42176827291067,142.04875939504535
4112,69.7733523975192,35.33663965794041
4113,1.7700281053392044,3.5574845482477198
4114,0.792449905711774,0.5136382217117915
4115,1.5218858874646974,5.34607379555686
4116,11.211642387799703,4.7716187275116155
4117,6.785705768572522,2.345993528716121
4118,238.06137619212453,37.50449826551734
4119,18.85243701596684,95.66335762637938
4120,181.5834071682954,37.0693240789967
4121,23.709236433803735,11.001749238926632
4122,18.24696898182443,19.897573813570315
4123,41.89908076372086,334.9159362725502
4124,34.989648363294954,14.99282079093022
4125,20.69047041103946,2.937919332140959
4126,143.85062121538544,25.51447441094353
4127,7.67451571734431,6.488448828513725
4128,4.058897102526869,9.883323533235593
4129,7.386431394323743,9.728380409295857
4130,4.4357300091390615,5.106292235485268
4131,31.024476910314107,44.19877456409923
4132,10.720561892677253,62.33343984431302
4133,63.155768902154406,72.86190716109785
4134,114.44583079546575,38.08828338819866
4135,0.9552768099376876,0.10480162401106119
4136,0.6982761120643031,0.4081456549322744
4137,15.263869906045507,17.53402601355501
4138,6.019656922829666,6.116520231687227
4139,183.01479973283227,19.70780292478867
4140,50.485650098308525,70.18105848958652
4141,18.36713686484023,13.18939705691188
4142,2.4634813435516323,1.3124286326504375
4143,14.123503595040727,55.3902678850547
4144,184.41332853599073,196.78759226684025
4145,83.61380513181491,35.84513251718753
4146,1.7029751917025098,0.9521582254094247
4147,89.83901672517999,82.33692978998447
4148,153.9597546869708,45.82398605573334
4149,16.095199515526424,14.066206612657433
4150,58.980103038595445,31.805976843593516
4151,6.916048037289029,1.8701672261097666
4152,129.47844543733135,77.62545686988598
4153,34.5738969361978,32.305483107897004
4154,5.703756498731264,3.9568328113513918
4155,40.93912009401039,285.51470895334023
4156,114.11520865660819,216.88406944924253
4157,10.135609399331,25.22034661053342
4158,1.3915395402160848,4.6567487705979635
4159,98.09252519969333,285.4665586065715
4160,28.153406984419952,44.52655765264385
4161,13.384091352799945,32.90888454713828
4162,19.353200218105968,42.22923037518335
4163,108.27254395573704,58.53203519789348
4164,15.41986205041721,11.128774490870693
4165,245.2485833495454,226.10531147780978
4166,0.10485866368245111,0.18556042980002574
4167,10.786180423681737,11.209906185922424
4168,32.24010157593015,51.20940002498153
4169,5.440234944840433,9.055093831939072
4170,13.973294503764455,1.6078579243790865
4171,86.61435403345233,253.46265137730953
4172,4.4461405764979105,24.388543634589283
4173,8.708330488984917,3.723433912150374
4174,53.81417152901375,34.311988763170085
4175,1.391282913175863,5.361199549100953
4176,24.765313796512395,31.28722031554841
4177,89.27728418384449,122.59336594265021
4178,11.411598266132314,69.58503083728941
4179,14.650491245332661,6.256924346978854
4180,45.06818274831251,238.29811099528592
4181,54.260419506396346,27.735663211986175
4182,382.3132901149197,223.0080620238572
4183,4.150591506488743,6.892322101848205
4184,3.0250205718648937,11.740145956833095
4185,244.17348446397347,73.81407191164878
4186,125.59584893384967,27.055179749364108
4187,0.07617014885568762,0.10348089519230397
4188,13.738776082060141,8.752755419207965
4189,1.0417183876115548,0.511429776087611
4190,5.781467517611269,30.176203288059515
4191,1.8837337657939235,1.8199435880472712
4192,70.52653559954129,121.09828989904764
4193,54.23133849112372,7.5379418511119
4194,11.058870124423667,1.0348114612173958
4195,2.0211781231111203,3.902257818611006
4196,180.96477218545544,55.97407567597214
4197,69.39464283587324,41.13258564333796
4198,208.31679415287027,58.548016514345946
4199,9.641327883052131,14.370412994018588
4200,100.28681965257495,268.81004821994054
4201,10.18915646680465,7.233217204539243
4202,13.521920911233167,4.938690852060484
4203,2.3115748349757306,7.956318268993569
4204,20.598149559367375,13.077965026250624
4205,26.805463463462463,53.821058663346506
4206,42.036194145775816,8.912969017829516
4207,41.66694163604271,34.923843215991425
4208,0.9381054034218934,1.025039190875923
4209,3.0300958398828177,3.487714112304922
4210,407.95766786868955,60.12098593783917
4211,4.898838411852212,3.337432361155205
4212,11.356299640812825,7.642210354162148
4213,16.835800770951852,51.815143463310704
4214,56.079395033065694,38.531528736726315
4215,216.02692781556604,79.6391702596709
4216,13.665504953416526,25.415123400203573
4217,0.26712403488587655,0.19348425365669597
4218,0.05458980116326728,0.0351789921145611
4219,27.83907329099097,159.7803336404986
4220,4.370018886235401,14.234393524866443
4221,115.72333541029607,293.88955146684884
4222,4.213193028702053,21.226178544457216
4223,39.51635996183064,36.34509842168682
4224,3.4358277198038727,7.3061667050306465
4225,15.05697580376084,4.883499094591799
4226,282.99537300096813,71.075008390578
4227,28.23766755435062,14.859311562015158
4228,36.34144245908115,120.34668892948427
4229,26.559131223994225,63.74754059009556
4230,28.05082504363729,10.906871367922298
4231,179.12645184052667,37.08493368845031
4232,139.0041777822418,80.70597154178922
4233,6.547340817572067,6.337242953434297
4234,13.525906679399785,56.30932073747173
4235,1.9511766176123808,0.7571291220612372
4236,0.9949039978683023,0.14110710371031987
4237,2.933005849776176,0.7418947724587003
4238,7.1517724184410465,26.53915109140263
4239,24.295831965356257,70.11756168053596
4240,12.701135021544317,3.4637182685719727
4241,42.23176362753247,12.962192322059073
4242,2.5569943853308956,1.489877490566949
4243,19.02884781523518,3.055501252835672
4244,78.99818696995493,164.24787397923217
4245,13.779285855408318,17.85231562069881
4246,44.14348897806434,26.265573465646213
4247,3.1213000749679676,2.5954318913270447
4248,342.4132956949629,88.34376200024028
4249,100.94452120982841,58.08951815150345
4250,3.232445022959304,1.044402898751984
4251,187.6927583365295,144.9518377439122
4252,37.030882219978665,31.34042321772033
4253,228.4311614951649,59.885025758349244
4254,162.35085479349303,300.1090036415969
4255,94.2148942859683,155.8271020275061
4256,9.012338657447536,18.924716073894217
4257,341.1577655546828,115.79123244316655
4258,4.99245700110948,20.583358900899377
4259,7.814859575930076,10.650689586560024
4260,4.38341982098869,3.5388336871182435
4261,5.7300756264401125,8.320332955853344
4262,18.526205091997493,24.328072083057375
4263,13.917526067200326,52.9040008030937
4264,32.72568876640108,5.172465222904113
4265,10.454695801567617,11.450131781395692
4266,216.46869978312503,119.82672384318042
4267,9.35198522939904,12.061203253597027
4268,79.89724576230178,408.4916939972789
4269,39.99414145728013,5.860560266991258
4270,84.55357400499997,27.095432834003574
4271,4.9798023174904795,23.81357592716327
4272,1.0036287424028312,4.860319155737574
4273,0.8401899651768474,0.7077661392846742
4274,22.77780818159405,92.93109379258696
4275,0.5136619632435961,1.2078843246026105
4276,75.24226587171728,105.70147295497767
4277,5.481312709058044,8.765432497252672
4278,64.87250093731603,11.918037794226883
4279,6.972905369911105,2.4518070050530163
4280,41.44319911096192,34.6595368500622
4281,5.295938855507546,1.47203183964818
4282,79.84452589712133,10.883216271255034
4283,84.8717487515969,13.443274314965906
4284,86.96693421474174,39.42104366911662
4285,20.619527268174934,35.71331016715601
4286,124.5839250167817,59.41228802505336
4287,86.07380237216222,36.70723305057828
4288,345.2735285710187,219.47470311730885
4289,246.49269576644224,186.88109648945652
4290,16.4504882778427,6.741888143379267
4291,194.14341419238588,119.85417728829037
4292,6.411802921903455,11.903710080569802
4293,42.45706956080883,226.1371052293593
4294,2.942142314799942,8.947526044595977
4295,21.37936632556704,70.8286180680338
4296,102.5007440388606,48.76214443183932
4297,2.5144301858012765,4.428504956521686
4298,17.32069829080463,2.8264325941028
4299,28.634915412443533,192.6243841755803
4300,92.31971060116722,337.5833442986448
4301,47.5794010269111,17.372916554000447
4302,99.80045892345154,162.09596265132794
4303,3.9283739497968013,7.502126069577466
4304,63.692531031929946,24.96493258643816
4305,116.41489282428424,20.84795692719225
4306,10.453661798547436,2.9840953554585834
4307,9.845436604548198,14.439134532562706
4308,42.62168580389418,5.659583525386222
4309,0.722651834181876,0.42947214650995247
4310,5.8793913644691065,8.729277667172342
4311,83.93608909792482,73.69186036564169
4312,197.83989290065304,241.56360707737505
4313,0.41821620510552315,3.087942426629442
4314,133.6212526075552,62.116957010705846
4315,13.047387233552906,59.74612290282235
4316,33.66552798515117,43.06213330184394
4317,1.4362004914386706,2.9726999634117197
4318,4.358107123140265,0.9483345411491062
4319,90.90461484487764,57.106344927537684
4320,6.64402897521911,6.049435917273781
4321,2.444379768742497,2.181429258341601
4322,5.611163365671831,14.04784696465773
4323,10.70713436765795,4.297079694349223
4324,2.512390575416426,9.758164435960413
4325,3.3949432713007357,10.339880061222278
4326,7.635774357080366,21.75965581153412
4327,86.39638752872266,41.69809094846221
4328,248.00218932498814,29.66220229410002
4329,1.1578641976833477,14.245344524944704
4330,3.188174893136136,14.99941344396944
4331,9.44645540506154,2.7265977417394067
4332,33.079143929218155,21.52792063070241
4333,27.272748579656852,3.194269035733121
4334,110.77956924754469,109.17693961913074
4335,85.80516638937667,136.53191819231824
4336,6.593375828785449,25.993338931137547
4337,242.90086084842372,32.55767750635194
4338,0.2664979763300819,1.4427756447041094
4339,13.558205983347104,75.93781759087508
4340,98.25957231807571,335.73689601282433
4341,23.033125690140512,3.419722337382213
4342,3.1984785164693,0.4118642741246721
4343,58.73217376831953,104.64924436187528
4344,36.31080896804366,126.08254226608983
4345,6.630766127833116,6.612672904286167
4346,9.55687021760058,20.18466396965311
4347,11.763773978368022,6.420031682431453
4348,401.6357585659839,87.2368155371369
4349,137.46402089381183,53.801401463714086
4350,29.014151936060014,7.679974856313188
4351,14.242145425809468,18.959936254478954
4352,137.10209093691208,105.30722482025307
4353,207.1649990510627,134.50976345501377
4354,72.15229094767768,126.05532301500908
4355,12.90639275852321,14.010804773501775
4356,18.2295775408554,54.87751523397791
4357,47.33591697510743,25.4250400336927
4358,29.92280945462935,32.22605572546785
4359,54.71411841626199,85.83850578938083
4360,19.513755166712333,1.7258236329027388
4361,23.386696276295762,94.62984744909546
4362,7.386235771489778,59.09289279465735
4363,85.37073082464886,35.25895927628754
4364,131.16457216598184,30.40808471731612
4365,12.90361376427498,2.9917403436629555
4366,30.52604412759062,60.18088687953161
4367,75.06940834850222,62.54896173585408
4368,136.57365184755466,231.94431919031595
4369,16.258718871776665,20.839066454114523
4370,35.840612528124616,16.46676747168629
4371,11.209534874750322,15.33166436895069
4372,12.63582292217542,25.335913806895192
4373,6.605485255012055,37.06768624965407
4374,126.71532122962532,142.483451749199
4375,9.939206114619514,70.8170750736663
4376,238.12358395217962,134.58134322429112
4377,78.98234908352131,53.15082146286907
4378,23.00360873727741,28.22890407449018
4379,305.9643729513987,137.09866974794667
4380,4.65523374143632,20.71065338495492
4381,3.788340659253927,0.43707500188649906
4382,59.387349491389855,94.8013139297953
4383,127.65109460733069,56.26495721068093
4384,136.33593302799392,69.51162924183035
4385,7.870546184007374,59.31058167616984
4386,29.98989853711363,42.23207799182712
4387,20.518809591514888,87.2869621953535
4388,7.671640325324544,50.27933373182914
4389,26.46344822628712,71.33280902195602
4390,10.038960084809286,19.074663914674673
4391,158.78617445443902,79.65702653142078
4392,120.5744489056865,29.874650893259382
4393,2.7037935477876287,21.97704083017108
4394,0.769808729599968,5.8643714265852545
4395,211.08917130765556,249.01503121665482
4396,61.49839549852309,7.26825469758487
4397,167.53254323526403,101.40821675154027
4398,159.310869110284,160.48924828894727
4399,415.7085917275988,108.22199515635661
4400,23.281392255085066,35.510448636035896
4401,0.1373122006826002,0.02069374953431069
4402,18.24890132884191,17.007745896983707
4403,2.2045675483288703,8.804794679922761
4404,25.08312806678283,211.70320629414752
4405,15.005659422025158,16.33139300404996
4406,19.80438423252945,25.22826030539103
4407,2.703324614638147,3.2909577898289637
4408,6.572329852432082,2.7300044472546685
4409,14.7870504852492,22.144930735242305
4410,71.8480213288771,29.1639855993727
4411,225.0997067332483,337.2169540587228
4412,40.75983530898609,18.924358890584493
4413,18.856075757242213,123.87446297977769
4414,323.1496475694493,62.23252665989444
4415,79.51699913199215,17.80269549788664
4416,7.3660014288227185,1.9606000860535078
4417,275.90881024489653,51.63921771015119
4418,56.583413834029614,103.51943167975563
4419,137.94458808589178,94.75949989449916
4420,176.26351541777174,141.0942901228258
4421,25.995816750096825,7.184109534629437
4422,70.99854072449826,86.24495488749288
4423,21.145887461910252,82.8081966193507
4424,44.82515304200969,166.714793397272
4425,5.46916221073635,25.873358364311592
4426,8.618318242542614,6.153057127123344
4427,44.0153678065752,133.50403445621959
4428,37.34384175695514,164.3948648361536
4429,107.06154052799502,292.3031919672938
4430,1.3309838153569196,1.165943414040184
4431,20.614235436684844,5.11319643697161
4432,21.604085080912476,137.93929485751505
4433,13.56884948196354,4.6653668904808505
4434,0.17869872215013127,0.381183032685688
4435,8.772028890387048,22.711254421170377
4436,0.2750330151374214,0.614873658872451
4437,3.2193191276129007,18.965646697461075
4438,11.763020247539314,1.375053780097165
4439,38.69760410785001,76.15179587177003
4440,47.655979180432986,26.52920985065107
4441,133.0657508727716,225.3723440472012
4442,6.338447425151573,1.614471657395205
4443,5.186278916528116,11.45426545008294
4444,57.06954169930406,56.57122221751743
4445,19.307397903162823,6.398528458643485
4446,1.436101364426958,2.046509341261819
4447,109.10033053749149,24.969844599268054
4448,10.96158162514933,35.04434199816843
4449,0.7462063033788928,2.5415910510993696
4450,129.56690364744335,89.07094381546887
4451,4.68401640146911,3.49623153319792
4452,19.097520928313354,20.674439743022134
4453,9.788707570186613,18.59325673729009
4454,0.3515790552925646,0.6018162176874965
4455,3.990267938523722,4.502203006892312
4456,45.24552852021103,192.40876326058032
4457,9.059809643603673,68.80045103815914
4458,30.1994855749343,137.6077169815502
4459,19.566021225025274,37.60695652919327
4460,78.78416044061584,62.93104016288549
4461,281.6061928452317,107.61274418195255
4462,19.022951970264046,5.802146197408448
4463,36.61252458955462,13.596333191214582
4464,9.833619380816959,9.039873585860645
4465,11.481466936783045,45.61486797626822
4466,82.32399067585615,20.43193762470824
4467,4.991636662533948,18.675765685737264
4468,26.20693857151022,18.108407610189374
4469,5.203496243995251,4.407063420345695
4470,89.21490963997962,29.049145461448838
4471,7.272315032106173,20.56702724280201
4472,0.05076223864800733,0.20712188586403757
4473,216.80748969978194,41.87152940344719
4474,24.539838110285004,53.515109735536825
4475,5.238936079002112,8.543551415632804
4476,0.3382825061009298,0.5530056437561554
4477,20.198963650560952,7.177885763184153
4478,58.22290869637397,21.47024565849688
4479,4.035842422191054,15.96918543930564
4480,53.754917873041585,51.394657547601994
4481,62.53235345591972,9.420126095465985
4482,4.364236780580572,6.5058150177479135
4483,1.6108116315574168,0.4931451640520085
4484,93.94884124719411,33.89092695152111
4485,8.426803883940776,45.64257728593745
4486,204.25930880441985,33.27184748544875
4487,74.49506854343056,20.420571373695964
4488,7.945628317947832,18.666026258301752
4489,30.917348104114573,31.744124980080937
4490,83.79507089570777,122.27219819081986
4491,169.49142198020186,83.46916200156885
4492,59.16645010605285,229.77785101339725
4493,46.685491080136906,23.24554497384626
4494,403.9574598861489,61.215925168289445
4495,140.45048290473676,181.9478665779129
4496,20.859371201409267,164.4075086750091
4497,1.2317051281642282,4.066071880608932
4498,84.7153376242646,56.848038376168475
4499,201.83462245461695,77.96857224412875
4500,56.87369031696954,10.120662736597493
4501,94.5160219572833,173.62929831455313
4502,0.47575848949520916,1.0703944596878632
4503,93.97774291197713,55.18310648529078
4504,8.857547753331652,25.123013613341428
4505,36.430473186264685,20.158888721806697
4506,143.39099537648696,26.402783085730988
4507,32.06981805006701,8.338028010073772
4508,0.23394095139674986,1.6830053581089657
4509,15.622523036689183,27.285079562329468
4510,5.746068728478153,11.525150304492978
4511,16.823121910023318,21.03641087472071
4512,4.403867474043096,4.72756874808667
4513,102.34228017209125,102.27213829385785
4514,21.214097020090087,10.350520528065255
4515,8.244241487750893,3.1712214207467015
4516,15.846649050352834,39.34440745259112
4517,225.19266871638132,186.374843422747
4518,68.95279345242866,22.15912506982132
4519,0.4892271783970552,0.7392193291419873
4520,5.404114702151075,40.71170387637612
4521,12.941464317755873,59.36894530115248
4522,25.753337454192774,3.232189892413962
4523,8.635608276767169,13.656098930699185
4524,31.39282323054755,7.457777998393404
4525,103.74221635218164,138.84929031008315
4526,74.12070190737941,159.5917431355332
4527,59.57615048977542,29.85559994884516
4528,19.377878866099692,62.57619055626103
4529,14.120120222987207,63.88450708705429
4530,39.01042744838549,22.082504848054622
4531,23.59739468915241,61.89221248059964
4532,68.50587637701044,76.46935727792591
4533,6.265643838722904,39.213340764691765
4534,252.68787877007875,72.36580018238828
4535,19.73664002125867,110.35522915699515
4536,11.37058082311726,55.32134946912596
4537,9.20141403314964,45.04506001802511
4538,115.77790956732072,293.6588554435648
4539,50.50045748014732,13.940900906114772
4540,35.60679967824183,26.573996394103233
4541,6.208416303367734,20.448244386115718
4542,19.125058732194695,25.908558087945003
4543,28.388485881293004,4.625735628027743
4544,0.04700071808761841,0.2499119681850589
4545,21.627995703017056,88.59850546287058
4546,77.7165796158412,12.29128870158518
4547,1.7989668007408293,6.664201090138863
4548,25.605960355730954,12.092743743742059
4549,24.145874759963178,28.69307824717622
4550,8.969335295999858,33.69880102212891
4551,5.478510399906465,19.277062965332306
4552,107.37735704101887,59.7707271337123
4553,166.47300873821447,113.7188941655704
4554,0.47123540521596485,0.4455749305278943
4555,36.780068477331554,9.658523076928919
4556,5.1493349188871544,12.334098013922892
4557,7.183937619631855,52.80112955208012
4558,9.046880220314339,6.65153312515591
4559,4.753699097181716,7.299828017917706
4560,49.988010947743966,16.078239243873135
4561,22.12503837542661,16.604979709681004
4562,57.59213672184218,92.81225076886392
4563,17.71291383956099,62.64129646876052
4564,2.378812355961973,3.5046856408268736
4565,140.1553685789197,57.56224989490506
4566,73.60598141523145,16.314406189807137
4567,51.67907696307906,85.72698624120747
4568,1.528041546195292,2.496370586490999
4569,1.7594352801489417,3.762183848887407
4570,57.962380827848435,29.19733054219967
4571,113.12214518114153,123.10968413662515
4572,41.59526885441408,12.10163734483586
4573,1.346108347306686,4.00258524388843
4574,2.3221660190057136,4.585609569139166
4575,66.89589716604011,101.13519057163232
4576,99.91529194055396,47.832298506838605
4577,24.851878170208913,105.986499070149
4578,2.3299771242331637,5.067763554915238
4579,11.22999347794057,30.038535480762526
4580,176.13070568941959,123.5333872503584
4581,69.56985044426798,33.53146646317359
4582,28.971397349478,38.445379388723175
4583,54.29620180734987,38.77125846940654
4584,80.1821933926505,153.3779129615221
4585,18.162975205402663,48.6975609073129
4586,46.01689681391094,89.00269034514417
4587,248.63308706061747,32.87056319089909
4588,16.001880726338474,5.305893619984275
4589,3.284527774083416,29.060528695409346
4590,145.6071160365642,303.5935117890555
4591,177.16026919812703,67.70391487758366
4592,256.87193547124843,44.62219686063416
4593,105.57021566683368,90.11561626246092
4594,129.96968922961943,35.44228241983145
4595,12.42999271076587,72.27860366197774
4596,70.27426010803798,40.01246446540789
4597,14.707504053022646,45.650558623425134
4598,40.95314909977992,41.3460361371603
4599,52.17708096901222,19.643685636724786
4600,183.26771152209506,72.56033643262813
4601,2.333468904680326,19.72805758974348
4602,7.579809933855888,15.704463014792662
4603,8.515358365798349,15.457781612701451
4604,180.76728845134096,47.498686987111235
4605,10.04652914631092,59.74152317955673
4606,6.479812399165621,10.793549948914613
4607,6.936637607872447,57.482275105144645
4608,4.31697058924,17.561419535184083
4609,163.52846697526604,60.10675678841886
4610,57.68089885366358,195.33468522444946
4611,193.75338391999549,194.0417524874008
4612,120.71616841079404,118.45744877268051
4613,334.93573248244945,122.78411364974745
4614,21.794003677841253,48.05098152098491
4615,7.399130016928596,1.3202731651784525
4616,2.538236699933842,3.653425194417906
4617,1.3281116758080809,0.4239944216546473
4618,2.142254956177451,12.129669725704145
4619,3.8006454944265515,1.3681161632256045
4620,2.433074445455344,9.650974665961462
4621,270.436933091019,121.136262673288
4622,6.048656937071319,47.00880634798876
4623,1.896372552821303,5.934273779430201
4624,0.9519533039520356,1.2789833806826953
4625,42.03151908413521,14.984955126568881
4626,53.017488952464255,45.32540283990501
4627,62.37929316475131,87.85966586215591
4628,33.01927296339206,6.488722165550472
4629,29.192783469006603,127.24517505668854
4630,2.3327007319919995,22.51358258923598
4631,0.8146437981311638,0.29897155502943173
4632,98.87317073461486,77.47089529173411
4633,22.952792231103214,13.121125277286756
4634,27.02174162084417,15.423895652984188
4635,4.515905269724872,2.947927049188562
4636,106.53184130016598,15.363591579125885
4637,36.33654635908686,56.68368172499151
4638,9.786816169372123,64.19597387392609
4639,93.13832265499474,313.1843717174192
4640,70.8501795718852,29.77199451959997
4641,14.675552378910705,34.61648213488803
4642,20.280966456065677,3.7794571037198734
4643,22.356753695059506,43.88092200933604
4644,99.05637424307024,244.42709081512535
4645,27.70288704417056,19.95596530667353
4646,124.5671660747572,23.046362025425758
4647,69.37898782629748,13.136305618150686
4648,28.769043147546107,9.244725461326526
4649,175.46015722202694,40.15604679792424
4650,53.393625836493015,48.588316382138096
4651,147.74144842895043,39.24992390027341
4652,16.52113059017967,108.462077547653
4653,87.73878838304884,17.17005020136683
4654,24.36229369633391,8.517598874663735
4655,25.465826098042594,80.061787489579
4656,71.7103440540667,59.441557389189384
4657,8.140509620783227,1.5414036140772918
4658,0.8832811394310476,1.5940138492655056
4659,114.88156075529346,294.3529216235336
4660,14.361788079195575,65.28952550726747
4661,3.924612784366903,30.93989110327804
4662,67.34037511150653,28.156319264020876
4663,1.6027291195581213,5.898864086915034
4664,6.528757283681715,11.912687106506288
4665,8.353720286711582,3.625462864469873
4666,14.070136396948218,28.15031179740595
4667,14.007741089796736,19.165042226198878
4668,8.755821206065475,22.673318074990434
4669,16.42820983684852,9.63343581849501
4670,3.374988203197777,5.88409522076875
4671,44.85238530042017,337.5301387178099
4672,55.65651049919107,15.849681209630901
4673,65.8800808426919,25.401808164230008
4674,15.668342104571435,108.25868980713682
4675,41.39211346233553,57.04832613883599
4676,14.461370778756013,3.5407967541158856
4677,1.0230145573973646,0.5159937686281447
4678,114.98800439898366,29.901003232427676
4679,69.12324556003732,75.50698111184619
4680,296.41330862467106,115.00972332175873
4681,46.27588861491949,257.58638904922833
4682,59.26757445993256,28.24078193726146
4683,6.074505307003138,9.531119071309792
4684,15.254334781977736,2.5755830356575924
4685,19.57690686259628,9.426401254073722
4686,301.1839541585258,78.93560832787705
4687,97.52911543574517,17.51625195427094
4688,10.206482368645789,10.66621329184336
4689,33.33343812478254,198.0847106949356
4690,39.61659206608743,8.279478591007994
4691,49.611369387348546,140.73581086859352
4692,234.98950387631288,66.4529242113207
4693,12.008034341155362,51.91287128049104
4694,22.105756297445513,6.220607466901747
4695,170.49578387649737,86.04658853911502
4696,21.88289059295626,6.4851728878200525
4697,28.95365871968835,81.42995444390158
4698,12.096269618055384,7.459012913420399
4699,201.97657747273993,91.14863249848403
4700,11.799568828053427,81.0561076498977
4701,67.43520887089613,17.94924083412159
4702,150.50663428562575,30.77873330296166
4703,0.4443826364972805,3.2395547615397566
4704,407.46049420625775,50.238130795776634
4705,6.328849507911461,27.97697810665341
4706,196.00685565227832,55.737087212726145
4707,6.485591903989378,4.682564844551692
4708,120.73671386889468,51.93985105500406
4709,8.609678862141426,37.40625996463277
4710,3.5298569607756836,8.50648301280507
4711,28.870724157696536,104.1287918785083
4712,26.857789827261005,17.141487738322926
4713,14.614888769157684,11.671304706722841
4714,36.954760509499515,118.49056310726164
4715,1.301497194227816,0.23003954620110734
4716,25.255925383676143,85.62948928435152
4717,156.67623013509342,124.2903367886113
4718,181.28971718763827,24.503530640394708
4719,43.69281455207478,252.60372644003672
4720,92.78448703733022,268.1236877329384
4721,0.49012490950208165,0.5852408990959532
4722,42.540599686693746,141.5774969957393
4723,67.03016123704467,31.03853659952603
4724,5.745591145148752,9.357361805175312
4725,205.56885589255455,55.06977508735752
4726,176.46403140747998,57.9304443031837
4727,103.2889187927764,214.6431782929289
4728,45.37866207931856,17.847302778849027
4729,21.4481394994544,28.758461402048262
4730,49.126361235915056,57.67465459865744
4731,157.2703714537877,125.96876256731886
4732,279.7830206464423,42.28806346139879
4733,92.14652112688972,180.95782541482373
4734,65.33984773375924,160.54332776217802
4735,87.39227538985888,192.6772610984792
4736,12.032540591621299,33.34794887772685
4737,73.76706343741748,171.67632690022856
4738,120.94531982744361,43.98816635386155
4739,7.057184606635364,14.134535803662658
4740,73.17511941604822,9.225347615848781
4741,162.46058931035023,158.56986670345958
4742,10.213506605741145,3.274549699549353
4743,199.66980127176421,218.39562238587064
4744,86.12022091470777,133.3264284007875
4745,15.959358418299724,17.609364515538957
4746,70.38056741673596,104.06561182321978
4747,213.69817619868033,24.46228220171525
4748,1.212454049149677,3.5418471999517487
4749,1.2553443584590567,1.0025426918474147
4750,188.13969392729513,187.1429802003728
4751,276.04920572015976,63.448881639347896
4752,0.2322311464795177,1.863802388371007
4753,30.40085331742556,23.445842155795216
4754,58.82388993512102,75.18460284045356
4755,287.91937619950227,115.42329080516033
4756,2.96899501463544,0.6585339961673244
4757,1.4914797873891545,6.120566395704918
4758,10.165871523079922,51.72775026914622
4759,53.05898580245168,53.69768175068082
4760,35.189819095701935,15.302436713570632
4761,20.664190440655098,7.1081333702372405
4762,25.677065712349318,14.284976660453598
4763,18.14187082539634,27.127843399095788
4764,1.2788769359644663,3.8060952258908274
4765,79.34247378173515,18.11746110806158
4766,95.77799320854145,93.73318615790765
4767,7.007792183714243,6.48123279269088
4768,111.70484234198467,32.26423361710387
4769,14.685698363351172,52.28711122503219
4770,255.3184509347648,65.5662499242586
4771,131.86018162404844,111.19689826470392
4772,7.234959513912118,18.534138469362002
4773,1.1524667235407822,3.6370790164599995
4774,7.5458896367206885,24.54646550872199
4775,0.1782423545791012,0.24041588997435415
4776,8.620959323831007,26.496236598245574
4777,130.7018778945873,113.94705374642334
4778,40.999203613305994,25.347423319987683
4779,31.189033199288172,91.26568161891505
4780,42.596441230593335,66.0776712294822
4781,19.334968066546626,22.628453661113127
4782,80.99574691444388,221.9007781736707
4783,3.863609331873624,9.986448409778273
4784,65.6029332593073,143.61720824154136
4785,56.31752570398707,13.862449671722054
4786,48.80317581601973,32.84505411534459
4787,0.4719991842442841,1.8964792013858056
4788,37.8133884287225,59.28992950899684
4789,154.2174851508706,21.91817498634692
4790,29.510474614456854,3.43659797512497
4791,4.475205795651406,1.680509075458318
4792,78.57295786281516,42.1780741843357
4793,3.9979327762640233,5.725225248262722
4794,110.41449215314869,52.65821378432459
4795,223.00191081138485,237.12671788556315
4796,259.1335034664758,37.56301872398954
4797,140.7130349297291,293.66243406428976
4798,79.8467335216663,50.984492694923404
4799,122.86388474114034,34.213263034315865
4800,205.64040126636763,209.06078544462977
4801,251.9661990929784,103.08495243730741
4802,30.759855652455784,250.19758476030069
4803,25.15661231059076,54.17462269210235
4804,21.850280320442764,9.13910115119162
4805,138.92734774889792,162.82551191360184
4806,2.090819884559326,11.6804503848582
4807,13.070122219640842,88.17976574734527
4808,110.29719998754234,27.401979109853425
4809,7.500513747404746,4.7291492231874095
4810,0.5094454163230466,1.2015456085886274
4811,19.76088730148839,18.749154111891546
4812,101.84786977702308,21.997491391293202
4813,17.1344909582217,12.870435821428481
4814,22.77604109460448,20.82223257484545
4815,158.804203434115,37.80830588073616
4816,37.78142596800361,18.75732694200926
4817,71.06564212984564,22.583670795971134
4818,30.728986575058105,49.79077169595847
4819,180.4276177418197,22.070168719102902
4820,4.130361933472814,1.8423167115255086
4821,62.716951611700544,113.96777539619754
4822,68.62106389225869,184.3956175577589
4823,5.553587462842145,2.234067918179991
4824,21.600778433623912,9.191861579782032
4825,7.086694914591591,18.16104991635061
4826,80.2494909535429,160.65785358304
4827,167.82314027757235,32.51896725335332
4828,2.6236851582435774,4.083011614169779
4829,0.7784115293298113,2.706057724986114
4830,8.91107912037985,23.17344283922591
4831,0.977112511681878,4.898297097360356
4832,3.3106246881232924,8.116338754529922
4833,7.665258902049645,41.76274853697153
4834,3.6343093798112003,12.269966929043449
4835,74.4308019250988,32.07156381975743
4836,4.0721225449374625,13.324067982396569
4837,77.5694781170127,132.8787310437487
4838,69.688576012255,9.113602619865636
4839,154.8227013549335,223.5407669239455
4840,13.931645468634846,6.36602269275489
4841,0.24687468865094875,1.8975944973508625
4842,51.74565138008325,204.22555673259316
4843,334.95575119349223,57.49422398767115
4844,1.3413350365859888,1.1575832452227706
4845,43.2807296451314,33.84437310591049
4846,195.6874818902,232.11077069440447
4847,64.9591232771822,162.2975139219709
4848,296.4830154283256,46.21281634180761
4849,0.7885848695314392,4.133144445936108
4850,32.700264179606506,17.21487749468033
4851,1.0251519495388342,1.493864118781727
4852,6.179173279328381,14.862740474762457
4853,138.04715099013126,115.58939276961884
4854,86.91791252497627,106.43441273049349
4855,8.904411524207022,5.7083337871363735
4856,14.173855581594687,16.02529319517739
4857,33.90599839495026,4.716711826320797
4858,0.08579870636533848,0.564126679600521
4859,24.95332094135203,14.123120372317638
4860,46.04187374014211,15.079083299602623
4861,5.003334756253676,1.2660579354248953
4862,8.901344645941494,3.5817469579492265
4863,3.4044133473296476,13.27693457917881
4864,26.923190542333835,12.141678571991415
4865,15.457219077834521,92.12655851476687
4866,7.310378961582497,21.64330294956348
4867,41.9203457644128,140.06384522909508
4868,47.22074291123131,153.44140740885487
4869,57.34454637786507,15.06411401050102
4870,11.117291810182474,55.05653914918716
4871,358.7427392569345,149.69300904657172
4872,69.27541081970345,191.9395996822577
4873,419.97046349351007,74.31520451107072
4874,3.6563470730483143,20.179463524954425
4875,0.6820486737412055,3.195319237058631
4876,28.157853103281305,141.1137602203707
4877,23.9180356934628,7.466872781044483
4878,27.204186264408143,3.5528966766897176
4879,80.44573297514724,138.54584161424975
4880,227.65362129931964,127.49778386579736
4881,132.0473939734294,138.38935060044264
4882,33.07958665364569,12.011883839285323
4883,303.3245508514443,143.98340244937398
4884,193.16483273561443,62.40475295691644
4885,13.719562146134663,42.07016062272106
4886,93.24788837469146,58.071819860305666
4887,65.886099181982,30.22352624911079
4888,30.78529426864855,57.571806084502846
4889,3.443328242773611,3.853234490564068
4890,5.724807051285063,1.7640408123708315
4891,70.82479909519351,39.784228744118586
4892,2.2796488529395735,6.568574089049802
4893,175.07431459629234,45.46257153755496
4894,0.6522745403497361,0.36115806501069947
4895,148.6013830977421,58.62141813952822
4896,27.227335448208947,9.876454818189053
4897,26.870480351753674,151.4270726616347
4898,6.311910274238374,5.514932405802474
4899,48.46844123724848,43.66208919346891
4900,20.221367412478745,23.943886512405825
4901,103.55313213916874,221.01599967831595
4902,117.25440727013861,127.343007195103
4903,5.600471945772263,3.578693622444998
4904,143.29337214519097,59.0780540385966
4905,20.02662047733168,5.219310029966654
4906,3.0814198937818666,0.2804111425208706
4907,47.772893837732354,9.960368303240857
4908,9.250475412758869,5.4454929109211125
4909,26.030266521498042,52.558260636778655
4910,34.64624634512627,18.430268357581067
4911,327.00028120835447,56.38948932126551
4912,4.8061992260165916,4.0723168353356005
4913,103.04314803358508,123.90231163666832
4914,25.556116088806007,13.487554837173514
4915,99.91013214357751,65.39292879120836
4916,138.13981837375582,44.36765868801607
4917,14.926911448271419,51.252384196322566
4918,23.100566677913008,71.22359404564114
4919,26.184121841381835,15.217510717538444
4920,10.387496552697478,19.520559539796913
4921,27.480635684267526,76.56071716055754
4922,113.22058510219989,53.00672388331823
4923,1.858428437935414,0.7677681554312458
4924,138.46057599408047,32.384835442205954
4925,285.5867904875653,251.9727994986788
4926,0.44129121664781357,1.6002229624757076
4927,6.618676471125991,3.578685587654685
4928,6.614040168844467,6.20990763670691
4929,90.60306153199893,26.667785616714035
4930,152.16816630018752,140.07777851519185
4931,25.41423791551986,71.46557221936884
4932,29.9763870591621,3.7758250677669807
4933,12.10504598403591,14.020700289525216
4934,1.2073939273025167,1.8172928612604928
4935,16.950945792355085,5.195952669625255
4936,13.65796062234691,50.61900389135368
4937,28.457833598441805,148.3770816646709
4938,1.8544279449368941,4.367886215982363
4939,1.0080105352470485,5.613172888240807
4940,10.318316011994893,5.406477126443514
4941,15.230179955691842,136.35814547575
4942,129.46922106966386,165.16772384590826
4943,9.743831668012483,4.256859929177692
4944,37.337364023798365,66.97441381232694
4945,4.8302076256530455,18.569244369515488
4946,104.86624084332152,28.540762526763057
4947,10.57249155489953,90.9599263665505
4948,21.96040076620859,87.07762202534411
4949,15.547684983623384,58.61846393838084
4950,19.738766943169527,21.700789874950463
4951,121.64520440171405,212.34237034248102
4952,36.11839818770246,51.82923485358351
4953,30.86726800506972,57.42569582786672
4954,18.5544863539843,8.73014207744686
4955,171.00252782442885,22.081285528780864
4956,1.56457721803957,1.5454533487860869
4957,6.544018241603307,60.86534959345791
4958,7.475908006830278,13.971315190299737
4959,5.549237220733524,9.693557361319558
4960,0.0577982939013606,0.34752917445418097
4961,21.321841605989157,42.76468981602004
4962,16.25314003842832,45.56614631277485
4963,43.69317050502931,23.07635201584011
4964,216.19418076845182,264.7205070455425
4965,3.01647126175272,6.699060366288801
4966,95.13826604247394,39.05971787974238
4967,0.9804837855045652,2.669985292632105
4968,84.47517459076226,34.10600571270331
4969,7.22979056460597,64.71735579071685
4970,19.293179236843073,22.75227313675599
4971,12.615772760683756,65.6085743069166
4972,66.28939919035032,13.815956335650462
4973,59.751480432203415,98.23710281411559
4974,103.33574194973244,73.12818862458086
4975,41.94685217804556,14.366169499594548
4976,73.60503400806986,29.68402260318245
4977,55.51395256761484,373.8616106457139
4978,21.351229618776838,16.20541524079495
4979,61.13072933819593,39.15161257046714
4980,13.10371674437599,52.071896875762846
4981,228.84445963559713,26.686664205619177
4982,91.82838093071463,43.70084997425777
4983,69.86254301559161,73.58271544933909
4984,19.548492887333996,40.16674823924374
4985,45.35289419775954,19.55754402292447
4986,46.322926170800486,99.34038808687191
4987,22.502838448836442,10.253344396517079
4988,135.18966613391856,195.6118047019224
4989,19.52243823462607,38.107507055673345
4990,10.589191044226427,3.0949301445344046
4991,104.46784689671243,58.81137533065998
4992,41.79418150671149,79.43605727840621
4993,47.71722327586686,29.837573844679895
4994,21.915085092033372,43.083625241565954
4995,10.27565227113861,67.86451388532205
4996,13.08298341531649,3.587156333229178
4997,33.93775375509395,15.88807515277826
4998,15.020027283036725,60.40609577043599
4999,0.37469379184967533,0.4431820681016405
5000,43.80984227018497,24.976472431054102
5001,7.649810967491841,14.158945675096527
5002,285.8194795797302,105.73979866274628
5003,118.45237300564824,100.00920313208604
5004,46.65934334337713,84.03031051491591
5005,0.6905023862398771,3.55218899662243
5006,0.8382103434957215,2.583741704204659
5007,1.7903303980612588,22.204547052337926
5008,20.501410255287784,10.494165870175566
5009,24.29278260504949,18.29943723596788
5010,1.3667021665933117,0.585270004922069
5011,48.165143430442946,15.61418209745385
5012,114.8304636793827,32.657384841726284
5013,16.15148468136118,72.82124041293535
5014,54.565400390455366,16.266593159830787
5015,79.11190897710834,90.94985011872824
5016,138.6046142160715,20.34414465124569
5017,115.55471479490821,112.48770389700707
5018,7.417097977012222,19.020340977141267
5019,16.282446667167438,44.43098556113786
5020,36.21235553569486,9.110478463860613
5021,0.4852387342578781,0.9046248528208648
5022,8.497162564095106,2.520459189632222
5023,21.9874691182203,118.00860288509088
5024,0.433003278611763,1.8895472659157588
5025,59.0383083042732,42.31231807131698
5026,252.82584082361512,77.65523939570576
5027,89.68226928380152,18.82142190490967
5028,53.81418598392958,53.13013865538129
5029,39.16588287571126,10.797488537742689
5030,14.107972206398712,82.55824118800349
5031,13.096367923380566,8.949456695136355
5032,1.5597539268567366,0.8264635697048054
5033,10.41547822297963,49.23611013071401
5034,13.823915971063077,33.71574377731923
5035,22.99830737419854,13.719943239331108
5036,11.198167750663819,5.2636749952506925
5037,327.95788109613727,162.65276953511932
5038,0.6191718365726955,0.12856185516664798
5039,169.97431849198995,25.504653910758137
5040,8.315361697309479,22.851676637579786
5041,61.37801351437828,12.845432966369597
5042,11.973626968169835,32.086218218012725
5043,157.42148127940888,195.96478750917714
5044,227.675877318379,42.95737664952482
5045,14.828679155501682,16.321665933733726
5046,4.832124883501532,3.3796245867599173
5047,106.97985841251204,37.36323769866363
5048,4.738346994502111,7.265152067060877
5049,71.70816563803213,58.10605325389728
5050,29.64467374923032,157.0328948140554
5051,10.15091679544664,9.480217208937782
5052,21.98679436282088,19.88000574232465
5053,0.302306386371767,1.0546373041289803
5054,11.185740936781883,40.896030572963134
5055,97.96006489772539,79.00698764193776
5056,161.32485982490508,106.26308287495632
5057,8.224526845319868,69.78943712087035
5058,11.360076089017495,27.335888019767197
5059,134.43802636461004,102.28860583250945
5060,159.98351060917616,136.70877521444788
5061,2.608854831688224,2.028134160142088
5062,27.126265116131172,10.226681625569432
5063,153.6399331419703,40.661622208420084
5064,1.0213412665268375,0.18224678442212072
5065,42.843938809158,7.505158127697957
5066,68.87015562009546,70.02817497484861
5067,2.2008677475391707,13.439055969374799
5068,123.57056208404859,63.16921243196714
5069,87.9617889583472,31.730426762909524
5070,16.919385010903447,127.92517544272381
5071,9.764142914426273,4.745404791713648
5072,13.235812019167085,25.380868165594386
5073,4.463280449041566,7.794271303268358
5074,26.367733270195373,18.127475237577023
5075,34.147431753448096,32.24062353499662
5076,4.856924144173256,4.160956669516201
5077,108.77835103606012,28.14551743107355
5078,13.760389653129176,64.64270488941852
5079,11.467455805405383,10.467062864292503
5080,87.95858063359601,237.19014585177985
5081,38.17071055326316,136.08786504710204
5082,145.81740158508657,237.03282207490085
5083,0.9529812760799026,0.8764051988984097
5084,63.43771529618944,8.718069337016468
5085,56.73541657542228,19.66105006441948
5086,46.059697621269066,222.86263745563235
5087,14.395276528884034,29.97031684216966
5088,4.36442083580189,3.5263813129283346
5089,51.589718984306096,27.397668743199837
5090,6.758513648244813,2.2462448084322695
5091,1.3278569315996123,10.719534428348698
5092,48.21358928968799,301.44138764785043
5093,121.02786410699044,75.56980334718062
5094,124.0605843178874,226.60752948070473
5095,2.9693823490411067,1.03523126339813
5096,9.865050008167596,9.351868854909162
5097,56.42361178249774,227.90004677616065
5098,159.09799623217293,23.530235878520152
5099,75.4525739363994,145.6520072480124
5100,16.616944105144885,2.35474126631074
5101,4.401407390978787,19.080835048007714
5102,9.049347818867911,7.445131648262707
5103,87.62472428677299,25.592909424894167
5104,152.75928158411247,40.70592546595739
5105,2.017771156507651,2.1396763792518723
5106,1.1077354803728046,0.3180282276148101
5107,33.40014735301939,106.63223315184672
5108,31.113779953609527,18.328955175264912
5109,92.20742738391945,26.889078279436408
5110,46.52491622857394,6.151961922822443
5111,0.9428874669333196,1.3283717180123196
5112,7.636137508105801,38.00112738973764
5113,8.216227075162497,3.590258080539985
5114,7.222936256512633,46.5297824090262
5115,16.572019036637755,8.800949518087414
5116,35.987851705467975,61.77015273132062
5117,0.9493981944818999,2.3908141134057264
5118,1.2786862095307767,2.152925421082548
5119,298.21490681154387,32.86095928172412
5120,17.367352381825036,5.251741171773283
5121,12.534229533658195,68.5650004893098
5122,0.3503112197855822,2.6737176965307925
5123,138.84607645759917,20.570876751417806
5124,3.8186453396752116,4.839817246223868
5125,3.4354414968985423,2.929533474359375
5126,119.7238812867659,203.89551931888425
5127,177.5683714248985,178.67466405138893
5128,7.261463662203853,13.645410080910887
5129,221.81127368109648,128.4606409156691
5130,89.25075613247475,56.83621507389428
5131,185.05379661588995,56.314323904766674
5132,31.090204955435013,59.046284366508296
5133,1.177481647322512,1.8716035658029313
5134,6.932084244198367,39.292588800327046
5135,32.73188336530392,21.00974635122087
5136,46.43596272072141,133.8508201757255
5137,16.198793746284462,12.578832422450793
5138,38.24216128068403,40.935288955741555
5139,14.89025989807216,39.014060316571815
5140,96.549011223594,40.06413042632806
5141,39.16712215144284,125.2260524427761
5142,54.98090245059556,30.781430261613238
5143,115.2329743211092,166.0030173355565
5144,344.9238598113971,54.5034306230445
5145,27.99210931365087,15.142785308534252
5146,16.45230800341612,60.44601219703359
5147,229.0641335528905,320.12467300896014
5148,2.065566938806084,2.008016385240315
5149,48.03710354809799,79.10089581449832
5150,8.344362190025226,19.634638587625133
5151,70.82663032983798,39.66872354213714
5152,106.60543257376764,14.068286431135153
5153,15.694321184737985,3.641708536088072
5154,47.267252711445046,31.883328407316107
5155,12.46142578715274,19.093126447993228
5156,51.16874828876496,38.73225341308588
5157,8.559944731876728,5.58419762656735
5158,160.92443119382284,45.54428871865227
5159,20.65667176083442,35.005128830363596
5160,32.63362003338652,74.76302286725951
5161,240.5749016284558,47.883120829756145
5162,86.03266459718165,15.713584713498106
5163,9.49718644873921,23.700561096187748
5164,59.872418354215185,22.92896935658064
5165,3.26428484367664,26.7153762806715
5166,73.22616649621048,16.42203443869567
5167,93.83602180531436,137.59808627381756
5168,0.4549563220140851,0.5230723037669861
5169,266.73616124124044,112.0636186218972
5170,49.468224008689376,14.23382902834802
5171,10.021811171738094,4.616950362979515
5172,5.14013219586259,2.663779914243595
5173,223.2695530279434,110.36327653642614
5174,13.957962382490843,13.437898844839479
5175,87.69052906205857,96.50064565006295
5176,16.111792286438373,5.764260661542643
5177,25.427023874472077,113.71909156170967
5178,2.599615764701439,6.292063721979477
5179,377.62286919738216,197.97677338313633
5180,9.93877855201831,24.627216234002365
5181,64.68385126643958,23.296874539896987
5182,27.966169519609846,142.7013014416808
5183,180.9170034267598,60.491841539005286
5184,18.288371386652926,17.815845561864755
5185,306.84209689191687,41.76988094610416
5186,74.35946924319477,102.00689963572955
5187,63.40545784625844,184.77999518035654
5188,7.605467279521861,1.3213708291182287
5189,147.55235582317167,130.02395556444077
5190,0.8292904538427686,7.7175369796272975
5191,97.36351000016558,19.5616622043597
5192,27.420057863992177,166.8383576907119
5193,1.266523995836376,0.582316778070168
5194,5.8413890898776675,13.543752323745228
5195,150.5441697999449,17.056826355908505
5196,35.44792237090603,30.208141003670427
5197,244.8642111896189,185.45029523961676
5198,64.81964907365958,41.036164608233236
5199,74.67784805303515,12.603061175773224
5200,48.30731955121347,62.63969863138644
5201,151.83477367531475,146.42133908397466
5202,5.3657719636919055,3.8912523706218964
5203,161.86852081697333,339.7762897373281
5204,285.86990658767024,169.13682586387318
5205,22.010814058775324,102.81679626005474
5206,37.27739514265579,57.00822179706726
5207,108.92720963961627,125.7694722745916
5208,186.31937988760166,107.01387216513304
5209,33.972371488530506,36.08692285958704
5210,28.45795096447406,27.48558556721758
5211,30.846814999439264,16.631878634628364
5212,15.188369988174685,23.34092596975818
5213,19.905161659848456,17.40204754791954
5214,10.750648702416557,8.856233597416383
5215,145.983287294038,191.25398169776955
5216,3.0122177312920746,1.326784358773731
5217,60.413714703970996,110.12700986296946
5218,130.7098011021843,20.232305168642533
5219,11.013877508883413,52.389229051709606
5220,5.326753488979971,6.494614888445861
5221,207.41892580598392,40.935995271666656
5222,2.6835281950908727,4.390492921652936
5223,78.76543444554474,172.76931719065132
5224,24.395193292883757,86.3566681740513
5225,105.15238721677535,71.93287296677549
5226,57.27057136330028,8.463821944627334
5227,24.161224723882754,32.31569346472397
5228,50.28555079439987,20.49006162899616
5229,5.874488704822915,26.86448615426671
5230,3.9647824346659983,10.81105938805833
5231,5.533363090992929,5.756428397567057
5232,73.59755271999477,25.423505056252637
5233,148.7974303865051,62.10749626537894
5234,15.098822114074501,41.37879107434493
5235,25.732088112458364,53.36906208400805
5236,12.033957051406402,24.818142363622428
5237,52.057168797957296,7.092994118922036
5238,17.04411187948937,39.384710635512036
5239,282.9971046637421,56.51349155344316
5240,155.28297359989187,65.6822852538739
5241,149.06583649860184,53.42639629294779
5242,60.383763236132644,125.67668745122846
5243,42.97313016102966,14.713733236417996
5244,8.147131815786823,5.836217121870982
5245,70.43588143020622,398.69178432018896
5246,8.092124493259576,12.788836509186526
5247,4.889540760932798,30.892424353942964
5248,59.84385187080496,62.29913742949928
5249,39.99895688753908,8.346386663333455
5250,130.84716937165794,399.8306629771045
5251,32.85254574523254,17.267111634099173
5252,21.820730521678946,182.1329098328614
5253,2.48505485946432,0.6331484204446275
5254,211.33570178210636,109.9384162086985
5255,55.08079356551451,118.81900552463438
5256,99.44507320043985,38.206127387904864
5257,5.668158293519161,29.8993920433386
5258,17.71970873949752,30.78852347716176
5259,434.96304293296714,72.01079483219203
5260,7.880516688583349,6.3586810139506005
5261,9.83376035181607,3.4622287776851532
5262,71.03795810983314,89.0509742631281
5263,25.4192886039798,9.418506812443907
5264,184.58137552089516,109.82130847351037
5265,92.32732604515567,36.00349441232449
5266,77.48261418474286,6.963058718733274
5267,10.300114607274441,14.066835740924489
5268,4.614813950438159,13.784962849806437
5269,8.9470404361094,31.108024844913892
5270,3.019091585281216,23.41886302446034
5271,33.39344053984901,42.25087263687909
5272,64.31381593840469,95.23001569792144
5273,4.075800592118272,9.898369812489644
5274,12.048677186403628,6.551521597122354
5275,6.999596838238791,6.705493021368972
5276,76.31948498223765,9.54866171461558
5277,89.4083146006826,13.05562122569011
5278,30.863466881965195,36.14752045185609
5279,2.7889037372018595,1.1803876877666468
5280,53.206383746219636,10.15701788076274
5281,6.204951280597464,2.7512194349964645
5282,92.78532962708383,11.46963390670212
5283,8.30718932405196,63.36500568514648
5284,10.85170775531602,9.256229201272294
5285,42.60874691638856,161.38037355915975
5286,0.058609666451590714,0.404567300357458
5287,0.6623625577430552,0.5463357063305126
5288,1.4717759725474961,2.216905875218279
5289,159.9215853001912,309.7206059105381
5290,241.8331587771816,90.00073364457917
5291,39.73284322063063,47.29333148543503
5292,7.027712443196697,11.566171372376456
5293,151.64819606146003,137.65175361570942
5294,21.240789226631247,100.89935419832604
5295,2.6347756743198776,9.836411409304583
5296,3.4124957398415594,2.355805071459442
5297,250.11298387152902,210.64572517433558
5298,3.00403036544893,3.4917357583458326
5299,11.28429236869806,96.54098180110559
5300,2.4894466684783407,21.692281764987445
5301,112.66290547066566,98.45458743997423
5302,45.63124150984715,120.69223522656068
5303,13.798668307723666,11.792553717666284
5304,20.270903966192872,29.971422517413785
5305,20.729097613114927,4.153504510339118
5306,198.60860053331322,30.803535360806556
5307,45.31112302329389,22.334996903182002
5308,24.62143413475681,14.40741434164568
5309,6.749082304421394,43.80449734948947
5310,0.32769276383993384,3.158915001241183
5311,137.83913778708563,76.17613764874488
5312,52.89955669593056,17.454661975401198
5313,1.1154798284373848,3.633530847449033
5314,50.15885924573957,30.715733477787694
5315,127.00449619413071,16.544859626779033
5316,132.63995819558932,234.878187325127
5317,15.146764342821037,2.9614454594439095
5318,86.80623957859426,29.912966538894825
5319,10.94057856565318,38.18158914889764
5320,25.34307530210729,22.814432000438742
5321,51.504601192690174,32.50290139571342
5322,0.38202418381510417,0.04471368502904283
5323,19.964745943633336,118.59606781914223
5324,35.47966485045302,116.58011995012085
5325,1.953632628305477,2.173362605138363
5326,51.83122205658829,30.60535062491143
5327,9.647511162397508,22.373148725761208
5328,105.44984989681858,117.41958333253656
5329,10.941703962392038,3.4073078177014122
5330,24.67751035205659,14.723568724133782
5331,4.2280450586371625,29.025253963764243
5332,6.959874784536078,5.346622201879617
5333,4.325230405481677,11.63022876695642
5334,81.39556874531691,45.61032758196236
5335,41.71876810855902,72.77275985034726
5336,57.185806839249274,185.68257123256802
5337,154.30608326413238,96.14641059593536
5338,61.629573815118235,25.60630794893455
5339,8.03203588499024,3.4866390523582544
5340,1.2080490485573148,0.4250660096566019
5341,84.13694418532882,85.87758837983115
5342,29.37957973406866,59.45030020504787
5343,286.82945797741417,227.41716463473193
5344,15.719620595508735,65.53338814077827
5345,1.6412964447493912,11.80307377504607
5346,16.966005767004283,115.74055404545328
5347,6.269609174129409,14.523630798369457
5348,31.626385990217585,214.9727804567153
5349,60.505696383436295,54.29652744296892
5350,264.7308963225124,90.70098865646308
5351,231.52723520781163,287.6576556240602
5352,237.71621765154492,97.33670221479187
5353,3.6635662459170413,0.7998301004435935
5354,5.490778222740908,20.383347113454253
5355,17.379220681644103,10.082581176081778
5356,89.94116410443692,11.174541606963285
5357,69.45608207722216,11.609975397675095
5358,34.86868777790097,183.53454178133546
5359,18.05246367750767,6.962261277094435
5360,52.09914668216568,85.97556239250879
5361,0.8791605879628142,4.756079411138718
5362,439.0936977750113,124.43043735809097
5363,258.6602232859504,67.18299686438337
5364,6.1664098941753975,1.6374274525020192
5365,77.57844187772778,11.240051555709586
5366,15.188173895579665,7.006671209813697
5367,12.741147722888305,94.56708637899288
5368,125.15167203082463,32.03319342787249
5369,81.90269492351251,90.14217497314255
5370,129.03739817447982,51.63011478326685
5371,4.405028824086813,0.9513181833331786
5372,31.845714060050327,41.17408532232432
5373,39.40089459104835,334.24374690136665
5374,67.1975285203795,44.758980967285005
5375,76.50581764865096,22.766979492792544
5376,25.918826681596197,8.914274849694916
5377,63.419264099532256,187.35991414560576
5378,1.8345322180388648,8.542742896201974
5379,33.10759033445414,103.5478966161057
5380,88.80870864690498,19.160308448453442
5381,13.04759488441828,49.88038018289099
5382,9.1979154562605,4.817664464271891
5383,1.1080150835589282,3.969525346508951
5384,35.04182907934292,13.869236515337231
5385,93.14917639768848,499.4531189988393
5386,78.94011659599946,167.53356134966245
5387,20.0658196146769,106.3024026010345
5388,19.736370185818608,8.093791454617811
5389,203.19451592492166,37.962214562202774
5390,0.8128531615498285,1.756385674281833
5391,60.03377393192115,41.76094842083383
5392,13.827267266507707,8.542228487207478
5393,2.634872739957748,1.3805832514436296
5394,2.807528628692422,1.313685738243863
5395,22.823295373635574,142.11781894164744
5396,4.641014906675696,2.057057868099071
5397,1.3390625571825596,3.666591146340256
5398,4.948192113752824,39.38141444371336
5399,108.47833804912403,54.52822943275777
5400,6.264123128076019,3.071854470622645
5401,30.30130672292524,89.47497457713847
5402,0.8377822473708938,1.973196695725675
5403,61.127437828074356,34.36680682360627
5404,0.1365098173085837,0.15105050606798975
5405,28.44594778337987,64.25791364515125
5406,44.717801854837596,72.70554731396149
5407,113.41880038395861,24.93085787585919
5408,29.8610008491262,20.552874961141683
5409,427.59269456835216,90.50342422014528
5410,40.402680203560415,41.553459959667684
5411,74.36375240770681,56.381647560095665
5412,124.86742843892651,62.71115610163291
5413,10.608589575325048,2.8459289920615682
5414,52.29294271544912,13.664200253608694
5415,31.183195739023752,8.696850161015169
5416,55.96563180416734,15.336561276834535
5417,8.778933878955122,42.10982324624255
5418,48.35506344165072,33.789900998112785
5419,90.82312976508761,216.65711853564676
5420,56.82177442985036,36.15709290724141
5421,48.09855180434863,51.343363269374
5422,6.639147801055659,1.5392290637152057
5423,219.3400638418236,93.09981141641781
5424,4.518375920508456,6.313146356639273
5425,124.51880967154227,43.8542649926347
5426,191.62672229386223,125.57461165386184
5427,5.330407008158691,17.747475621141206
5428,4.308587670583627,9.118949188155483
5429,3.586255632263959,1.1212163361712597
5430,168.0519455690373,41.03977111494536
5431,4.659069126875432,0.637655890953977
5432,35.901685937229956,7.585257582808915
5433,80.44886396333176,96.40708573983107
5434,46.98540314969364,97.03461294269405
5435,84.24977620111079,64.63736193348782
5436,1.8821434723412689,4.446167263216152
5437,3.0423273990593787,2.568436838935194
5438,43.36953091021128,277.19640232609385
5439,99.46203007984377,16.828944377942314
5440,3.3622779698208975,30.54135435579136
5441,17.002152492845614,78.5698994582627
5442,30.689700189813614,16.85951623672471
5443,64.70892286910632,14.61361670575178
5444,14.621889585260337,13.601299790261663
5445,0.29439765994590883,0.45832050208550357
5446,4.236751280994773,5.106747001898914
5447,25.18280194511458,17.167641624161007
5448,4.523563741054652,13.100758100803585
5449,191.89010875745248,220.41842710200154
5450,65.33672214281043,211.12088409649715
5451,16.14397205917302,41.59073981672911
5452,40.56653106424763,130.7462131792169
5453,6.511541331233995,1.7863417949543376
5454,44.786914744088826,11.66469430553238
5455,51.821344057345904,18.90828293187757
5456,188.87648340675108,236.30548625425007
5457,92.60101866362102,25.663868400880602
5458,21.30805706129742,45.58670228432579
5459,0.24549434882176624,3.0271748702120007
5460,344.4534960061325,47.556147770642376
5461,81.85398819790814,11.99740681818269
5462,58.84566668814174,97.53596131822299
5463,102.72477777643654,220.86566424936603
5464,30.3315012846767,80.60833578897594
5465,3.4420253384015203,0.7136274076724878
5466,235.7704653044833,328.549636188872
5467,12.70830508204377,80.83244895177144
5468,1.0696844979480067,1.0471547455410608
5469,199.30690963823685,24.453278779527526
5470,12.494263244566582,78.43725048990758
5471,210.1154256941566,110.81769613916741
5472,53.823172771551874,346.81770629494395
5473,44.1964115808842,153.9884646795389
5474,38.74972142416078,29.13214941851565
5475,237.7099127125661,68.69563927156901
5476,115.24069597142707,28.176494705343433
5477,193.7603842880604,91.15163608339695
5478,118.75098879601056,105.71628820632036
5479,4.756264956979969,21.759004543451717
5480,19.417707943123684,34.990825285865796
5481,17.001308465090613,3.5676043717351584
5482,124.6083383644183,70.30535601359915
5483,139.65554654513383,185.20395616071045
5484,79.86666100762855,55.76330158813945
5485,5.781180569289293,42.73031802351707
5486,30.068576518796625,113.10633841503396
5487,6.270357973682713,11.765393621225567
5488,66.8776822883912,278.6194766764436
5489,256.9563448483466,153.1305802317525
5490,28.182716499762133,13.516166651939844
5491,267.6317196226919,237.790687859732
5492,12.394668618963763,13.39155126799653
5493,53.32261702885074,179.49860392829197
5494,8.074687385025486,14.51268794182424
5495,447.6596479484312,71.09948814273761
5496,90.50601523028746,64.49932761918208
5497,246.00849913072148,31.378867456893424
5498,0.37714321579464816,1.2243105017137794
5499,212.60624600770416,103.37794455856816
5500,12.988516274841105,38.33009487828013
5501,6.958916046411163,29.993223995212244
5502,2.620123192155371,13.884705346039619
5503,7.111754094573264,23.090030668970755
5504,17.166848492151946,23.815906315831644
5505,7.406458927765801,1.3701048339534756
5506,80.37297342464993,46.53291745039664
5507,51.62311661930987,114.10336277644123
5508,22.298134118370616,77.67143789960298
5509,162.80964734363383,21.54877704742991
5510,3.179233669333435,25.537294270233154
5511,1.92434919088745,5.709112115086288
5512,201.8283940712823,313.3448661561871
5513,17.249902121532003,14.619742267137713
5514,20.44880528734625,107.02100767955153
5515,6.434978420957556,5.865817070828665
5516,105.65089417034051,336.70502697499285
5517,12.974648215962002,6.824208180942797
5518,2.1020459374999922,3.538022162184169
5519,3.449865330139894,4.173782196333217
5520,135.96113763130876,267.04780821346117
5521,1.2818803806039418,3.366277494645202
5522,179.11491277230647,36.08621191383586
5523,26.16027571211162,41.07261198519562
5524,2.634669493449337,3.3998730093808556
5525,21.393540526175627,7.429177477881066
5526,63.33265627423547,8.941848440806728
5527,17.40991924634939,122.27545703820365
5528,13.231611985042559,26.9778899281792
5529,51.34293489619568,53.97204826385402
5530,27.835968571587223,41.79612804091465
5531,0.2890428107991454,0.44606981085828845
5532,72.38648290503627,50.745971311185755
5533,26.40928922860165,13.670777028160678
5534,20.427768869234885,70.61286280186384
5535,74.67377573114096,86.15820240114762
5536,19.990983115564596,13.877261653646086
5537,0.8827497145519698,7.609686318597233
5538,8.97077036217875,6.191528494696499
5539,3.539268504364846,9.161650925499986
5540,10.290433604292424,16.130402608716246
5541,20.43339991545865,20.38028723943393
5542,180.53932847269562,154.06843499802838
5543,57.62184681190629,132.03980222731727
5544,27.7758706992001,7.87018953458549
5545,285.8301621923903,62.43605699024438
5546,277.90326804569946,102.04739804333947
5547,56.67949098688462,103.67791163461573
5548,21.38291992838164,7.3498336159779285
5549,237.659991814482,155.10431476821898
5550,19.217491994952002,15.5730579755899
5551,17.63793516557862,33.161052686504426
5552,0.5098056550001933,0.20131578912405612
5553,8.30189473810337,24.931351677224118
5554,10.472984954324247,6.906513476334639
5555,22.58341606861692,6.2410666967671204
5556,8.33458518883171,7.073125852290186
5557,86.8790048328566,44.479149695096794
5558,14.894785495424625,2.936346642613458
5559,2.5444620698967895,1.576838367062682
5560,59.498155473702695,16.67571749667052
5561,13.321983735832475,101.84164135668019
5562,2.053524123315765,3.244498598221602
5563,1.468608155716794,1.3414067429252077
5564,101.89976187958426,189.69133493096172
5565,1.7849338237877876,1.984547030850626
5566,0.526677708322111,3.723644365141244
5567,52.79777592776173,31.207416775278062
5568,14.736611197198965,2.99270519389747
5569,21.216614716224726,78.0731944173411
5570,15.11273998986492,3.7921625759033506
5571,4.7535385567456885,0.949364383173833
5572,51.18516558803185,6.171613780096979
5573,16.677712505056707,76.22544924420268
5574,112.88762345301976,32.85999378515029
5575,7.196379794385933,1.6371149021388276
5576,7.421370792015246,3.4442474236023437
5577,1.683363013386659,2.0969532839545537
5578,11.95157192649054,4.194944115553566
5579,315.84668882270154,219.3647023250774
5580,193.29788020670415,30.854462169660877
5581,134.72551118704277,38.01455344664593
5582,1.1891387118091907,0.2897732063421582
5583,41.17602116660476,286.00537623730327
5584,58.439257929481684,58.346110924548974
5585,151.56988408589382,76.35070880500142
5586,17.58774785530495,49.98900524852775
5587,19.632942126501526,16.05773623867901
5588,1.8307907586029915,11.853030161502698
5589,52.60418302932996,69.7841275565466
5590,7.201479593308106,1.141816158068877
5591,138.50484180629329,348.14230372505574
5592,86.93628367135611,28.73480581447778
5593,36.21027519370256,5.55968179915562
5594,30.86330795707227,19.125206495520427
5595,4.001209849168389,6.443977596352925
5596,66.07376877595291,49.01908206471183
5597,52.51509956300676,23.377384936586722
5598,35.641512199991496,43.120933078503484
5599,111.20874462914796,102.77711232966709
5600,64.03176359631323,348.5690389850272
5601,11.797472245873124,14.515582990677352
5602,2.154129378756269,0.8191023583410724
5603,40.93621961380191,127.43973373865146
5604,393.76259635972485,47.1681936811083
5605,44.41860708763839,87.09859042540987
5606,4.704454976676013,4.311124298041335
5607,47.07305725186514,12.660697924928144
5608,116.27789304492057,172.10599369512417
5609,29.24531281766198,3.911482918583929
5610,12.91488178030283,4.856411413165729
5611,195.4277947414733,157.07447611078481
5612,0.2019338293769959,0.14819165022318204
5613,27.266928414154087,49.99220311002669
5614,23.566935897148685,19.99727551069652
5615,80.39614058669271,215.97485470832467
5616,9.875557696773823,27.69537309980362
5617,104.2602084679085,88.03603062161443
5618,24.668963598397173,27.239840576170756
5619,102.51912121352817,45.19244030364297
5620,17.94809761745487,82.51069739426869
5621,0.7925809489704845,0.33987493329676244
5622,4.626711801151971,3.4228426688711022
5623,29.35951001810316,48.402410308279634
5624,0.667851518878454,0.12242261138664234
5625,83.08847030075277,31.563755060432594
5626,11.419775514994308,14.089753702334356
5627,24.291857194318045,19.309159001899353
5628,56.12463174021112,47.868965639690266
5629,61.04603424047749,181.25775189785227
5630,198.04723599857329,33.75167468960666
5631,52.56693302926249,228.6183016717025
5632,36.211184780971436,66.29645306081954
5633,96.72451573148322,41.485030850994484
5634,18.94959149325532,3.203672544465057
5635,78.30119872596835,29.112398984969104
5636,8.228730282875471,30.919989953102895
5637,223.47997358081233,260.20637104574416
5638,17.0061166080995,15.103169752043739
5639,82.88296887003017,46.198667178614826
5640,1.102968120263203,1.9131687955573125
5641,5.295102205257144,14.415872576868873
5642,194.7632593029125,189.41297551291171
5643,232.80477401809173,181.42057247533245
5644,67.66713932691546,130.71177880360057
5645,6.743462755027165,47.00441398103016
5646,113.51120190543938,30.02895094132463
5647,221.15065859111826,49.138766004674174
5648,0.2030979390086769,0.5596499729933981
5649,41.49610690227716,7.5903616670667065
5650,11.354851334219143,82.08821030661134
5651,1.1207454757108022,2.23672576089174
5652,32.75065402600992,113.74255423969899
5653,70.45672977760421,55.13706299732579
5654,1.7464056005780924,12.47561562459178
5655,15.264372074635812,60.669115086327224
5656,49.83974572503624,6.5821092198300315
5657,211.77501856424126,219.93613238489496
5658,149.89532670377224,78.04436246806927
5659,60.122035680298346,6.74906374081317
5660,2.51361926854395,1.5258212367139694
5661,8.245617022277495,5.675855541407231
5662,112.47178965361543,213.29487397422076
5663,62.42097432814751,92.03495155660062
5664,7.620374952055595,2.531763297857072
5665,190.2101976266831,216.55947386902284
5666,63.35183846615931,402.1903312691836
5667,8.001591778722648,14.414180102973017
5668,10.761844035854626,23.439845477979247
5669,54.90049969286531,20.426517237629078
5670,74.59776010875392,121.42239036751538
5671,30.44874987619119,71.04282272647545
5672,78.9330022705371,24.322483723078392
5673,0.9156775578842944,1.3519220866586954
5674,1.5648885380397348,5.326954969007056
5675,36.65178751050797,31.477700109224465
5676,57.858097398934234,39.349656561152585
5677,0.22920502657590736,0.8675189549242277
5678,2.1812558900117205,0.7962770475032984
5679,19.879849908059114,12.582806895498948
5680,287.8645642093632,232.9187331443754
5681,2.6225746143884674,1.8319385935163197
5682,28.468697648480166,109.98265917878473
5683,117.43887644690035,198.39771602994637
5684,71.29555122237602,216.75119048468025
5685,12.78950025742979,39.85641884362999
5686,112.69718495350632,88.3097490551991
5687,11.030088817872226,7.455777145223102
5688,20.98516680128113,9.041983132102976
5689,141.39019059545228,158.0274942925857
5690,59.472699122446215,31.317130783158518
5691,346.40252132843113,184.42713171446312
5692,84.20928544305579,371.7786180179812
5693,24.76856966989418,52.35532775103719
5694,2.83122804092644,0.8062130771729894
5695,9.352286126768508,1.3388371500684317
5696,17.35842880168709,9.770110760090253
5697,56.10359568830822,89.06923603355645
5698,23.218831331032405,38.33722658811443
5699,3.3151685905437605,0.6300971214583092
5700,82.2733254338904,65.3517964474442
5701,54.135067647180065,38.67866259459883
5702,2.5774115148044716,8.03774773659747
5703,69.42196359174076,78.25098975049112
5704,29.627598259153714,36.58346660503131
5705,45.58414064132616,50.03289680812012
5706,72.64778215682766,103.24643540356843
5707,0.9503108409393213,1.6854784227485304
5708,21.38695059368741,7.955685319140362
5709,27.36424412632204,47.3991525507347
5710,2.1135169589885106,3.6409512471845122
5711,103.69291620526305,116.76418172526138
5712,67.10001093421305,34.24322646176272
5713,9.563841605898148,16.69116544068312
5714,24.140338505890526,86.10705208202454
5715,52.93190854490552,11.472351506439232
5716,13.924981004783001,40.57268844974158
5717,29.001032223408522,6.244939640080292
5718,73.67482952517615,17.91103237185707
5719,37.687127096587226,47.73654649169239
5720,206.64553726891324,105.44489371658504
5721,106.2741988347205,42.91183030477906
5722,189.4223233193403,112.64354495014669
5723,1.164770430226654,2.949488794807526
5724,16.498274578488818,104.09813724210704
5725,98.90029023397169,46.78883165201641
5726,27.048574674878864,32.18075952403681
5727,46.58700437752667,12.11666602852885
5728,3.67198562525052,0.38397984913482885
5729,32.657358143009766,12.86393793454216
5730,50.25351687720405,91.74207300525298
5731,67.86855212676775,103.20522251531321
5732,15.505658181214512,17.23681439805527
5733,122.74803448827053,26.277681665890544
5734,114.8978859952748,34.453654955550306
5735,3.4452100786762543,9.352727922358207
5736,26.062823352643754,5.74249392429821
5737,26.94931734063848,5.904506152621358
5738,28.95587710815653,10.613485484865542
5739,94.51954694012868,143.5345376170876
5740,1.3161180633163512,0.2710159665330908
5741,5.0844440599004646,12.634064086420343
5742,48.51106879056875,24.631485773461936
5743,6.4834714121619275,9.962718488551294
5744,3.625247834216915,11.652399583105964
5745,41.408513591628015,19.79824206903258
5746,215.35696014068495,96.89681796356882
5747,83.82393665013332,101.33107810713692
5748,44.644549307510005,14.841630098025002
5749,1.922086237233018,1.1345040511494902
5750,56.497690788005826,41.21976736141258
5751,14.040021319827044,23.016336252579766
5752,3.2030897215272436,0.8394291075007672
5753,46.87876948880249,66.49284661111483
5754,3.492276194919931,3.750196968534949
5755,1.3583693681017954,0.9218558904220454
5756,121.1821538911828,181.26865641227795
5757,45.46238248429371,21.590528441915446
5758,22.50325911415373,35.22768339212918
5759,0.267070767450142,0.269549632682764
5760,93.97427123187755,133.350788038737
5761,1.501782588551361,7.252948542789093
5762,50.82263981481556,21.486741923139427
5763,2.7050104084314697,21.339304506518705
5764,81.67618379600539,38.942901710100095
5765,0.7258439206809577,0.46686718674934435
5766,20.589098918788704,48.22876616361001
5767,81.70242326989637,11.8498587285237
5768,6.8610847814354,47.13867299372768
5769,24.436384454974807,48.00666378327305
5770,43.43757420823007,11.052772354064047
5771,98.27809213048349,191.23452421955963
5772,145.89687084444515,191.85256872313434
5773,11.52446992128379,39.464633201765714
5774,42.249626390033406,345.2553074911672
5775,226.93588919946592,143.4450537996642
5776,58.11058179285546,25.68893832106774
5777,71.85062062440484,77.94103910001976
5778,1.2488474651504085,1.556484910058562
5779,15.4906260366352,4.051684153303451
5780,5.383810842740813,6.7283941807513274
5781,152.0950478352134,135.9617620331798
5782,106.48496572547302,293.31519527515997
5783,128.7765991767999,172.11690858252018
5784,46.00260452957067,181.2926895470872
5785,39.95200628360552,14.143315763760192
5786,41.958029598668446,5.35608027615307
5787,58.89511449159092,203.8456280969557
5788,1.6235812109452203,0.918119498696982
5789,136.00836067639156,81.54652605160248
5790,39.20509670486206,37.90261473255264
5791,2.1200550069466138,1.3894899667615268
5792,2.7278318299650874,12.89467158355174
5793,5.316403963076814,9.528163849897208
5794,145.57883474494815,39.600418565072815
5795,0.9980564604744278,2.3730806149133543
5796,1.5710135283146982,10.138614210140744
5797,6.899932770416207,10.620699076328558
5798,156.94999751606682,45.533277827893684
5799,10.937048570218302,11.265363436272192
5800,10.159851284899993,40.61517806762359
5801,31.54434275440716,5.773711000749333
5802,13.641536413232775,109.33606796646026
5803,20.282863653246054,16.454887693332495
5804,7.701759488088847,29.15761974488611
5805,0.8340426195257848,4.582927460356024
5806,1.1966350397061867,0.3546580226148456
5807,10.46822038154825,10.849112426541804
5808,55.9482263705307,72.50551168507894
5809,200.659640447732,136.4264341226494
5810,63.392386483781785,26.927630520529416
5811,217.56788572499875,139.96396793705287
5812,10.755605542616701,87.78454957623723
5813,10.17021701795566,9.944915648716417
5814,256.85379265668524,106.92508049521871
5815,3.2424716845303623,11.42280866163711
5816,230.24340711885657,30.236744246835727
5817,35.68356517590196,201.7617448639001
5818,18.43062394021101,102.91306869873398
5819,1.5390664563135572,5.029071347807507
5820,0.9703546736479023,0.9768942678095446
5821,0.5396732484454041,0.8138031661539707
5822,125.21322800227713,146.8253963170847
5823,26.184879178320557,201.25315940888302
5824,37.05244033802561,112.20008012465142
5825,55.52531163167232,72.77718121910527
5826,4.4807970303258315,12.046061762227787
5827,20.664441888379358,98.21437886270343
5828,5.1981054604331876,7.981340028168955
5829,13.906565600959377,54.428911864666574
5830,196.9226882409464,232.60183758923557
5831,21.72249037790704,18.47157113323546
5832,183.49059774717992,146.7221551445021
5833,26.337296340181634,84.73813744156129
5834,2.5464209160650633,12.616622160558121
5835,52.83281423020666,129.93056435281852
5836,69.5923460437886,41.12441298061136
5837,50.67983886249099,66.51661357604185
5838,122.36778508340443,102.51471833579612
5839,10.10418994638766,31.58473647593814
5840,123.11542778117098,18.26339590611562
5841,0.9018626164764876,0.15459536206254154
5842,9.869332010734313,14.407072120981551
5843,268.78484661698906,73.16375597413824
5844,94.67805942046064,73.94127242974528
5845,3.4649911573035617,13.971652917266399
5846,7.379697516001571,10.249103237885604
5847,33.60608427557514,7.676003715421369
5848,202.26512796219328,68.14025842561868
5849,1.9341460784075666,1.4804012173345171
5850,25.087311009334066,9.573442807346181
5851,6.797587848517482,2.8128203065988986
5852,16.985312829613616,18.758572598806587
5853,134.23269501243936,146.15683007234136
5854,15.465746891097183,50.221162669734056
5855,13.391819165966389,2.543831695007258
5856,87.74741359593322,296.1193032073219
5857,0.8762431993337592,0.8164500517723932
5858,107.18701542235682,322.19414085891106
5859,59.69713987896013,20.079706421688464
5860,25.326866865473914,12.611198514664517
5861,109.95294210716723,75.23316450405451
5862,13.162999484183633,62.728001933598435
5863,30.684720233410534,27.239233282971018
5864,1.3433716880138065,4.8396992744804175
5865,56.94445628605314,36.54226460184194
5866,36.972189274344416,9.360807651747079
5867,73.97313700544383,119.71798989276776
5868,9.103327815260903,7.641574091176721
5869,8.434632120799481,18.064238225119013
5870,13.818042662834705,82.97391883265956
5871,59.595100418880186,74.50274202461519
5872,1.7301208598594562,0.266526165669542
5873,11.428905355393784,33.17100708742522
5874,30.247037238016567,23.312635112016338
5875,20.457508455146247,15.100630897270797
5876,20.383428918569646,55.004690930046394
5877,83.06476620171648,169.571153103979
5878,32.50861303570377,32.074977342837215
5879,20.264033321751494,86.97771145220814
5880,11.943138966059943,10.524705723727095
5881,10.48187697941635,34.69962223046554
5882,1.8563824286176631,3.0689008137675016
5883,2.695107144337476,2.6401711611594543
5884,10.399579324699307,19.121627831822124
5885,2.1584304832769186,7.87094814477111
5886,1.2604114081048456,1.6578785020224993
5887,4.631855353341241,6.963107185765494
5888,137.60290397753033,19.96703901789533
5889,14.081779656223121,9.50083371079302
5890,4.1046199711720135,1.8246421846298437
5891,3.8301323862070116,0.8173675750362042
5892,39.64796437507797,19.546842232063483
5893,0.21300027280211742,0.254040484414933
5894,15.263863001460244,6.7562138430707375
5895,66.2957807901434,78.34148989117578
5896,143.76656113650677,113.18084408234341
5897,2.3941844792046787,2.488734134324139
5898,14.98465600236037,6.621410580864492
5899,3.598202529365892,1.3036991025105042
5900,36.16362959537733,76.90323259537809
5901,13.038726692668991,15.32422372445105
5902,10.36452456503429,30.815561706409646
5903,6.746851270141334,3.7456830304234443
5904,88.7392573250513,207.2968754907032
5905,4.281047204748646,30.27164351333826
5906,3.957813621172634,5.620080913168702
5907,14.712011827404769,29.050225125028277
5908,0.12151290210552368,0.10946951388524284
5909,81.64713811573937,137.48883660958697
5910,9.769735001395148,1.0600557245948914
5911,110.45432279730909,71.28151816254808
5912,5.315573218449439,1.6707784293900643
5913,25.712805851412774,25.599292329790483
5914,26.92966780276827,3.874362309732915
5915,42.25706246755473,39.00671230503774
5916,121.90870330672838,42.93868846824095
5917,2.0921514295854307,17.507073379368016
5918,55.20772731025062,184.3374226700356
5919,32.649279156515185,13.699820418205505
5920,109.35772117248148,40.65485766064214
5921,341.89690466202455,185.02387462415984
5922,20.41057014469326,37.54360740942979
5923,35.10497414232606,179.1334611408063
5924,158.16745270398798,54.539620012280594
5925,18.306432232278667,39.16498816282396
5926,23.465932492292524,133.23892998391483
5927,72.95709932445729,52.490714612091196
5928,18.228137197167907,36.59400415753801
5929,64.93761650449886,35.24951804200287
5930,174.99430095376854,189.82366657336382
5931,13.201328240504207,6.729779187513007
5932,2.5280675486859265,3.450591738285877
5933,225.58767665612805,57.47412568254546
5934,67.24721726503311,256.2316422733582
5935,147.111270467118,17.915271596447454
5936,26.170410849619547,25.841065536763065
5937,234.44745556063026,35.77759001782298
5938,12.041778557110511,36.82124046949292
5939,40.28164121521485,19.666009662213796
5940,3.9070596378304403,4.307239392448225
5941,32.528730029652344,28.576829093861257
5942,4.338940041504195,0.7259646197338482
5943,4.1239945649675125,30.204447023784912
5944,8.07496638394121,3.531552549745829
5945,27.364391803744986,112.6749802630557
5946,31.81632313896786,7.648029959976975
5947,7.965868381797185,11.679301724509017
5948,2.28346681365313,11.340489812164028
5949,12.225649235308724,16.673867654000095
5950,218.5443675230916,169.23949535491965
5951,123.86113795952954,106.98380354459881
5952,10.63813866550366,30.270551829845864
5953,76.38922015683386,29.82747838297043
5954,81.82178914842152,56.78507987500986
5955,36.12500292300256,137.01038637681296
5956,212.44813175124665,209.10864189644738
5957,79.23636694827297,141.42421781758685
5958,3.2608431255358337,1.5759192048463513
5959,2.707490239324051,4.268347902366355
5960,20.266565531202335,20.445449049478935
5961,13.677284700018443,14.531177800501242
5962,92.97974602227303,75.02950884114767
5963,25.10134866620616,4.559313929923101
5964,20.345553631253708,34.634303041554986
5965,3.828600370398215,20.750424084470843
5966,10.767411859349181,7.639830934061292
5967,167.59588056829534,18.930176719324724
5968,210.3760264385624,224.0560760531198
5969,187.20858858917055,312.7941676914712
5970,71.40431909899527,17.603359597538233
5971,150.54795421268727,99.3840330415043
5972,28.715746250287484,44.16434027671375
5973,22.99898408693467,13.92194880291363
5974,108.03210724869187,76.66081805258014
5975,0.48084400947405803,1.7238699759764042
5976,61.56996231763013,203.8912516962584
5977,20.814228804399594,12.399878507148843
5978,98.27009530882344,114.30620970983753
5979,8.347360957570238,5.830568906941069
5980,92.05723497046606,408.1308682352634
5981,157.71114614069745,147.0752682747799
5982,16.97205805377925,37.756832609816996
5983,0.1167665374609752,0.20878067011871781
5984,15.258577173129702,22.291097293132488
5985,3.259263273697327,0.5708055491402424
5986,182.41303810071133,80.08661298869346
5987,18.631410289004883,168.55917543469837
5988,251.7818182244033,254.41678413976535
5989,16.62122452214669,20.84705332682796
5990,55.375598429581004,38.6728179856258
5991,48.891269401990286,57.83533760832583
5992,40.96241451956489,6.744295395155915
5993,122.86431598570042,418.66595246522036
5994,168.85849422974002,134.59501026963412
5995,65.27906884335255,26.84796287927425
5996,139.7174213644646,39.86244804745965
5997,4.590083735216147,31.515834207663964
5998,24.01720620226766,5.391133783560825
5999,0.4296873777543093,1.7490165805372255
6000,11.984947585245683,22.248121273655276
6001,62.4481519888909,18.818355121360238
6002,110.66381084387898,84.53339882097596
6003,8.365402684737333,2.559159301732862
6004,34.52884863275635,24.97017173324905
6005,11.496683448246719,39.17199182094666
6006,1.6398341465901394,6.681571055849406
6007,0.11093343109116516,0.22854118902227838
6008,20.892146122645748,27.549246830915095
6009,87.87735892744087,316.5957839657232
6010,156.76179626294947,254.11497840066846
6011,186.67094257935804,51.2270854267426
6012,155.55134728990146,107.64495314356995
6013,4.51707897485317,1.8933874344974921
6014,23.686028725340265,29.88384853310665
6015,64.65807683801017,187.50481437556573
6016,64.60359115837323,55.930616537353814
6017,51.81860778317394,29.539409038055005
6018,68.55413139121279,83.40151360201315
6019,51.49841527602697,48.80775690113654
6020,2.477246320409696,7.05246496911427
6021,0.7579686603180438,3.6719206779981803
6022,108.71655501279383,83.85260283919665
6023,52.56314624471552,23.019845378638486
6024,16.41154251989789,40.788559252302605
6025,18.80787696652419,4.861118560317555
6026,61.86265311655161,18.358955774106605
6027,14.344623714850657,6.071778855182682
6028,67.6604222655811,44.72817145274899
6029,5.528459618491388,5.095982234236869
6030,63.95873446389628,170.36850399373293
6031,92.5968496352244,47.99096180458662
6032,370.8175754567651,99.07721009105335
6033,17.08058988586406,33.47501076980452
6034,7.700095867162502,62.63477072843226
6035,103.0429898139513,94.43980870513246
6036,13.010534671332977,3.7116683364150655
6037,8.85377231545416,19.637746177257682
6038,25.50201048963317,42.07189711576021
6039,4.630896504193148,6.50666762870129
6040,7.4388057776019565,2.9511465622432658
6041,47.506253384525024,32.61375308485425
6042,105.42639841480617,175.3501974941184
6043,16.944822144029732,107.89434054150858
6044,38.18205888392313,20.560863665462428
6045,4.662042719100182,4.2992175932465555
6046,118.18749641773073,256.59452579005676
6047,0.05407790465142881,0.061231904879482824
6048,98.6684921166293,28.97888524243415
6049,0.2545292018522396,0.08833540801943873
6050,262.7491713306284,53.61757371085101
6051,15.847045246105704,120.40386139450217
6052,18.454506921255142,16.999081493950367
6053,47.07238166397652,289.9334023527589
6054,103.85277032347838,93.18984579892243
6055,315.53907754867225,43.844242402765744
6056,54.24224479974134,185.5906164983226
6057,5.231894614076692,1.1540773735025815
6058,26.735254758065807,43.48226059495315
6059,0.6193844734986556,0.3419211565291832
6060,16.989487862347534,51.69957861220953
6061,63.25365794353365,13.766940921363409
6062,5.501026748961888,11.784291422187644
6063,48.94003672574595,20.040094229519518
6064,2.6109447592474853,0.19749078037384993
6065,7.468360543408635,30.440882614477857
6066,13.594673949729955,4.600442761400139
6067,24.952289723328427,42.37548242787812
6068,11.177044321935183,15.806328276153218
6069,0.9610246901442763,1.1304004602518543
6070,8.092431731794374,12.48573405560904
6071,247.65004552959618,194.49432234908778
6072,3.2988857186756744,8.808159874013064
6073,4.116864174669988,5.941704553972809
6074,1.408576517298847,9.334064838356909
6075,151.78873321647444,146.72171522701623
6076,267.3286311796461,75.21553994704308
6077,37.62435076545538,245.85690653822166
6078,208.0176389701378,38.558661498332995
6079,109.21144671351468,22.91741990850996
6080,92.6539483215341,17.163006605083076
6081,12.094656691261934,19.43484609418275
6082,14.787126901549911,4.125159743313414
6083,1.0346758365970503,0.7166998696888217
6084,79.72110742644264,27.013100424519124
6085,120.32372679273715,174.3934174223176
6086,0.21108992917534852,0.019476416296116517
6087,123.85287788582505,23.98600943383636
6088,17.72196263726769,7.628626087531781
6089,39.571004367544944,7.381621408585596
6090,41.70333692721923,129.8804526019162
6091,10.471878160612102,18.245122327080956
6092,27.61473674948651,34.87931195633272
6093,33.67278340363885,23.12598178265556
6094,90.97691264194371,228.717141883512
6095,420.4736181433771,57.31603547478592
6096,16.717974853787354,29.114164802335228
6097,0.48940534414274084,0.8785193829179757
6098,30.131375560979347,17.60750982821284
6099,7.408934160005881,2.7146065369821675
6100,2.6665013546074467,4.814031898617416
6101,53.57076585897626,18.15351110674061
6102,3.5503402471550976,3.8094758709355174
6103,14.233559547831534,36.50267325329898
6104,25.282902186047757,10.745728271796015
6105,5.1841814871072645,13.03698660966993
6106,4.295675462136016,2.5312686891061276
6107,21.627943395388165,36.14493610197054
6108,1.668434145551477,1.9176766618088026
6109,19.84583699884057,2.346318961635242
6110,21.778005635379834,45.35825225901104
6111,28.464263910872855,68.32241605705919
6112,178.2702581647954,45.874227748397075
6113,30.33583854412132,36.335642338386364
6114,13.322152527166995,60.05241226882875
6115,32.298335332348,48.76098276840278
6116,33.9906023513122,21.56237923920534
6117,7.555811676736573,13.000192707846328
6118,70.41030945524794,117.27909098233184
6119,57.13018873578871,16.209435169913974
6120,4.046768961225774,32.68650436121956
6121,6.710511803381357,3.4234194197583117
6122,1.357235589681433,0.752985563675863
6123,36.16324676981952,6.907868483709533
6124,8.385524897268395,45.77588864621252
6125,12.328811118216855,41.35320505205921
6126,14.69091176424066,27.646792247003994
6127,40.84587622963636,7.882830735089315
6128,0.5129592467717197,1.6591477247167008
6129,21.764048232715062,4.1769039956027045
6130,55.49625516126998,13.012784603753202
6131,66.66511170575147,86.98993790186378
6132,42.5500313818826,30.127455324741625
6133,98.85881610912539,73.9848632422716
6134,69.49850463327101,16.703083864687756
6135,57.656270124208575,17.256800072652325
6136,14.70606765404345,49.56891722223831
6137,66.54972228733261,130.11150511623384
6138,28.169826075195818,4.9103188883570335
6139,41.630848730783434,66.71485070046876
6140,25.730062057591983,218.53429525084016
6141,17.07880969601589,11.809519817643642
6142,10.252815317152049,10.456599497627321
6143,5.286031700533737,37.837345291603626
6144,57.87860203528696,10.117901591114071
6145,20.626505378239713,5.7630977039725755
6146,129.76344395075373,23.03756459873093
6147,57.21926964078072,105.37019592419077
6148,71.24371765221483,64.67376236133143
6149,53.49201039848465,25.46318001146127
6150,4.447931366984334,1.72581037423879
6151,2.1249996699728735,1.6048797395567442
6152,7.6151664205945195,13.576752550768052
6153,1.8895440925082492,3.922851712634678
6154,16.33523819414272,57.57667364528992
6155,2.9162386164176346,4.035558989882204
6156,0.5481759018185506,0.3797587924749386
6157,181.11943802463054,25.492704448473624
6158,0.05445918688205076,0.13619097588072948
6159,22.48223426851941,9.743195169015083
6160,13.403918457389953,28.694070781820404
6161,8.630131821557278,37.24973347053093
6162,66.24125843497521,327.7718102543856
6163,9.314007573897193,5.466905347145682
6164,76.58039290548119,92.6638942855071
6165,4.87046994776081,40.634433012668175
6166,19.236460451702097,23.579436881861966
6167,0.28482538133249524,0.5407666760722535
6168,74.37514401278567,25.166577086777217
6169,1.3511443063531379,2.1786763751122113
6170,35.784905688119,73.21323894503384
6171,28.10946706480888,6.283169094996216
6172,24.916972568220167,33.397822982179626
6173,56.41098550226494,101.99920106917719
6174,0.7704977579922538,0.3468054194150343
6175,24.950263060739267,11.062836608533473
6176,104.91251056357292,478.9847660799751
6177,14.336979369032944,14.344263518837147
6178,156.46576827350606,37.16038347910744
6179,71.3999988727798,24.660206514826942
6180,8.836190184769407,13.637774186616884
6181,34.15255054646634,45.0714449237008
6182,19.877718379381676,2.843721475494454
6183,8.773074113342982,4.730562707041683
6184,99.86199178627072,25.07916426954169
6185,8.998866230902976,24.274536149088668
6186,2.75270059295263,6.966217259156375
6187,64.57346892966315,40.79286672923145
6188,25.554126037382783,93.99109877850182
6189,28.498377492131468,8.458935376873754
6190,158.70505053838176,241.96770575053623
6191,170.61271797748432,38.18659787053736
6192,107.11949399866096,308.2146301745415
6193,17.54175582494166,20.779674987562654
6194,20.210966370948533,14.675984500919505
6195,20.104103330425772,144.3894443879887
6196,31.397096387692265,71.8690534939185
6197,111.45701854336201,22.590095455289717
6198,37.80675915270644,126.93816851388425
6199,0.14939232638940902,0.09999912506203423
6200,27.001380210181225,36.220860466542895
6201,1.6315179747372022,6.956032914150464
6202,32.0753119904315,193.04069156421068
6203,115.13873560723812,26.075830006797062
6204,9.947770417417384,7.027695136446409
6205,27.216479897150357,11.268657857444849
6206,40.55415788664653,6.588378116489509
6207,1.3548539205611896,1.4624973190825088
6208,3.2230514054843837,19.413627073137185
6209,58.24910420212123,52.976230225980395
6210,16.631749513849567,48.66357158918042
6211,35.73042021205997,21.623225391460014
6212,0.16508888176150283,0.08271240035365257
6213,122.3960903451543,87.37027036818867
6214,3.0889688738544736,3.5658723547326217
6215,5.018334596913123,37.025936978040306
6216,52.00841140102461,14.681241402542062
6217,7.2852591242197295,16.719025262922376
6218,109.69473404826545,10.716945345007595
6219,61.698606580349534,32.391520118551156
6220,168.35838768747533,33.885396120686536
6221,11.215004363193911,23.592281137297913
6222,1.33238546322118,2.629682072755008
6223,19.600374858707177,11.421922580299055
6224,2.6418174015028386,3.071251268992503
6225,120.9696250763579,63.08787379460492
6226,15.887679003242518,19.59686902336952
6227,195.66789942337613,77.04842593655232
6228,1.5814114405267705,3.9055673200804715
6229,268.546869319675,75.735093403199
6230,5.102245038319104,12.59247318705309
6231,13.308183954896172,39.576416695637455
6232,52.12994816430923,47.6134450701522
6233,28.41096766348966,89.78958979656755
6234,7.639387185206549,3.141488698360651
6235,0.5354776518733717,4.150245433108379
6236,16.29512467358143,28.047411241389213
6237,67.2030890683377,89.58743799607683
6238,1.123293820688244,0.461955922726924
6239,251.7003207087517,272.4089740124431
6240,2.4927933353376797,1.4978009776013752
6241,122.22837168818326,101.01219663196721
6242,110.39914152251674,79.38195099161398
6243,57.14982739405246,131.92599847519054
6244,3.5135863638139533,2.602307646405647
6245,14.062549546278836,103.91618977916256
6246,15.712737179083035,8.449744960988257
6247,19.283944139307426,20.3558905618857
6248,189.60954411954708,199.22319333115755
6249,20.831674940180665,4.728151019368868
6250,37.27516650019023,33.567582494092505
6251,176.05891296193107,31.979120674591005
6252,6.985633887331465,30.26939682283772
6253,8.18595781463245,5.882566489557119
6254,24.116806791167985,58.249311210259876
6255,36.11329756404599,20.41341798635265
6256,13.727705777798063,6.051002011991578
6257,66.7135566601035,68.74557357893674
6258,0.7293443380250877,2.389826527651636
6259,3.7404284701131267,3.5292971221865788
6260,2.1527259666570666,1.659248531074736
6261,103.85816582026669,221.74583071042127
6262,109.23370230195054,112.11792833937494
6263,229.3842925348357,167.7518863457282
6264,1.4147125026861975,1.3909103833305851
6265,144.49222238797478,25.02060618974116
6266,1.9226268962338533,1.6121988165349865
6267,9.688550859019287,29.220251576159175
6268,43.059838043658814,17.498843581201406
6269,22.3582812038604,25.950573867152354
6270,198.07045691967073,356.3700230567772
6271,86.05132344750696,79.48750725191971
6272,0.5895294143177485,3.0428917545095993
6273,14.329724037842102,114.71633315048408
6274,1.498235173516031,0.19905697126231692
6275,1.6343418195116473,0.9598925746376118
6276,37.66453476579003,84.24189112046045
6277,70.68961903860561,40.69845049593956
6278,1.1766957545022294,1.8145630507352397
6279,123.10540031415451,65.60503388559317
6280,2.213683293735614,1.30012131934226
6281,2.4255513842545398,1.6830654366100881
6282,35.265910290911236,126.56842991068902
6283,21.697972823230113,135.20988386474417
6284,8.415613092085103,8.832081940643956
6285,85.57736922687012,212.6424888813437
6286,49.025979437887855,143.97535312583176
6287,25.7843847659897,34.74634321723811
6288,24.186700783412306,19.751968292489643
6289,2.4746850410553787,1.9953547898070054
6290,8.166246082915762,39.763711060318045
6291,46.517655597035315,40.051518613232226
6292,195.94047556531555,55.26259092965388
6293,245.27300885624044,144.16789190905365
6294,106.22389083635098,88.57790410537302
6295,2.375605960217566,4.716995444948833
6296,21.69760876918435,12.807742952587917
6297,14.45806881492888,18.123217996446847
6298,0.3726586287170255,1.8471538532438543
6299,20.565985205873908,133.33459574992523
6300,27.35466468143771,21.774909501719897
6301,305.6046000256572,203.94038388285273
6302,6.244368826992224,2.1032111879030184
6303,115.0211761962484,52.9141698694779
6304,10.427974527338833,5.867897786657202
6305,157.63253795779744,31.742241118128245
6306,87.73589042215765,25.742399495263353
6307,137.16877762273282,45.1544960038129
6308,2.4219353322608743,12.261770288003657
6309,8.010711098430024,2.9070807565169483
6310,238.29865893928712,57.64825020768632
6311,76.09296142924924,63.39434796148085
6312,43.49676810581804,388.47412868228474
6313,9.405770579672929,7.958336290707918
6314,4.103002313857174,0.6228231833619075
6315,52.65815003201537,84.2462591220016
6316,26.792201433989497,5.302154469254098
6317,5.555455032898452,14.269167934171726
6318,63.38696249838949,55.839383178767676
6319,134.5518695878827,211.76301356957737
6320,95.11938488828922,88.3304444949326
6321,40.53397253601072,91.86948544695417
6322,48.41137051801284,54.36892462126957
6323,18.492786133368387,11.969148216724118
6324,19.294071663332183,18.924039134455697
6325,5.92449796282704,25.26066457211926
6326,16.551022396691426,41.70596651334614
6327,294.69500521520536,37.04622062332224
6328,37.78036661758493,201.58284955366022
6329,150.91027254796805,38.83471580216625
6330,79.76388170650691,257.9325536976552
6331,11.845086070950432,1.671377771021757
6332,112.1312040179306,97.26279618860222
6333,56.740130595866226,77.21219788789719
6334,18.755511334591944,10.682798976036782
6335,58.23006403511029,10.415180004300694
6336,24.751525646678612,29.010634000300414
6337,4.67927483108407,29.846700184749313
6338,34.41077025787337,82.86504174125338
6339,154.73361165304186,205.09065614069107
6340,134.88932258596813,161.86518411940597
6341,0.3443903933314427,0.825635886261185
6342,24.112065930755453,90.38525087489145
6343,54.23853205600108,18.5787743006606
6344,38.385299507083424,33.532518051427516
6345,27.28253462742495,194.60102695543566
6346,16.252617873824935,19.324885476858835
6347,9.96126684113724,42.11062159208066
6348,23.992107368160788,37.15473711913188
6349,66.84490377800765,32.738041880878114
6350,53.05601193435836,72.4918410533407
6351,176.1440073303624,41.327691403014406
6352,116.31379394421558,324.9526917016681
6353,7.354716932029182,47.32680629755667
6354,9.722765057455378,6.364675564672695
6355,102.82041503922915,35.710774557978496
6356,9.61056143019596,1.47861401679959
6357,13.836925969194958,109.96421015905418
6358,29.17885129359181,81.2418165113731
6359,1.8900299029467627,1.7452840463380543
6360,28.84285229016928,49.01062214921058
6361,80.3045541324514,98.68802523222155
6362,69.75091873917238,34.096515931123335
6363,154.76178136421788,39.40421892811676
6364,4.7859714801656175,4.67659513972953
6365,9.11617563168626,6.72686300803961
6366,3.856039695614017,15.988850545701208
6367,18.418762428704753,27.40462113202331
6368,264.0316085804585,58.26362572529408
6369,17.182677284661764,158.14587618699966
6370,3.5363276653077103,15.141254411027308
6371,8.308256851338138,6.402277292638066
6372,12.361216799007938,1.6544269977253196
6373,174.1579223984988,30.818241696955138
6374,41.26720456289695,100.31769533922107
6375,5.857176242596246,10.246488057628346
6376,4.700601411896997,11.36382661713672
6377,35.94336579108272,44.083277977250496
6378,0.5376357064293564,1.2625748440456523
6379,25.131688626895908,64.83278952333654
6380,5.505626921710742,3.9428749958915317
6381,0.8846142917886968,1.634682082419709
6382,18.643729384742333,103.39617195067993
6383,5.199061938891733,17.990500774592153
6384,101.10744987874259,47.470110690673295
6385,32.05735076460301,186.9618315201371
6386,1.638229827399103,6.1866560826133945
6387,36.379711616434285,114.2628349157266
6388,188.47703924956494,68.2008080202774
6389,321.05044380556996,49.6640121348494
6390,54.68758998054955,46.12973906847286
6391,237.73824578998853,73.62700423224159
6392,0.7483771997434994,5.182427826866762
6393,41.44899530153374,70.51583926731098
6394,7.311222544180618,12.011398636373404
6395,19.425315782622235,3.814858915110268
6396,12.92521514144166,63.50227844874348
6397,0.14240756511228447,0.6414408185480519
6398,11.416497322747977,38.46851101562977
6399,54.72102317797264,44.43505720584369
6400,46.378261066234444,51.13516043413548
6401,13.77643129150956,33.27864571502857
6402,6.68125636081105,9.609395889633198
6403,1.0846331714835562,2.420028243532346
6404,20.294501408242624,5.781700719612541
6405,53.19549933101398,58.18346095619673
6406,0.29948395189937993,0.3200566557848177
6407,10.300696232854811,45.238739265974075
6408,3.6560199392228836,1.0041426345536788
6409,36.12462437997708,257.85708500868634
6410,49.994548736794805,54.1667836716692
6411,0.36205469157429526,1.2483750518382057
6412,6.331687937619568,1.5148545056337817
6413,126.43886229122869,165.9308241464786
6414,36.1371553973121,24.821746846148983
6415,39.08851278719517,25.124551379853976
6416,146.7446966598967,157.73210232684406
6417,13.356090194887981,72.20371403469035
6418,51.89912598969273,123.5526842581248
6419,9.969957642417793,58.489273811087415
6420,11.478292316176672,12.953629653814811
6421,1.6587252094955547,10.369681069513767
6422,12.53322779992473,60.05026680330393
6423,27.72182641476889,132.93767253559685
6424,16.302381970026456,12.884693323581361
6425,148.67635402271128,19.17233085245479
6426,12.14407240020374,2.00086587749726
6427,151.7518082165768,35.512908509368174
6428,95.86492081960616,403.69334937222266
6429,90.40306564545028,91.29777153365328
6430,47.32649890737277,206.26728053781096
6431,189.50567012005084,53.62551623017336
6432,37.222409237630245,53.390128199491365
6433,0.38048917482126354,1.4408841958082368
6434,23.86690867620713,27.365976520560412
6435,4.238763152347302,15.21402861905182
6436,8.803679984562852,54.3944974437119
6437,106.27793514915867,57.44890174535522
6438,3.4014404444562105,11.922185175220765
6439,40.619286989241154,296.1139707865783
6440,56.02294392899735,34.768172078267355
6441,23.80963845062236,103.88551051353136
6442,15.784923607823872,5.922580227137955
6443,8.161250601610913,60.89831105036468
6444,208.2498577861292,158.78950321290995
6445,118.93591149087075,152.9936342106168
6446,41.934543297683476,43.93421947545789
6447,1.7908640707497183,0.29867603690902844
6448,22.577985198522004,5.52602683839966
6449,179.12568560825434,127.45178943868032
6450,9.138506419553838,24.69324071748224
6451,0.4545038956362557,3.338907488854252
6452,1.2657016070403164,0.7103328936436443
6453,0.7258299150619287,3.877379355116351
6454,13.694064637413899,5.52252303934734
6455,12.551452158544066,6.884185595393797
6456,33.62951194813686,11.552774893803136
6457,127.88225321120142,134.62503976209203
6458,0.8091993355608358,0.820007195873325
6459,16.503331875107097,76.13412954388808
6460,9.468202113600599,8.853127158216099
6461,4.529532661488496,36.54947870730182
6462,8.461004911439101,41.570796131563064
6463,126.55501297476752,74.01197657159067
6464,63.46358529496453,97.04186372370663
6465,2.2441017221887853,4.8406034224597185
6466,66.4793063625557,169.54650002700427
6467,5.042397188347877,0.5830344495608756
6468,9.0406526575786,2.574996455759714
6469,1.6673115890511583,3.4834504897938747
6470,3.1021929755752593,5.674761923813605
6471,1.0620810358458732,0.17373013406366933
6472,3.3849709424605665,1.1491622229379161
6473,127.70273004074625,63.87654935709402
6474,3.1299283948414414,0.6646083957661741
6475,43.16361058427799,187.95696885104644
6476,1.904858631588547,4.79383965549427
6477,329.68561464747427,192.36368652265637
6478,5.459327848103921,9.892661736169813
6479,49.472421389033386,276.00507497022
6480,10.67114502611245,12.994905817876807
6481,5.876571270361042,5.487546599360584
6482,2.0490555050344996,2.5633829138376303
6483,21.483266280389625,30.685884203330335
6484,0.0007580587878832645,0.009160816950566586
6485,6.857730062268948,2.657494466408485
6486,12.889002495593266,24.997105251463562
6487,57.92473057528992,13.34902991951346
6488,5.179281651542981,1.4118897257770588
6489,12.693860860884321,86.0481494292563
6490,21.608097144909,3.3280735966762167
6491,51.13530886844738,36.008702773925116
6492,34.28821204389055,20.13762150231813
6493,55.88871486710476,20.245568023784113
6494,57.89892107953275,7.350592005138213
6495,78.75533701558757,23.89111914176034
6496,27.788356807215802,43.624233951991215
6497,4.418744615793353,10.095143566050318
6498,2.6956367576129523,2.056348629143379
6499,128.46103710375797,96.92867264210562
6500,70.03537943333387,32.96349181660962
6501,43.23306884937128,104.38933893128126
6502,14.256156291988981,24.185496404457968
6503,3.8211874186683836,10.608050413796878
6504,12.026112053633248,4.711316598875765
6505,0.7870795869401728,0.6129123366187459
6506,2.644245993481091,2.4849539811617056
6507,85.0257428205034,54.05457145735073
6508,14.789838162987555,9.008070823749183
6509,1.7219282938375216,15.940256500270733
6510,50.78422722952054,135.0514048698871
6511,173.49938006821816,50.739683545864665
6512,30.02472776630779,7.5945304095835375
6513,82.9703927758491,151.5053440228439
6514,45.05542834918173,162.13259764541863
6515,90.66312885449962,104.56204877559732
6516,4.388600037277881,5.172787372591771
6517,8.789851371783776,12.074193996952154
6518,17.5457049845094,17.735911402321907
6519,278.94310848242856,45.25166106028571
6520,17.62000303074439,20.099743794881213
6521,45.285635848964525,50.16420787775696
6522,1.221823147587803,7.682841774852057
6523,17.423318568672475,18.151939530236152
6524,11.695445601003621,16.524549298171316
6525,45.34776823975416,19.08312916029738
6526,40.880298904125745,342.57013346647045
6527,5.41530012674529,20.926579505337315
6528,25.473377780082334,150.66106391410005
6529,7.3515397277051004,78.77975080884615
6530,13.237385312329273,45.62736733530576
6531,275.36227023831964,267.43353750241727
6532,174.43560152144215,92.66746311686106
6533,136.63590305034057,127.46718575086322
6534,3.4010580517481297,3.5446669300924647
6535,4.732633603065305,3.719241272730331
6536,4.987523305393617,1.6930407765151514
6537,15.944735296282369,12.628802218665783
6538,23.79860298547281,75.84824995601758
6539,13.396998938635456,60.31531700829621
6540,130.46228601866216,32.93917441816773
6541,6.0615401887651394,0.8076400903738555
6542,73.75137719200328,79.1757483467931
6543,14.027024696881973,2.2235150584320835
6544,375.17582071572224,83.59579781475654
6545,3.507438657947606,19.43210671405485
6546,13.148691203930445,18.903303738594328
6547,275.36968499548925,88.48038599362758
6548,2.7983929961682596,2.4878876135778487
6549,65.14526396639205,33.95904026393645
6550,54.099781322183816,7.873734248246777
6551,51.59584482845327,33.64132508223675
6552,56.147341546148354,91.23443914419713
6553,7.76735239357397,4.479974322012427
6554,34.13342356254192,5.3599703931316505
6555,1.6613175283171746,6.56706287354059
6556,0.1703518658262917,0.258123893104268
6557,228.09278692573665,150.5632109254614
6558,7.767629216755092,19.929403305546323
6559,309.4253238995118,96.83963547685613
6560,1.2928842826061517,2.4609903164811593
6561,10.012738662544837,32.285991084856946
6562,1.7489404535308553,4.630155812412802
6563,195.48713083669995,100.25458747956135
6564,58.93672442598389,38.49487725466463
6565,55.922479967933505,102.62942070218106
6566,22.216797978838322,24.325228093736673
6567,63.23440473614882,182.28276540242607
6568,4.125354186266087,5.670443738001289
6569,46.61032450610657,111.48069301573217
6570,90.46134165313006,25.83601862378665
6571,5.6829541723633294,12.111643692290857
6572,67.07502429549832,11.539337304110385
6573,133.7684648709146,19.736538089729407
6574,10.801053910087985,56.43882899459673
6575,1.6067398401078858,1.4162825574341094
6576,192.36741935419133,77.21480389033007
6577,131.40378916948893,28.332620793210783
6578,0.27544740006963253,0.08952235651191442
6579,97.23407344983964,42.313918513180546
6580,1.0215260423402082,5.098721037043135
6581,4.184531635314265,3.1154543684621645
6582,61.37194240523574,64.32210762590385
6583,5.634583934343816,2.62261313734851
6584,10.453976106532057,90.13214216607878
6585,13.367820596905574,8.400833579404715
6586,1.1945514076079924,0.9171547403646869
6587,273.2884715780526,50.754478382722944
6588,118.35826081457704,159.00104693803533
6589,6.170002231901844,9.113035066177332
6590,57.07930373052429,7.327389660867981
6591,1.2286340337749353,7.381219814695738
6592,7.241381531075538,5.873444401446606
6593,25.35291396448858,22.680147313275206
6594,190.87850300198284,42.11008205326006
6595,56.70471567746562,22.824056987336625
6596,1.8903372493369992,5.6460697344801325
6597,108.48976767262953,117.37873326439589
6598,126.07421943836852,26.781364466160333
6599,2.1255443940581937,3.8457219684389288
6600,88.39357662800211,84.03991040775256
6601,21.804583612091786,50.55661001398409
6602,39.05276433943597,11.808245604630056
6603,10.974847006952553,27.8936257963483
6604,30.79940594503113,71.50173709192849
6605,25.796022590817955,13.239177600492972
6606,392.4508678688296,124.89544106595308
6607,0.1419713509851177,0.36832530427098964
6608,5.542275689628926,3.2281975342122444
6609,264.3096481235366,61.078968661826245
6610,2.2221886454011335,0.30969725554039473
6611,117.31028515591488,36.04887816510428
6612,6.799758827134172,34.72602873615511
6613,0.7802559931012505,3.2990071472327704
6614,301.23400954064675,120.86958786266483
6615,87.15208692647226,17.258873386619197
6616,76.65046961105895,98.11519316075038
6617,83.3259693627736,9.9913709946699
6618,20.80363913061525,76.31474273201232
6619,23.663668128929107,64.2058009390653
6620,206.33266603417326,34.766145066841496
6621,37.527088715924506,140.83464528160047
6622,23.241137358147924,3.4018328172073136
6623,63.41122523503516,53.5470666589742
6624,8.553000976814314,34.78818297219352
6625,115.38757387659835,172.37056038820845
6626,212.80733183464946,139.45943121657345
6627,380.8340757147436,56.63482016850523
6628,15.786358109943132,44.977263674438404
6629,41.30791880192571,53.51924996184285
6630,12.553716071958688,19.26998110765534
6631,15.386892752685599,2.7182478203039766
6632,131.84961708893994,197.2208958525533
6633,135.25271781282456,78.50025466506149
6634,134.38654121779118,150.09322084265054
6635,19.862318833765414,3.3978629481986387
6636,1.0070732189436333,5.737783971994876
6637,91.19341039943266,78.95348903392014
6638,5.694417875952311,15.890446753779042
6639,49.142770361101775,198.70447534584665
6640,47.35759180213221,8.419026513546612
6641,23.733116200470555,42.01894211088651
6642,51.52708051939539,241.74120399255884
6643,20.4498330606932,84.37976627836068
6644,7.095423463644648,6.793172346155885
6645,11.45491542534602,20.277034003929412
6646,7.506404317183082,38.60141872902544
6647,53.39745109320931,155.4692126954872
6648,73.11931582045648,68.64406565693682
6649,27.105204991918665,133.22155693315085
6650,168.2505054159413,64.35528998754486
6651,102.03991019510202,33.55774835048244
6652,50.35525247709001,94.96739240591472
6653,10.829332173041614,7.780408596773132
6654,10.423851233554073,16.838397686912753
6655,6.784305056527964,1.832666032891256
6656,175.71822000478497,79.67791563097012
6657,6.42400884625129,23.094374744464332
6658,22.65858187122142,19.76260505377582
6659,1.2629747292742983,1.4281374502225839
6660,3.979304090250988,27.83149611812605
6661,44.20237903767755,21.04234103225345
6662,9.7166119209355,1.139372111989105
6663,8.65662155397662,1.3052840202237672
6664,12.718733863267715,89.96583946408306
6665,3.732892282525653,1.1108438533754286
6666,88.32862312396395,171.87148956238008
6667,7.05825935216555,19.197267164260406
6668,39.78234268038725,136.60526834155684
6669,56.86384652022766,8.275093349750927
6670,349.6222304492192,89.7302526820955
6671,5.465489787657463,7.296268913637666
6672,1.409764029085609,1.0760230309749659
6673,2.6741953665038425,2.2633239525968283
6674,20.288876944060682,9.694405644152125
6675,26.42707867670106,32.92622465694796
6676,37.52594240813732,24.34969347070728
6677,64.90162891890367,7.9472064942844725
6678,8.396792197010557,11.025011249057883
6679,50.237171985561474,20.029237431425884
6680,2.8112228004449022,5.4010843694433
6681,1.3038053617822618,0.42400326046517633
6682,81.2714644608161,300.38601117272935
6683,93.14392153054425,28.67437767216024
6684,93.1505446280837,181.67850924577846
6685,5.174506936639521,16.635408331715986
6686,37.859057369717455,23.351676888999094
6687,72.52178081470555,13.295862445732286
6688,122.86600654278514,197.17380081360116
6689,6.805044367613198,4.628344580061048
6690,17.57672493256201,2.081754991222045
6691,100.00715723821557,24.452679416844266
6692,87.01567122297756,21.80099996205128
6693,32.528898691393394,62.88432119500249
6694,14.553167121782707,110.25086263076929
6695,3.238723345695951,13.574271034300077
6696,41.32352885577277,21.947277867532918
6697,19.91089837306064,20.4950781798848
6698,8.719084265297637,2.3160497584185817
6699,35.93631010049408,7.2506540439181535
6700,19.700958591293368,134.3898529457361
6701,3.257953292420818,0.9964637027578535
6702,51.794249238599186,8.658414371152402
6703,10.151681494623785,42.17951784666033
6704,15.071774302253347,13.54495958608194
6705,324.95306900071307,96.68149102713731
6706,158.78578851095594,62.01937446454902
6707,3.4884769305146524,6.613948127636093
6708,4.371044908761155,3.7153234765116347
6709,50.63280286628332,123.86717467009277
6710,21.749603159282955,3.0530604892706594
6711,1.43002736480525,3.875653737262352
6712,0.7300110645672471,0.4935704476660977
6713,27.5491135933821,29.53128083914146
6714,188.8551659938154,37.61256681054498
6715,1.4805639608493113,9.038996000070568
6716,159.23133993266853,46.776467878499076
6717,61.19383726356604,50.210689333420405
6718,15.38728190351256,39.97786440473017
6719,18.3308220679204,34.68496343121381
6720,96.49532928672095,227.1760559422065
6721,55.08706970922053,12.626784123368626
6722,0.554513559709638,4.246012022996486
6723,16.037237709990126,6.4900891278685355
6724,193.60668749015912,34.138105695597716
6725,65.67402332899752,51.32731257492204
6726,45.779958241173915,58.78912349315624
6727,0.465611116983639,1.167354054355085
6728,46.588336978854166,73.48360917208149
6729,95.62769918688727,50.452755446753216
6730,4.387888336112093,22.389236022944623
6731,52.985393194051746,27.746824955082324
6732,188.44177704669096,59.20697372122886
6733,84.20422072329309,71.67873432175554
6734,80.13456210536471,13.331893757979756
6735,137.88292649185394,120.79495984052083
6736,228.4025471629762,29.674221464636055
6737,10.295644018196743,4.562834221448682
6738,0.4441469036705361,0.21051631978404306
6739,17.72703477025989,43.031274242874225
6740,42.54336152532016,35.87366116731864
6741,250.39711093122415,312.2030223800389
6742,0.9378809076387338,1.5313773045177494
6743,115.81973872539791,66.3109915918772
6744,1.3475659636374655,0.9518007744452756
6745,20.59719005984235,40.11712701666854
6746,29.986527649420097,26.893623391595757
6747,32.78993777160534,25.915451444796112
6748,20.52174735097753,18.182826251862615
6749,101.00896850733102,74.4334134272134
6750,11.224290309758633,17.654851296377732
6751,20.35040041214769,119.05774558688582
6752,1.0604644459837371,1.0516463565861554
6753,188.8651444799254,182.6036459861111
6754,99.6242250671173,29.577263502314114
6755,27.03776702356808,41.101485786831205
6756,80.42621258505244,81.80665724633862
6757,42.67890722565156,265.83695510077405
6758,46.68153694512717,23.72204022309042
6759,73.86485369689643,77.24786486108023
6760,15.562554074943197,56.0775959277055
6761,321.6953823342973,45.87059316898112
6762,3.339187129040364,4.06783146427177
6763,63.55716124998215,177.722969975968
6764,0.5340232386519601,1.8389608161947066
6765,20.930766749720334,179.17978253600234
6766,13.673086062236758,12.277745783319952
6767,104.20495446486846,343.60888446243393
6768,30.082754156773657,5.302061224144178
6769,206.90646565248875,54.552568449203505
6770,0.24203674838863143,0.7792590676687824
6771,0.8669150123209055,3.691626364413698
6772,11.267604803970073,7.221803038439752
6773,2.5234868795050325,0.31284360409788503
6774,49.37465915489642,21.035532520077858
6775,6.054277962123154,1.105779387219207
6776,161.95790692407047,64.11612238708375
6777,169.80429611443174,74.68506228458449
6778,16.85176722411394,22.79363070046392
6779,133.5466894773027,97.4501399485782
6780,84.99465148594783,150.32427659027567
6781,13.484471519260143,101.73940370501653
6782,26.92418589374732,8.909630695358596
6783,67.83124479068329,48.52994060661194
6784,75.50048969655779,16.854660624533725
6785,116.78912318997158,227.63486591694908
6786,192.21443522524996,109.60654749423887
6787,34.26456476398114,5.671415857391865
6788,0.6636060238606105,4.9609704175533995
6789,61.421273662607064,44.02293083498591
6790,4.295162011492427,1.0131283689250676
6791,1.2162067783266421,2.428928541884651
6792,3.2360568976997683,1.9861000457143803
6793,20.393649388080192,28.70028165947827
6794,1.3986610673603552,1.8701509199936162
6795,124.78778580667759,272.6075739183093
6796,41.45649457583712,34.47575200462789
6797,80.93175244835702,23.443019679024708
6798,4.6579941521471815,6.250918737128351
6799,40.494172165508054,14.634895552418524
6800,44.79182138828594,10.272509612077897
6801,40.889345794289596,43.56321947993847
6802,17.26995171935673,23.673188460509007
6803,102.82690013485066,320.1540454842211
6804,4.298554257898799,2.9000446466732024
6805,24.936015347765544,129.9031290527997
6806,12.09599351693429,2.558292421371114
6807,10.163642775165222,4.383007002943632
6808,49.1315228666312,18.87528329882366
6809,31.34269593526561,18.197245044605612
6810,82.19779668526608,32.50268831578141
6811,112.92562520016392,70.71279121466002
6812,309.24693060944526,189.01601445466372
6813,25.140660173659256,67.08636256444231
6814,89.70732083839852,34.27840589608055
6815,9.010540985145806,70.8310097452682
6816,232.9606963092354,108.20036719371976
6817,0.4949033536074985,0.10139344819065155
6818,8.013211229015132,6.013119850499461
6819,28.68675060666787,139.38963414103625
6820,1.4035091315788146,1.9315462015891327
6821,0.8455674946836489,0.963339061691949
6822,1.8650383592812683,2.979586304942187
6823,2.214211815490132,3.717895957533779
6824,12.179227898581862,28.570456748906317
6825,68.16026055548627,80.51610125572981
6826,48.04802047227368,6.6748114863222465
6827,137.41989166697394,59.57871923280135
6828,137.41346746029552,46.9965164005478
6829,115.19895860898222,102.15823393326765
6830,4.751960015225821,1.5540045897016763
6831,49.081713578883274,82.61338344582026
6832,64.2968998133639,66.38886338960616
6833,188.37320403718525,47.428399040904175
6834,214.05933967874105,104.6897292900554
6835,0.1646139051341986,1.965836499179237
6836,3.4995047846930643,5.769634720046796
6837,24.478856338294225,86.8268645451154
6838,7.190513921270952,20.381840601522853
6839,123.27350705979731,38.30712982425905
6840,33.926428031733025,135.61933982870852
6841,70.22489064976844,131.9488955934654
6842,51.73388121287891,55.72684455589292
6843,1.6776150714823805,0.4525671182135441
6844,29.603131240746098,38.84534483959316
6845,116.95559788896051,20.67111603563144
6846,72.01455066098562,130.35188903472456
6847,155.1792030344959,45.562568902084394
6848,181.37672704018084,103.20398850600102
6849,242.95966412667417,40.23008567819615
6850,60.116629323495154,25.075584007351406
6851,1.7304856733115799,3.2138083298861373
6852,3.24785705172573,13.360957512064848
6853,18.291200781189673,3.945289091023846
6854,2.6310280877441565,17.840095085052877
6855,88.14194424054944,142.43800184590907
6856,20.23600303049343,46.975634732981426
6857,30.71421987331542,104.34890546883064
6858,0.20273667139693985,1.2720907469772251
6859,7.570098935670889,34.921936030457886
6860,2.395150386117527,1.5288205816271518
6861,30.142468435821105,46.669592443248376
6862,4.065752869197837,2.2199669068172887
6863,180.77484892753978,39.84843073705646
6864,2.0189772583208816,2.6761439635217856
6865,80.29962321869216,102.88152328179015
6866,6.375511250116432,21.71939008376719
6867,15.51029593959069,4.182612222682202
6868,95.36838106493735,37.02101980466212
6869,4.330052432480358,2.5536120946741736
6870,351.21467448492285,88.27840835810652
6871,0.9130266551269299,0.680794992489616
6872,14.621616510842472,10.352464496772871
6873,62.98202680640609,251.0436499326613
6874,153.17862934790983,22.895683598969033
6875,194.10172825815226,108.63409496301307
6876,34.957286158973645,154.58892282942446
6877,1.159592926224875,0.724639361708208
6878,84.58206858723979,45.02876712751188
6879,13.349900949498211,4.329508535519198
6880,119.78562361505729,30.105389464169583
6881,13.266608471207114,16.771822380350574
6882,85.60349485382292,14.546952185488237
6883,107.54061046002185,204.83910065153157
6884,0.4692277199522261,2.57493287137694
6885,72.2009370204776,191.2103340017574
6886,225.6141050323547,134.15423654669334
6887,60.29320199170273,281.3325520683105
6888,56.13131807116271,12.025722686839257
6889,102.18586589379015,44.827905569673824
6890,48.29473566965956,28.030577357734312
6891,111.70307436328254,65.96882547076399
6892,51.70049611896909,272.13640382085384
6893,20.59676068292576,6.905859813877928
6894,105.0429131797508,43.899004981286204
6895,1.0397818446880651,9.438424465053098
6896,57.95290861134492,273.69647598189215
6897,9.377829559099627,6.488374605415785
6898,266.2008921788986,97.36200157293116
6899,16.24411726431926,35.08543820500957
6900,1.5424906636488112,0.3178750383708373
6901,200.4356862505493,29.723315231519155
6902,3.173351106641255,3.3435462317581526
6903,10.84938893536473,32.92914129120339
6904,12.03655470833824,9.973045536237
6905,14.616875118870093,40.151545512875394
6906,147.86718654799571,140.76613937690624
6907,111.05328456688105,19.74398975976422
6908,50.35929264975529,119.49119581839993
6909,9.688913993682107,2.7537489799481514
6910,54.95708990560897,152.65955699053387
6911,3.8506237854657144,7.1463757625425774
6912,108.54184976347011,67.34962694881996
6913,10.708816249803313,45.97273814438787
6914,94.31378176191278,453.34704974310336
6915,91.77111820230334,20.782013634728038
6916,91.43710800788182,49.84760354390499
6917,27.171224450658496,10.724128792079068
6918,15.924016493315236,16.296175185631963
6919,69.0639535594714,36.69743107755656
6920,4.719424827353861,9.370248569622403
6921,6.237921053705979,6.3925957676795795
6922,31.79867857664674,49.90329657675523
6923,35.24720815404236,122.0459311556023
6924,49.36571433477436,34.92751475025566
6925,58.021285246835994,20.74182060312097
6926,40.74694467333382,48.49875517596628
6927,3.8456645877591944,3.71939101949865
6928,19.78757631118016,11.74128840136209
6929,46.44287361844595,33.04288518655737
6930,23.260022179203837,34.22150687862613
6931,39.74985850544114,46.65238506648574
6932,197.27391066409808,103.15304557176648
6933,205.66148367226572,240.92679168140864
6934,33.720374543530916,79.33957114835181
6935,203.92952427656817,340.790335387131
6936,34.73803116878994,60.16916658076764
6937,62.25019118366289,55.69211707689331
6938,64.96949116471819,124.51639418272075
6939,177.55160553114982,25.395021178146205
6940,9.491201995859196,23.106089411475857
6941,1.166090431264168,0.39105038000542824
6942,2.912917619235476,3.747487892592569
6943,86.91340370982473,48.932948860987494
6944,7.494804654282506,13.950807052540691
6945,34.186773286947044,9.369335162334606
6946,1.667052297994449,0.6603344352508412
6947,4.795097528544352,8.817793861794378
6948,1.7854081180551171,0.5786439200630441
6949,142.36056103603173,126.92956630820467
6950,2.2701060870724055,1.1349087356762424
6951,116.09365427640014,54.108826387180585
6952,86.88984441431978,36.89206975479852
6953,109.04691967873828,28.93841017707685
6954,9.666359032500736,56.89505658425408
6955,3.1427612417843322,7.3786151759637635
6956,86.86060673097688,61.87756080661739
6957,10.308662704541911,18.95619311447468
6958,1.82020183568859,5.020834756358999
6959,135.3597291167742,34.4868857747403
6960,6.496474092618857,37.04548422587412
6961,3.448707194718888,10.563521907429156
6962,45.6030205955721,171.87651387764498
6963,364.1956018132343,88.98394490970725
6964,361.7483778658084,38.89751021009841
6965,62.73144388342061,370.51746609908673
6966,0.6174204580706693,0.4538600154542791
6967,18.781020544462013,44.56357241122558
6968,23.706308834838925,124.19883937066946
6969,11.109408997069778,54.136548228292455
6970,13.156380377090274,53.734641576441774
6971,2.4923937555469684,7.143925135400032
6972,27.887624192628884,32.82984183796382
6973,2.5128534107363993,6.607410620752221
6974,224.73462363728044,74.34320250598167
6975,91.51882742837992,47.48589713457891
6976,26.31134619114733,72.98254677051271
6977,38.709738927641496,247.86459815432437
6978,83.53638672481445,23.36554596821695
6979,13.067785828156346,15.365415836825552
6980,29.490853449257955,22.278829780313966
6981,193.9732481992871,35.86551770380503
6982,64.0452984268048,103.17352909210516
6983,135.42884830499102,176.91531822584477
6984,13.502265765307305,23.25064179725005
6985,5.558022780312998,1.522624142002923
6986,24.540923354693362,44.19848197750553
6987,192.59639549200617,98.89889643749473
6988,7.915551343631286,31.265407282257215
6989,72.14263739978058,8.217339766010038
6990,106.5144576011792,14.899760915631127
6991,85.84652234736478,145.4228518607208
6992,111.2381426591241,211.32554490368472
6993,48.42974846943672,143.36218847373854
6994,43.79651570490616,240.52641734329387
6995,45.177543767724316,384.61723666308256
6996,34.85142277314516,63.34954736700967
6997,51.935434968678415,60.39745896765709
6998,278.61124303015873,46.40028596679875
6999,16.357071593754796,9.34759476916912
7000,20.93305152510103,82.51318890779761
7001,326.6247637915328,91.30359356168395
7002,7.984559406495018,1.8131296475801921
7003,8.606221812221294,1.871371774721484
7004,26.82052132086187,14.162348608562542
7005,2.045657753358282,4.9011863396875786
7006,53.75794125337654,112.61886815657373
7007,67.33510040556874,226.71896177250474
7008,6.249208108231504,35.91820624497545
7009,4.295544292157141,7.039851345298432
7010,160.7966473214156,45.846657221402026
7011,3.59207994127215,2.053817713970068
7012,221.45068546860261,82.37012883881799
7013,42.78358339157829,31.507626472911696
7014,1.5883362435861725,0.7154540326023013
7015,84.95899089573068,166.19556967253695
7016,23.365076199611156,39.18333795599608
7017,4.341766551434386,6.210336129267388
7018,16.940594083749435,2.440116165672217
7019,11.19371771212285,24.875690031360357
7020,69.78826380417729,32.0646459268797
7021,158.61625853746946,80.7131470409205
7022,284.5349826256038,246.83134261965972
7023,10.391157312279624,26.768449790528106
7024,47.31114232241869,19.811442349898424
7025,0.39939981526478996,0.05140328671630723
7026,135.46225657601968,57.312690497805924
7027,57.398318067393475,247.28521254807578
7028,7.430125177151018,35.344802731937676
7029,38.465451488215095,4.804041795679524
7030,137.58611053295311,71.58034539816862
7031,49.366433077442764,109.06942068792972
7032,44.59600972897792,24.002977323465263
7033,19.82506702143218,4.3648536704262835
7034,41.91354277615593,13.619456410411393
7035,32.67181548931424,10.924910786709342
7036,0.4424987866069412,0.5064932409164528
7037,5.461407137608495,22.08973830629537
7038,26.20641286234757,86.56775183720224
7039,1.924370485159944,6.63237249946311
7040,1.740440738229398,0.9156246721351047
7041,208.65672025000794,136.3263878158287
7042,82.48234949914354,68.03171214475489
7043,3.7980602544492306,4.077895105817893
7044,8.26297869060996,43.23093037297172
7045,161.8735509994152,19.961938091865708
7046,1.81176440082597,1.9225543610941982
7047,0.9155420467361302,1.288700430888424
7048,163.75968488094503,50.21077307299631
7049,3.7864554147312783,0.28569649846540135
7050,11.280300226858131,11.222299299017106
7051,34.783491549139896,171.99013838283213
7052,59.52698556211405,14.723734944799011
7053,14.308658690309564,2.085569499852565
7054,180.44804547636267,41.062361241875166
7055,42.2460577196881,235.87291040379637
7056,105.51465034349152,77.33689769517876
7057,3.152526055756324,7.051627811978623
7058,8.15021549261663,8.59831970031104
7059,0.2092350854738232,0.0346520076795227
7060,28.20075777550897,78.34851343602203
7061,5.3407732620325366,2.375652008365195
7062,9.100328684914368,33.22309195528668
7063,21.635162618668186,4.388294861620454
7064,57.583494203952704,12.864613301679295
7065,20.538509786048085,8.279147317873482
7066,13.071919902298157,21.650946944057807
7067,8.258675168126688,53.30244936985383
7068,24.180265097160778,29.38294211540703
7069,2.3198103851561838,2.6685355673653306
7070,186.8400885630641,25.483321523457764
7071,33.07257329508137,8.666254960750127
7072,6.333745353911501,26.70391939633978
7073,101.08324505093825,37.595532687738654
7074,272.3488680642406,48.59277508435089
7075,13.49680635631245,73.25120358747968
7076,138.28257681923338,58.824324014448656
7077,3.0590823170500476,1.0704078109189092
7078,79.52564556077171,30.645386198998548
7079,37.791175867361915,35.58755302147871
7080,150.3680592667922,225.04340695010694
7081,29.47150970175614,6.673442581438575
7082,170.32669572654754,55.9946013904128
7083,22.33650271821531,12.201423242134345
7084,89.21211616690812,34.3326492067155
7085,9.362533625810183,36.672016714216966
7086,0.061989513734213464,0.07247478877897962
7087,151.83989429532602,70.2107639295527
7088,76.38499489580707,169.38954297309317
7089,11.311725976625048,70.93994366136167
7090,2.5621484116387876,2.4522355635320965
7091,57.416749726821614,37.386412510203584
7092,72.42958189434745,16.512583861220588
7093,3.7208751395027715,6.425595703886282
7094,64.31711973218904,83.98357184260718
7095,228.57397895162177,90.39322098485785
7096,28.375993772234555,38.103429970677084
7097,4.409529604039303,8.662782330608698
7098,79.74026797265523,15.196870548077786
7099,11.687960205736879,8.3889470352016
7100,26.06946200107732,68.49143805633065
7101,3.8871250875513734,20.468938499358817
7102,36.8966149700498,184.32493126471184
7103,215.29617439558976,135.22734109466924
7104,7.210565461556387,9.039821804196327
7105,237.42773638117308,28.84056144881395
7106,135.18937289185973,70.66258283950128
7107,0.9270171433790673,1.3023052796756533
7108,5.136295258214091,20.0068036534639
7109,116.86424705413049,78.55822010341487
7110,102.55187025856878,335.7969672086712
7111,57.677795019972315,9.533609319402172
7112,23.09765609585119,11.654910871877846
7113,235.56096890388912,78.00855623222239
7114,21.99399487337387,26.68073650976657
7115,13.775282094024266,74.55575073080212
7116,172.8592288619,59.011262275695884
7117,166.69330287978175,168.72540806037014
7118,2.2576002672867324,0.26119988539828676
7119,206.35711597831337,291.61343166329414
7120,11.055787498996,30.458540586590154
7121,6.416236288608409,6.252272514987952
7122,154.391452360154,77.4239520350518
7123,1.8089219221779338,1.6812381268096999
7124,30.91105736585599,11.083161776935354
7125,174.69428494342094,21.250307900762568
7126,29.79540852766754,92.9884547673887
7127,3.939158534745225,26.661153909669096
7128,17.038153504401922,29.301106654516857
7129,2.044047110098455,1.2859758906524954
7130,133.22585809971935,210.24685986033725
7131,164.82176328188274,161.47808225540098
7132,6.386585327919215,5.860554791129826
7133,14.654143700470067,4.185168289094006
7134,0.6919721640674676,2.026807860128338
7135,109.80133732937283,56.09142788347685
7136,18.40723157218999,4.966731103331011
7137,108.82072161505337,30.485215787309052
7138,103.17854615570549,275.0704028481655
7139,18.104621859276104,13.748691231601935
7140,9.301948758104338,18.02555851360289
7141,3.8783048690488005,16.703825004450547
7142,77.83696031255951,200.7961187065683
7143,8.001329264125552,0.5385412127074986
7144,43.6415347745423,56.893741024184976
7145,182.58686135462167,135.72691038069715
7146,16.886070793287494,13.08294478731791
7147,6.420614857980449,11.02533061507544
7148,101.7822606871554,98.04170304252537
7149,51.03176495521297,30.29070628626983
7150,0.03436674478586288,0.022247385637094053
7151,73.51242447981981,160.00838032855853
7152,4.15820658293697,2.5690396216623377
7153,7.6788387656115,9.468913956273846
7154,0.197369270854713,1.454023579697893
7155,107.23653945808127,86.39211668120488
7156,49.56335432005203,107.51728785010707
7157,110.11864737803457,81.91842434242103
7158,16.9025598853105,14.294056325594358
7159,188.98351666760382,111.31215035129705
7160,67.52471233493463,188.38719431085497
7161,0.9221107253012673,0.5699259188276973
7162,18.061173016930876,3.221613318421987
7163,26.035700794269896,53.942852895918016
7164,66.42022558870661,11.21649056306147
7165,59.4251248297122,23.09739803369502
7166,9.220677467805315,12.956284547167293
7167,53.73340349619856,7.372862808685628
7168,8.926761886212322,3.440694295965687
7169,19.119330709237484,36.211137070760756
7170,3.071901290203912,4.248931656582727
7171,298.53798032915125,196.55115776382445
7172,55.18694846840907,41.45578290131953
7173,39.28346652804754,28.306282888567107
7174,2.9724584986109983,4.31789818095321
7175,23.298673567257453,6.6003040543266875
7176,74.47313012312968,182.68222595261454
7177,20.96337142263384,5.129918416746447
7178,0.9598464105933744,3.776791006238024
7179,3.677825330689986,15.861651277815607
7180,17.203170841861645,4.402252231081372
7181,29.663110042971905,139.46620463776623
7182,43.910588537122294,130.6825245729023
7183,89.86342939878574,41.134448083422974
7184,1.3565935133397695,1.977443716320438
7185,46.902519583758654,57.443725161971905
7186,39.85524078443771,204.8519822282232
7187,91.35548110803987,63.93637817907365
7188,4.3135708172036535,17.655562028619748
7189,192.01846538090052,97.04657463907778
7190,34.468821748959144,39.87295524074458
7191,6.579551290956782,5.828623372411408
7192,159.34144673577126,30.353725042279684
7193,1.9423364351340393,0.9417176944435387
7194,29.333578443749314,15.576219143126595
7195,3.2084882196658855,1.7601213153552928
7196,69.16985264654116,20.408956072505998
7197,42.8601257724388,87.80776535109439
7198,7.118522715734798,4.706052586810941
7199,184.91675555446972,162.16425476253073
7200,71.33101398624974,119.06400385354826
7201,94.57057146142132,16.286110562766375
7202,0.9949969341760907,2.987128599099385
7203,27.49118630698772,38.87817477728767
7204,1.598224857131679,2.458715735754621
7205,51.38981651915314,158.72192983083207
7206,14.417948386957663,2.0095099669970793
7207,9.044543794667856,47.020719437101455
7208,18.88476699229918,25.185779577306366
7209,73.0697038095936,38.85376310738988
7210,250.55995802298384,188.5019416683257
7211,3.6405243054728063,9.222403869143301
7212,38.89395325384051,108.61718335908985
7213,169.1503525483315,328.9397418118241
7214,124.11434617089755,75.42066000720529
7215,11.616727331113397,89.3675649933495
7216,78.9549945579981,33.540891416975946
7217,14.33897630489156,28.971073286846263
7218,24.180561731629382,25.847169805443837
7219,6.7456774313487475,13.972859950452717
7220,1.419564732426323,0.16896067201477616
7221,215.03208179098345,215.86805817358746
7222,25.742779316244523,26.564041063141588
7223,4.726043178497785,5.617769691637095
7224,5.307093333641131,0.8105227618537025
7225,25.736803577254033,122.12235103692713
7226,46.85072464839296,114.05369408565173
7227,16.01969678974322,3.339622395863344
7228,32.86127554936821,71.88300925555694
7229,36.350244835843505,15.982417400355885
7230,16.2881252265458,103.33562971759906
7231,126.2753311115951,56.36809609498511
7232,5.36478483414478,43.595470449851256
7233,0.4626753238848085,0.2565262115661726
7234,131.85583194243696,201.38111679606607
7235,47.35532633665985,379.8576081668155
7236,18.60303315022183,3.1658126645101534
7237,2.214392190685002,9.144880889856694
7238,64.13773580024288,119.19036153645828
7239,68.48372479149492,51.68853625283424
7240,38.10723124641604,212.0606006528802
7241,3.4974497621814855,26.939025152915946
7242,35.42727783665653,39.96539909853521
7243,34.737688119403856,10.098547828013988
7244,122.75468587937617,17.636006064216833
7245,115.030950967866,31.320235200155487
7246,226.71211935677832,126.05357016783981
7247,25.638725844491884,27.6810590584402
7248,36.66356325646979,23.968994101359588
7249,151.69435801185463,116.92660390279202
7250,3.036680883578132,16.872554683585015
7251,26.269347621755085,20.920128154920267
7252,13.449335435148871,19.839958842037973
7253,43.04980739465149,52.31093785673118
7254,8.494920272250425,20.888605833779785
7255,19.01823950173327,39.560435375915254
7256,24.654042251749146,147.76476467914293
7257,45.94766945446325,23.23620155569932
7258,55.603299344641286,31.40569951707788
7259,14.372782755175226,13.057767669876
7260,251.12114229246728,139.2595559631096
7261,10.351830052010513,29.611920017744254
7262,4.549663500583073,10.988573655886523
7263,6.077410034947828,20.64527396381391
7264,61.385439113191104,43.1410827203783
7265,25.60777026536821,18.607446190999493
7266,40.714765764723225,7.582492405067112
7267,46.13872166913031,236.79749416944816
7268,1.9957905705326933,1.3862494155981242
7269,25.141689613064507,74.27418540574598
7270,80.03631455553649,15.592045007589842
7271,155.18202409018346,339.8036295508954
7272,69.75402292936943,116.60961864387944
7273,52.33302484646675,12.83138002596059
7274,12.408923805942502,33.538919208759886
7275,341.0788748537298,101.29274964852657
7276,7.123359602056966,1.575486242335353
7277,30.22992900717707,24.0961039982628
7278,3.309527310598855,3.7642031031484438
7279,0.7287176639105015,1.2504657013305378
7280,4.030594632181568,3.945766597150533
7281,12.108097126617775,15.717676849189933
7282,95.77847608765987,44.95252639326291
7283,6.191726005485116,7.1539270546657905
7284,20.85630063364982,2.3272289068363397
7285,127.26635893657055,41.05230951521575
7286,14.030090027396666,52.64405348607368
7287,112.48649434449153,44.66961022850478
7288,92.16597508094749,53.20132044093087
7289,17.213725386965855,24.065907214599648
7290,38.71250749423204,17.2493785212504
7291,210.07025128247213,142.22709968783983
7292,155.76797920912972,191.94502211520742
7293,2.355905567885491,3.1752807456570977
7294,291.7983176590324,173.06990561165475
7295,78.90156146627119,121.65105996810495
7296,3.335707555517269,2.9537029005442412
7297,2.801223129544697,4.160197757766615
7298,29.272422156392427,21.373445763987753
7299,0.6528790260748227,1.2871362722049873
7300,21.551950863948928,38.31100228883267
7301,0.8129527377109764,0.19118193016261975
7302,139.98952088795642,75.8275201427668
7303,1.4153708897670776,0.5563045807119079
7304,60.71056376615768,36.69576117623021
7305,27.12046360388598,78.88890026290447
7306,11.758282000321707,11.028437716122351
7307,278.27495190004413,131.84945806378505
7308,114.44320437650728,93.36260087831958
7309,163.66813213700118,44.24356279428185
7310,22.521450731546384,67.66825887488685
7311,102.69205607480612,173.17278335958096
7312,17.03099478460431,170.5520207428316
7313,98.7749082873941,81.88738314345446
7314,0.4349082184355464,2.219015078505724
7315,27.346033288876036,33.773001855035844
7316,40.88293444125315,77.35461056763697
7317,28.613087902709175,27.20758034866523
7318,8.178263524749523,19.014910584411755
7319,4.226098135814733,4.299258973656361
7320,6.232279329099718,1.7820675116089668
7321,83.40794706721962,53.31312904341124
7322,130.04319497287023,400.729387921687
7323,1.6758729799243375,13.308515275167007
7324,21.57139134529077,2.7935022889921877
7325,65.95882415514473,19.566114632851495
7326,14.726326825424255,2.425173730172639
7327,253.38498614495418,222.11827437924708
7328,6.98227314446928,6.814221350276423
7329,40.94186964125669,27.669641624804683
7330,47.114096676716784,253.9348719507135
7331,2.1577887078375406,13.911807727014066
7332,175.1371594657371,58.14985321012838
7333,19.926461999979242,6.967602788360667
7334,13.366140454125134,2.082878733272231
7335,9.048035682276304,7.981839779718582
7336,1.527341571326047,3.5499644933337997
7337,101.89339340106235,62.4778712160752
7338,19.061495728438977,4.537568279204942
7339,0.3206106934636799,1.3004452534377875
7340,109.67498524471613,92.23825452772995
7341,5.043044873443791,40.70633570497424
7342,26.34507361941935,5.352460447441663
7343,22.2404630841178,6.1695930278560756
7344,125.400234738083,265.4882831593724
7345,11.103933731145498,5.832793039151806
7346,2.9306018355762253,2.28405981749488
7347,9.407908479929434,5.075455751496428
7348,49.18765119772194,9.78611750180646
7349,99.37280673228386,39.505574177559225
7350,15.799029880412956,4.3706317318014465
7351,153.04995118549448,49.533108148762395
7352,33.10672572468662,55.68264785413728
7353,6.807058229300598,17.344371696057905
7354,111.55432834799728,224.71328037405115
7355,6.907652781780227,0.9307492599920615
7356,46.50926244367251,365.2401361962949
7357,42.474058858584314,56.35373946640769
7358,80.82568684264139,148.67167299324208
7359,0.2014025546649416,0.132225037736741
7360,14.210902134815402,45.66374145716863
7361,3.912702017148905,4.836344411124904
7362,7.646302690323386,1.089595704980861
7363,0.17244282284272194,0.286424329720085
7364,40.837009198585186,31.4187275035313
7365,9.528791678264662,4.459962562436022
7366,0.6259003887332926,3.1409832919610343
7367,238.78756787165383,321.8911234137564
7368,134.2492341587853,58.538194670576296
7369,81.66363213427293,360.82108303802374
7370,82.54651428228287,61.14398409896605
7371,147.30258020836138,24.398615835943104
7372,21.106590653825897,34.66824480830936
7373,6.587322200128581,13.573830435816838
7374,62.42802243053087,47.66683437533148
7375,35.20424214924312,15.307771958032081
7376,3.6805231944773693,1.4877196468435854
7377,1.024444520220233,0.11854454855313745
7378,14.983911267942098,11.522622734677096
7379,34.11629951604571,37.62057881204794
7380,26.664892643598144,16.041703967678306
7381,0.6351911780678463,1.9937792523795719
7382,2.8263226662872087,3.8458363901542425
7383,0.5785247935224973,0.11226811960471494
7384,38.0680252365355,113.48164508342953
7385,2.5095555233272018,1.0436480392462686
7386,80.17612130626499,47.81028463108653
7387,92.67049011940613,57.74279861618178
7388,3.332885845947743,3.9657167647312006
7389,143.4488845612462,28.10364659646531
7390,17.29385693482401,44.19350407803801
7391,184.60681315559927,107.87049153312933
7392,0.8804952871618692,0.5379345305717707
7393,75.35254684858755,331.6484877134937
7394,11.348435073292245,2.5213513625985184
7395,1.1949415092719284,2.7976725513273792
7396,3.730775522805585,1.7340090167773607
7397,2.5814385071147807,0.34125528538861194
7398,0.7849691102244667,1.9271367839224283
7399,0.2819848415226973,0.28255228555929324
7400,177.18993324837476,24.86922445187038
7401,11.371192469140396,23.470505269771003
7402,7.249159320955383,13.927853006487416
7403,38.735832306971226,19.39642295220264
7404,60.3966623123967,52.433755194999485
7405,6.7446648876654,26.673333528023715
7406,35.833921726025046,6.669663857195747
7407,137.59418053048827,200.98837224477043
7408,30.568835205796614,27.293322525370897
7409,0.8897347357391412,2.2443243692617405
7410,1.4522477702931615,3.3174994386759176
7411,36.041929713589994,11.669657081667637
7412,23.463943908103595,157.83047363932468
7413,62.86833276292636,221.58001731317987
7414,96.89475172445583,116.20457854628248
7415,7.755867853183786,16.397641322700167
7416,21.76471718257091,143.01588260133718
7417,12.484995676640562,29.334473646868332
7418,81.90335802150673,25.79991696744998
7419,7.717666105562924,53.4890456925312
7420,155.78651237667034,171.28052440002256
7421,7.064147235836208,2.4714568195832243
7422,150.50054759225043,37.72499468960538
7423,7.778881089199306,48.9841732887674
7424,44.220453959514366,50.75092855081832
7425,56.53759293839243,69.03697436782468
7426,45.22448333469589,25.820478628220727
7427,0.1524819719458197,1.146870172220638
7428,1.212818254693054,3.238831426542414
7429,35.736108681951876,14.677609477095185
7430,165.7834742035951,99.78042831204253
7431,8.381201414365172,4.283402474316367
7432,2.384207329704166,7.499212694188085
7433,1.8313232778558894,8.60347419447593
7434,4.651404425772172,0.7085135992047191
7435,32.05591646153749,82.82354788500135
7436,272.8400351907935,120.98347771517496
7437,7.392524840495672,31.37890472695769
7438,19.191262143239374,2.6002072110477377
7439,74.45674474436159,23.809902971527617
7440,20.206176309228216,33.52971450738067
7441,11.620715528673363,69.81891901709461
7442,35.11597473247601,103.54077682742185
7443,98.06728807865277,233.31098355474663
7444,63.45179878547508,53.09451037574154
7445,0.7592620998398016,4.2366937414020525
7446,7.652063008218081,57.7513404564366
7447,1.1684773186683541,2.0712631922057825
7448,41.33816541393357,67.95812989099923
7449,5.375818822383414,3.155969938621711
7450,5.337717655505528,4.798043833370727
7451,150.6990869075818,69.19533104142529
7452,4.596378590663749,1.5979071017424706
7453,94.0599055035254,60.64127389316516
7454,0.2764268877514846,3.4305382463477647
7455,37.75212114650647,28.754875361193434
7456,0.5220613844966377,2.1961809808117563
7457,14.136119287449999,36.4473194455977
7458,2.339304108732139,10.041565606594764
7459,137.31041947143623,75.70955307180554
7460,13.972446360027439,7.796464109211335
7461,49.814109901348125,72.37030441011224
7462,0.9111301113017902,0.9307779773652993
7463,75.85590457434138,76.17779810439208
7464,4.132579201799386,19.124986502130177
7465,27.393057320380763,8.080981259443945
7466,0.2265040474569766,1.6856181512661332
7467,45.92163816229827,104.97415347806277
7468,40.798079287469704,6.967841430211275
7469,2.7105408635751136,10.13241532314796
7470,222.30879732972062,210.83805539468173
7471,167.61780714977755,36.17583721626413
7472,10.8034612968696,27.35375712333985
7473,5.850262069152218,1.8938326683851638
7474,310.3083257727279,172.9959480012085
7475,142.42630858123812,163.6796572086611
7476,4.450497051751885,12.259963536825989
7477,51.00336399344964,84.83096420648897
7478,10.44890741827909,10.416805855571143
7479,8.583710868087103,1.2063779739374003
7480,60.27093815773151,95.2896910665479
7481,4.629428338033278,0.4327836000119749
7482,27.012676983690724,2.808702211607229
7483,4.699843862088383,23.391601560711585
7484,2.5078563313077904,14.571407776747431
7485,7.806158366600301,34.043889425043616
7486,21.181071071447153,24.381379344313057
7487,9.967090529249676,4.398442494711633
7488,212.50471077253206,155.6730975123039
7489,270.7581010229039,97.69536789835557
7490,63.414519821390414,7.634289075397568
7491,50.01406349903909,7.365653095673394
7492,1.3267074353112607,6.106073812242075
7493,34.11862096537953,197.59030940685605
7494,3.6138491101961323,3.8373826974982883
7495,78.3981941119103,24.449449240964977
7496,172.28395265111735,95.4863148596109
7497,50.664273516827286,11.84649624572155
7498,17.1545623887965,6.726061582584913
7499,7.5905922559358,39.36192469841822
7500,102.62452678355247,61.40542257044075
7501,2.1356940171042837,14.99289511332805
7502,3.802344338449046,1.3476455749530194
7503,2.1723857605727375,2.2121411095334715
7504,25.588742627547965,67.56134373287045
7505,3.0767041370862005,3.255588262855362
7506,25.587027280577118,90.58022080106358
7507,0.8096963036013793,2.191764581571876
7508,109.57776891716775,114.80248061995533
7509,249.34747736397935,31.87378359832655
7510,3.2069090264248454,18.916969728771612
7511,0.8107039587312592,0.5087917322257482
7512,19.302671971463223,29.986408768429417
7513,63.84001344805444,95.95724323132632
7514,5.746943001895879,19.371504956070538
7515,36.94786220386671,234.86836539086642
7516,2.982085384594226,4.536074078294245
7517,73.13471226695108,48.7767191643546
7518,98.66123282140354,17.111848964195858
7519,195.5295151033639,24.5367738339951
7520,88.21540234631827,204.6819337601421
7521,44.20763097865954,41.55406338047845
7522,19.83178647460518,9.873251399021289
7523,200.75678384192355,29.562621946991847
7524,45.980226809702636,11.705875493445845
7525,7.640097081860699,0.8935441032197925
7526,10.193301456847381,1.501016370906588
7527,10.086842085559132,9.828836335303254
7528,32.318730967283805,17.801345331338066
7529,61.58879783317557,30.215513014370046
7530,53.55667351928399,106.50210056298533
7531,107.40748243354217,145.14788027386166
7532,32.26770673283061,82.65250668834948
7533,159.33761821266393,114.72410910015884
7534,24.723222112129356,6.794520452881784
7535,1.7264600046732284,2.774120848717755
7536,387.89610017007317,51.59906317662864
7537,89.29315914632392,17.714218154454745
7538,170.0609548287201,91.29144597763914
7539,17.525546484855056,16.62415536256523
7540,8.575737529770588,1.901162387010089
7541,242.09173319737712,27.65563270669892
7542,15.569920409258382,8.06758559952507
7543,50.46144881739896,29.01777800121496
7544,4.033571623697199,6.644239435265898
7545,158.0346658534815,353.74982423552103
7546,72.63625483637563,31.990137340782944
7547,1.8020967011892177,0.39543307402777605
7548,167.25468504080467,54.84059643819333
7549,174.0906039694249,42.70789525354809
7550,79.05388217544234,86.26792842186494
7551,1.1262236306036357,4.882909459545323
7552,173.51352239044652,277.6142050005859
7553,11.351901957575826,4.290096588587858
7554,28.63850806888437,4.686919200375797
7555,6.097968107316239,21.31675180263372
7556,1.0610205338270184,2.312035856283959
7557,16.499467388644614,6.947444536607783
7558,44.82306938048892,70.04645862293107
7559,0.20055524071697262,0.4850539802686791
7560,1.0046732921985888,0.6963986241069224
7561,69.69701548977243,210.46829282135198
7562,1.938074173955303,16.302648860599533
7563,156.0920684282928,41.19077544102244
7564,150.4342578288185,22.88090996009872
7565,323.57726559380234,142.31299742936196
7566,5.167186108597976,5.931347019488658
7567,17.541201397639096,30.17903973934697
7568,42.63568695221504,30.602555869574534
7569,14.303999280772278,22.439556907681013
7570,7.289076874070351,0.6380591386343067
7571,283.13955758141094,202.60245921346873
7572,60.187384854390565,13.111024994097496
7573,14.363284960435411,39.64866681631926
7574,291.0461342685019,89.16372465871413
7575,55.406647922951336,57.99186927444269
7576,24.958189302532634,124.09202234587215
7577,117.23866946293158,373.2097493929173
7578,4.669160448400612,8.6816544937498
7579,25.4645185935784,25.4796666847679
7580,77.69056821204944,203.6342747477485
7581,40.63369245588646,16.921496302696227
7582,51.15434006401556,87.48625835384424
7583,50.464493420127454,93.08062802864649
7584,5.580338053454172,26.675917891261207
7585,1.8514971637522442,9.519365723533438
7586,63.458093232948485,7.238703296306807
7587,65.88137497148148,128.39521958351312
7588,100.67728256374218,59.78808745285746
7589,147.053701460967,66.8031042715079
7590,31.003992334816814,9.720097775231942
7591,20.396466752640123,18.853290707713903
7592,24.876900303310773,83.03541924115473
7593,34.69208745986293,17.580827764263084
7594,12.544930095569198,8.893803011343724
7595,6.937526421928684,5.940464862809877
7596,32.89970012531835,27.150874822296913
7597,0.5566665030754816,0.6587633088769589
7598,174.16344619643894,127.08323334430864
7599,156.09997793844215,107.00514641018833
7600,40.445593226414296,35.96606436144237
7601,9.581419010691175,3.7574062362795813
7602,111.93993058810233,90.676718117426
7603,19.877015874136028,54.232201879445796
7604,37.486150894637504,71.91804947022706
7605,6.244798236462556,1.693699941256677
7606,91.67661315744093,48.852917395270275
7607,28.530460616675292,64.01435160526097
7608,24.929773453118,16.22710018175019
7609,2.1611053229110135,0.5724425831283669
7610,67.81416785312949,58.53740986640962
7611,43.140303333279995,17.721743750463112
7612,12.854743952395673,3.530562906778421
7613,8.12933221857966,21.680195421374645
7614,17.444681776618012,35.37195374161106
7615,0.9833292536322324,0.11055793068801145
7616,67.51316194608515,35.03015110730482
7617,0.5679951448209051,1.3303755518173073
7618,4.45809188439071,10.358390848628718
7619,18.041141105117582,20.124340344587534
7620,128.96930753018682,263.2518414014261
7621,212.96097312486114,171.87754866456993
7622,74.88226589140118,146.7633423045994
7623,133.55288227086692,34.54600786900916
7624,3.624215546697174,5.570269694109813
7625,0.2923648978811304,0.30851765377836016
7626,6.516236102794052,1.1093377555247927
7627,0.26350333243059354,0.5148888381538886
7628,6.759484996992473,4.192194349960714
7629,73.78721323657858,67.68564800684938
7630,100.59223338703254,123.75177902839832
7631,58.22597654201035,37.23693370293623
7632,41.03992345713466,8.298160637513122
7633,49.373575636804595,85.68278141563674
7634,56.12462219299101,34.65758133991938
7635,24.68828429468411,22.14604224763875
7636,31.999584914309132,16.286874343379818
7637,30.683402107027508,25.84380003488632
7638,7.383722001080889,2.1049946406398883
7639,24.18537232055635,12.379373130048243
7640,130.99199752493962,87.14400293240438
7641,45.994449180891195,115.46534120536238
7642,48.534979811054455,155.02784544308471
7643,5.160919618714017,1.4108394737319334
7644,91.37757728888631,58.610161708156966
7645,8.392305325744752,13.39459977937429
7646,164.22756539169566,51.68243530889189
7647,29.743919231839502,23.9091917523682
7648,117.4725362415096,63.521598697867844
7649,122.7444520113899,41.86032158914099
7650,0.35885914060024726,0.21442982665056065
7651,58.53203766005873,49.03342021092519
7652,16.629372301002,12.253387977098548
7653,112.71656505749971,39.53131844761689
7654,4.792036670770267,2.067398340613555
7655,20.420271865389324,40.689335457926276
7656,53.929978936013214,140.20014491110626
7657,12.241354906718513,31.887634037127075
7658,6.590934857707184,11.532264761237762
7659,133.4572046486141,45.81495520256868
7660,27.731543203373207,72.89335857016945
7661,140.29597904172988,296.63988382828677
7662,35.04713648973753,61.999028316545704
7663,9.651013086688643,8.81741962031292
7664,23.749783400511635,6.869497096344955
7665,9.556235432556992,25.39947024963931
7666,34.97060761330708,31.113180819354838
7667,13.849671202471916,5.995544489440823
7668,64.77694697045156,42.76750052193579
7669,0.965038672232843,3.0600917426494956
7670,13.67780088917037,4.345912315780396
7671,55.67754777964705,150.45910479311382
7672,27.500765503129124,22.988856474348477
7673,76.04781199895403,14.16890121494151
7674,33.83826248246157,234.1837845892349
7675,176.7341558974599,33.57547855098323
7676,28.716494356472698,109.84277263122151
7677,24.473986368112723,61.85592847984361
7678,39.327060810534796,37.92716768098487
7679,70.24919999480181,96.79771289377372
7680,134.04896215277753,193.57699996719637
7681,57.388094120274616,74.57729097454742
7682,9.160582806273416,26.979678288013975
7683,8.483481998503851,10.414810978410637
7684,172.59771637416398,129.37552664790692
7685,167.76799787471896,42.453578202978804
7686,1.3158390260813007,0.23065613836231413
7687,22.576805283203615,189.79713764279194
7688,1.607576934782726,1.4776103013794688
7689,231.81325912369135,166.65713700892897
7690,40.95074049757566,69.31227996609942
7691,1.5418419292652665,8.201454615906956
7692,77.29766405054859,163.6291244992523
7693,128.95495005306137,142.59477240602538
7694,36.01022382987536,217.00078414015354
7695,54.57958504777731,169.32486477070358
7696,2.081787535452353,3.3689598578201028
7697,2.422848913977189,6.776510022142276
7698,136.7136779545137,27.87669018743283
7699,0.14140960351671628,0.5291312125414857
7700,41.39090620887134,307.86455470235956
7701,72.71083848378584,36.297127182836235
7702,2.961144224006519,3.135715299036691
7703,40.902039305892565,93.62636530077448
7704,19.703382089952104,5.928161920703298
7705,28.59965831182088,6.583434507462497
7706,17.40028182580847,34.53155505426037
7707,11.566422345032677,71.76835570094252
7708,83.44213689545988,71.81874496150922
7709,24.744592920831348,61.253771590300545
7710,180.3658646488458,65.60299836732526
7711,30.325911084130663,186.00761701756582
7712,22.17459117035176,19.303900654918458
7713,35.508627767997844,60.51353915662018
7714,6.779884477697,39.89553800484749
7715,51.20235113066235,53.86977298962718
7716,46.270459331524485,24.924816244878798
7717,16.35150070815856,39.05944414688582
7718,42.70582316498956,22.992894557562582
7719,63.24089180813034,38.88948456554726
7720,1.4558370232699396,2.1566246713206505
7721,0.4923555583450554,0.11993808043970389
7722,45.187813207675276,182.21736368363491
7723,4.805918347500734,12.399123733000312
7724,43.18938216780493,182.93243507227155
7725,60.38859510840359,9.640825598029542
7726,1.4054301669951454,6.2304579535794495
7727,120.80983379468128,67.5143839402888
7728,67.01572434338802,260.61751881627646
7729,84.91337084993862,109.6413804396521
7730,3.5449168982061794,2.448430917827536
7731,68.55989034171841,165.108974604909
7732,187.75353625064133,31.31543398378502
7733,49.93576558144342,23.24719855112867
7734,111.06469191102514,145.06095963647996
7735,11.182743840562615,83.8029945975043
7736,0.9171865805642658,1.6201577716683273
7737,2.3234459461364247,1.6171523208419674
7738,47.57766855684712,86.97324883820463
7739,32.39540290069801,64.40999549272736
7740,0.38346181285506087,0.5377829826303426
7741,13.648863948592679,5.005297937050764
7742,0.7182473419530648,2.9851172365265746
7743,5.849264836038922,40.83215768149311
7744,446.3942711377855,69.24455804132981
7745,14.270663684895725,7.156302798855263
7746,15.052820385926026,18.052554466287734
7747,96.4305791033742,411.9606529332568
7748,57.50114686869177,50.24360520733508
7749,81.62828519475326,56.90346357454509
7750,380.1024821894564,97.70032398705591
7751,44.25030212389663,11.016877349773448
7752,18.49068337669031,2.6032961179422482
7753,184.49368644907094,59.31724175645302
7754,54.816479686383985,153.1778809519398
7755,10.671595913494741,45.990380046143045
7756,6.649599872966082,0.874314576403157
7757,0.7532779078295075,4.605850999430929
7758,54.59684223306593,34.10549921714824
7759,89.04815832879333,37.051581887002506
7760,75.04918865721037,112.96078265983017
7761,12.494395638602416,7.031520674937263
7762,2.0003365831815385,1.4637333897912894
7763,6.36122752738978,1.0984962184550529
7764,57.96664448482969,59.80233580891615
7765,6.985644840396542,1.271945066983493
7766,31.02539628672944,21.118337203279786
7767,157.97798440893237,163.56817444788356
7768,53.26966896742312,45.81232922244169
7769,3.6145843439441476,6.193994587924479
7770,64.02129508802659,25.808622981995235
7771,49.42753165000407,62.538984726819095
7772,3.4528087385010204,14.158458825690428
7773,17.642468756079808,31.036665125541948
7774,29.682018957436664,42.28622842301955
7775,146.41280624832507,305.3426259947146
7776,1.1566269496991046,1.5355371985712003
7777,17.399984999240036,23.823770081662452
7778,6.3388511942328485,12.705889005232004
7779,22.657875877592637,42.620408143443285
7780,58.79327648401726,16.955474012527574
7781,49.99645081377418,12.148713364717105
7782,5.697591853431971,13.659800018771278
7783,62.70210752923154,12.878421612351778
7784,39.61017149829128,62.164025111949734
7785,81.15758547879278,128.9823167558662
7786,239.24561420422467,31.26636649033376
7787,3.1506372221417793,12.834651515988977
7788,3.47389936736797,0.5391288411466316
7789,248.88461814969116,45.74050215156515
7790,50.35273756396737,34.07307463268275
7791,5.330359103654694,2.890933794418979
7792,312.7459246946652,34.41134397315797
7793,64.48346702600739,138.01291210771362
7794,1.7510655525808378,1.90766459558136
7795,194.640109766621,277.2600839073107
7796,35.086180295739425,165.16933584077918
7797,67.55040679430113,11.68735568642757
7798,18.7569123249258,50.166709611126706
7799,11.765027226236283,35.72077448100576
7800,5.295250589903469,2.097975703336607
7801,273.71488376122386,195.42671713531806
7802,57.14763324611664,11.84239890268625
7803,8.934642065726552,6.906098120929814
7804,47.81792603530005,43.54085950161023
7805,15.494128083116653,10.97192116768161
7806,2.3329611629973392,0.2970138829470014
7807,43.99941745602459,43.021151175585516
7808,156.5189728966936,78.69183983545406
7809,71.5440138192962,24.713201085688148
7810,28.644393637732907,196.61200764614017
7811,115.40404004945363,367.6104923213733
7812,13.200117040535941,25.75587689891479
7813,70.56080527397526,231.7251013136914
7814,3.440213931526585,0.8275875538040385
7815,132.578781051918,57.12072839719878
7816,21.99411106379534,34.94823173210799
7817,3.703363632513338,26.59963537991231
7818,48.0521543146387,27.158066483726593
7819,13.164371058570667,2.016986921507218
7820,43.12844906080289,13.069244605496632
7821,3.3149740110896566,5.140113312168783
7822,9.805458440131913,10.650820358286499
7823,1.6708633359583203,0.5918197235737632
7824,117.68976331542595,222.71498373393115
7825,20.8037491476496,36.549192912277825
7826,20.65460604004837,14.452336575194332
7827,42.222727195363866,20.594197548680388
7828,0.40937088381481557,0.9981518177006262
7829,5.334416916134179,21.084601562444035
7830,0.7789410641813943,1.570531417989885
7831,0.42532701897759795,0.6829337923459532
7832,0.501212722191831,0.10309391616671659
7833,21.85547826419513,25.191123648395195
7834,14.684931342354709,54.873759684574026
7835,18.12737484455067,7.385090079442686
7836,0.7678356584503336,3.643295155873451
7837,0.14140786245179005,0.3991914490156949
7838,16.912073001487272,29.70306267301538
7839,10.936158529916554,17.776531516404923
7840,18.518222598569384,84.83311363356636
7841,281.6655427144425,76.31440295949413
7842,133.10847371437387,24.673427206885943
7843,20.018343260561068,30.30855299964511
7844,122.64316044196718,82.31997369348201
7845,190.8375051476615,86.01862981308804
7846,60.38132654125031,22.218721277898414
7847,23.230795700496984,3.9637862548081015
7848,168.40534018774414,40.945551111766385
7849,3.2616868521917137,1.5702151061787157
7850,19.148988146874956,91.7035277267151
7851,8.088064214027746,5.114197693119998
7852,68.23711606419744,123.70299186462336
7853,5.435838571615385,14.445841639330228
7854,0.03553382844795028,0.025062700998029874
7855,49.4356084746854,120.32333047448601
7856,6.355160174617273,3.03819682684059
7857,8.38047102558,3.4854649506599578
7858,27.10607332503662,9.679143494652122
7859,11.279215939341817,36.17755835610294
7860,0.13837199530376187,0.26264252137716837
7861,176.45800761372087,160.95731512624005
7862,8.222951510023984,16.326119970991204
7863,0.2822511686937108,0.7731422726360256
7864,15.523628758899289,47.296202510426184
7865,70.44839365465396,19.452854366601937
7866,63.910268272186215,87.1128087534179
7867,47.12347865493212,15.16099656566314
7868,5.201435207631528,5.206475939969399
7869,63.666128410881925,11.102922007357053
7870,10.534692549873643,17.867977971292056
7871,3.4506263444124796,3.1502809672831313
7872,279.4084122471349,107.07790933350802
7873,2.786851008371519,6.596491154096216
7874,29.072276397283556,120.16435052172127
7875,0.332008560837346,0.46958863983922194
7876,203.38344773319835,186.19159596278038
7877,57.57219452753488,104.30568941432054
7878,98.80040100855574,32.06719956938003
7879,342.4959814167442,183.7811119415721
7880,22.252921436388377,4.169757368010228
7881,192.5001089505597,113.61931349672162
7882,129.60883628021605,51.43945353348962
7883,67.39893307998416,7.891176193418636
7884,37.4892342375982,7.590524985845427
7885,14.239674231277377,21.439004262157077
7886,24.285474171106824,40.85651759850471
7887,9.743310414808498,4.433236211293005
7888,62.50220938034117,273.63382143074534
7889,57.29818018846019,35.97860347235042
7890,21.17460638233449,7.545278715454093
7891,15.269070835816686,4.416906851318905
7892,32.72723176564728,50.35914891230728
7893,203.89020323370096,122.51388254673877
7894,30.18728398149421,36.676419314402196
7895,38.83874703624276,21.51256948667428
7896,3.387148409203321,3.2680846370398053
7897,132.53606555096596,262.3068131453928
7898,6.038207337440745,21.27934086195429
7899,33.96636958271594,266.87688663570196
7900,3.1034999831354013,8.613144236094888
7901,225.23647698870883,34.57959585995083
7902,41.54971421048555,26.03338514256176
7903,24.19386252790272,13.338297168012199
7904,20.393570631382087,22.703665995458646
7905,179.01378342047394,58.093622499960034
7906,0.7042712844357399,0.42177267202705926
7907,92.82282920535039,190.45330882579634
7908,87.24942728336929,21.584219398031276
7909,169.5331467833946,37.19073342089498
7910,1.046461215244323,3.4011362691270834
7911,22.760818722609603,78.14516573532659
7912,18.843214851007634,31.32038161146063
7913,147.46460222993372,251.3101710783505
7914,19.147363298568727,40.36468063263068
7915,0.9834535178315877,0.4320269161340897
7916,0.8687867217958947,1.1379299822461175
7917,12.826211678996126,16.950118916926375
7918,40.42092105397225,106.01668943258287
7919,0.541542771864326,4.278804337413554
7920,16.9440547025763,52.440512393824164
7921,2.6286268232061483,19.580143713514143
7922,106.35831454997437,172.3885728922922
7923,25.967724844610693,8.060158750791658
7924,147.751121548067,182.0257539829925
7925,39.278904935162984,74.59403463021326
7926,44.181338749361366,31.689952559437305
7927,135.83536371367785,34.80664975247556
7928,18.890183852387285,46.75528074248719
7929,15.004899757045322,54.73541051250702
7930,60.575497952726096,13.859776488732201
7931,29.724315424881254,64.04006248104584
7932,9.225281577320425,34.58356822823431
7933,162.57931563801063,80.54086944409798
7934,42.93512702035382,8.934439143121244
7935,2.3928517915856684,4.272327211854956
7936,34.98096158815916,76.72571481910614
7937,216.5086888812353,45.661666731900596
7938,322.0657719938664,102.7528587416006
7939,75.75467224419464,35.2667094763102
7940,12.909506540438528,23.43945594873479
7941,5.629341240660868,1.706375981659797
7942,80.84560855303474,37.525569069497635
7943,3.375940783440055,16.382441544058818
7944,83.1186155754766,70.68486355150567
7945,174.09357151824798,51.6595803637599
7946,5.559522528399522,18.041357235761453
7947,102.96167312692583,263.57737818849364
7948,52.18806608073517,92.32866324252583
7949,7.920254411592879,4.630168081093198
7950,31.287504856394335,49.93840663116855
7951,0.013784135257494556,0.003747968072886687
7952,54.353271847768646,6.955954393589281
7953,3.9861514477753386,3.0429971960292614
7954,67.57457812599534,24.337461956415
7955,0.621324791616283,0.8235192662342401
7956,48.19182267946039,21.13740707329338
7957,150.5874197772257,94.69935390372596
7958,64.93488934741586,18.889526251034482
7959,0.35814785304791696,1.0676892020096118
7960,149.3559829460792,185.3399414169844
7961,60.44924668065055,54.19507650315575
7962,3.5657959112170383,0.7315774932733731
7963,6.794429016881786,1.5028951933634436
7964,11.23042229059083,11.511431472256975
7965,12.402854195617289,59.897680291993346
7966,1.994474878239931,7.1172832108996555
7967,86.51235090325538,26.07087481397071
7968,52.08746013372939,34.7236739777212
7969,65.27877131505325,129.35905235927927
7970,14.384021843747268,3.8843185072598767
7971,22.867463602314146,20.75517810373364
7972,1.447067883108814,2.5778997158020567
7973,5.547642461228715,0.9478327448176115
7974,81.56929198985704,132.97912872878865
7975,59.560138161913414,304.9744436449507
7976,8.061541939405037,9.15117556885477
7977,85.22612396608727,20.790299051423716
7978,20.540445928150305,5.301615531450397
7979,41.60915692987768,7.965421767217777
7980,147.18113440353787,76.9768874382729
7981,36.44822145366109,18.138425262619105
7982,269.62037331471504,112.62930904464642
7983,51.3694727125342,160.67254523966682
7984,2.347257583854869,2.38516305105143
7985,25.578013718929217,31.495669557037786
7986,13.0176088449682,4.556654021328213
7987,199.33792848334014,27.36287999628469
7988,23.675039268498786,39.72736375927687
7989,13.592634083519753,28.38139175031657
7990,101.03411179149046,189.40408404746887
7991,27.045128516721594,22.824607173611728
7992,108.65572784998068,62.07915068106653
7993,1.0435262619743157,9.983532029989131
7994,1.5727578717206936,1.0576056636779563
7995,8.441972822119153,13.732538887591097
7996,8.584585212015941,10.105194723139425
7997,154.48951287346227,63.90271282387123
7998,37.859973248525286,42.175525013308814
7999,15.19840047276423,92.21103260396043
8000,28.518996961772206,108.4440267070224
8001,4.47562188959345,21.968022462532385
8002,9.826340193706418,69.15994242946608
8003,19.276415577100178,34.38486730974594
8004,3.0362790904506216,1.597222228090113
8005,92.00402916105296,256.51072834318666
8006,16.0329157667911,4.715552451758279
8007,253.91320549541263,57.284627341807536
8008,45.49556543088863,188.94225842216593
8009,78.82185043740712,413.1389149329555
8010,183.99890001042365,188.35776621211164
8011,4.9228951285118,10.638267870485555
8012,0.18109095541108644,0.8196201341027928
8013,5.606456216735673,12.241230695350906
8014,4.939023537495773,14.794217028756098
8015,76.45457690056867,133.57859581266442
8016,37.36901523887307,14.798772305911964
8017,0.3355353384711184,0.6642673195723796
8018,17.959564385616638,28.63690482766063
8019,275.1829896321784,67.9680519741271
8020,91.96638307651047,72.48626360906441
8021,189.65929153629693,98.01194429527106
8022,85.84995005975595,96.57343540089599
8023,16.11518599064417,3.4879161879719427
8024,6.377665735116222,7.856978546542349
8025,105.71996125554611,12.119050433403771
8026,2.3854026604561755,18.75115105733311
8027,120.23614960597284,85.3038781231983
8028,5.279739876028012,3.2878185114884504
8029,15.423444567711634,40.13837808645196
8030,34.08722702034516,46.27637843563581
8031,50.52386902723721,14.921524165379694
8032,79.31613685098534,11.664554981220736
8033,8.605597393132541,34.52970744472913
8034,1.4366565727085687,1.2833518503537393
8035,68.28598061340742,134.01114083421461
8036,0.7825570717851322,5.0197698307583085
8037,2.589391709628733,5.730434866584581
8038,23.678850074515555,7.87304487566116
8039,62.94618174933257,93.76136802211221
8040,269.5385440382059,106.03377448264466
8041,82.38284483578256,189.32335931664764
8042,74.45295175384722,29.434728258614882
8043,62.838292274388635,23.183586797601876
8044,1.0061477667954892,7.652307687537538
8045,10.001387204957544,26.530262009788586
8046,15.104431881854872,42.34729502451352
8047,83.80254005192917,22.57072527158609
8048,17.676642767561972,25.533238300798203
8049,7.580182087850941,6.523512221869897
8050,7.82500926338788,6.596795096210726
8051,255.73409862906936,57.17116756479864
8052,4.9198264269859155,6.1751344851884555
8053,39.85904010139504,335.27854780324765
8054,87.56968325591801,128.1471278846716
8055,179.13962450548053,61.828831161959314
8056,2.653723620350518,1.9802190408005684
8057,51.99130474663233,396.3137613497531
8058,14.447709274844385,2.447474091336021
8059,79.51916162790235,26.727014626653293
8060,155.39598761830146,291.39552690713356
8061,43.54500513870474,27.92461454566633
8062,41.82925271894636,23.31919472303273
8063,2.813526145554057,3.9065036942097615
8064,21.958156736839932,18.327149259853073
8065,34.605571120241386,135.18696808987795
8066,7.22622010208985,5.70518013129924
8067,71.71190387547088,40.00860686250631
8068,5.392692867188732,11.846958739054589
8069,285.7277345389814,35.348563008778555
8070,56.34388408659773,17.463546471860298
8071,0.469620002160539,0.3448442832830203
8072,4.61891549039656,11.822806947314156
8073,89.14949096835268,157.98174191476153
8074,64.43724351750441,47.699554510106225
8075,5.79542531509575,11.248889228554772
8076,0.8620660997700649,3.027891340667026
8077,199.4542059166582,163.596331389005
8078,4.458374580506807,5.112918761025585
8079,41.33081526478568,178.4632369388212
8080,0.06669697428276233,0.08979009453211173
8081,59.8338425692569,71.66774758971152
8082,212.700437669054,134.0375944693801
8083,32.1575610002941,23.532256799083804
8084,148.88169424193185,105.93984703196321
8085,1.43551091919188,1.4325145036279627
8086,3.2304440844818725,0.618306619743258
8087,39.6906865977848,56.41660647881301
8088,98.75005175170959,190.91704604565416
8089,26.52405313855959,5.0657524675617935
8090,88.30339315576012,59.75874513980861
8091,14.86981488577735,12.65339755882191
8092,12.733508565140665,24.322249194600175
8093,10.070563959031956,52.857707483664925
8094,136.33886437711558,168.3716695055279
8095,2.482407429503307,2.178860563098881
8096,11.062427590727005,30.721363406828033
8097,8.926247303273408,75.87672369348324
8098,6.155414034157341,7.908761727752689
8099,76.6297427129623,10.584222180798264
8100,82.99810715234942,165.0023497695778
8101,209.50910223545117,24.96224476757412
8102,0.0381586821463229,0.1341387333327232
8103,5.137268454916273,3.568986970506236
8104,10.344103817073119,8.625045589893116
8105,4.1721921234889,0.8694466946953014
8106,65.77477582736617,23.61472858351946
8107,1.7116575021072369,6.614791275771556
8108,26.03332795855594,16.467854780299525
8109,59.87664955227777,74.58122549511334
8110,45.930680753693686,9.897979828940812
8111,38.55381779659844,40.118723981291254
8112,28.748705754951754,13.316685463388023
8113,39.71375556122031,8.550915101187577
8114,86.06345042094836,28.625075315421416
8115,0.8810845080674385,0.9618852947527532
8116,45.736370171417924,46.30189497255604
8117,2.734126809541013,15.003238296628846
8118,222.72360862841128,71.55338289047377
8119,1.2824774925098676,4.861307594676066
8120,36.23448332063747,21.10694187716052
8121,254.04307130941524,94.35609298979887
8122,208.77486406634864,74.64381791275142
8123,5.272204874193939,2.2376234321144244
8124,24.965783431807132,42.366533092949496
8125,116.49781684339766,27.06117783261773
8126,3.910236810665576,18.599336563803114
8127,30.01055713832384,4.795518329627977
8128,16.413642694274458,28.828337077270163
8129,25.001869096992888,95.15189871530704
8130,82.46067551244957,117.73770287676777
8131,32.3979761873492,6.799725070342712
8132,0.2484283901306008,2.5107573179051146
8133,0.42591205394912146,1.7910636146622383
8134,90.72698781159761,31.782643843344406
8135,4.3107773441878185,2.7990062342180986
8136,62.462584076255595,87.50844437587182
8137,9.228610884337892,4.349092414329217
8138,45.362080086518304,122.61937302818302
8139,65.33765930068867,42.54337624079754
8140,118.62291326428347,255.33688735202176
8141,5.753877315338197,9.570410518347463
8142,260.0134527640814,100.55281808688197
8143,163.6208763011195,112.49745980874368
8144,14.518336098853663,22.771612837577564
8145,202.95134681544127,364.7335716906331
8146,19.541557772089796,51.66768007417916
8147,18.573901452662092,4.5549039688406765
8148,15.870313077340892,7.2894382863137
8149,10.747371859574288,4.134195276966472
8150,2.2465858786984856,10.347885752028398
8151,85.10724501280122,46.82965033864388
8152,189.8076550456659,60.75997821102212
8153,13.049577664601628,5.903010332218387
8154,3.0090373133591086,7.855760599141945
8155,119.55363606810099,195.9912621516603
8156,31.445704616711385,26.770268030579057
8157,20.62416999592225,69.02045551804798
8158,145.30311494584086,295.79500022688245
8159,28.22123357745799,6.963653076779056
8160,2.9106872557965984,3.2836265500472113
8161,16.537590405880355,3.6559908489498696
8162,2.6195968161251035,0.3731293966728425
8163,180.33545237583724,250.8385376245082
8164,68.76828366131184,17.143080155588308
8165,113.70990671778733,38.684415994063045
8166,78.28496283080116,166.66653557242836
8167,114.90160740970356,60.41420416705714
8168,51.90222112140026,119.20889725438738
8169,2.305761905770158,2.942645401220273
8170,2.590433976965269,2.7848584989685805
8171,133.64526995193754,220.91053172954864
8172,19.13326485501414,18.86280176102859
8173,2.377732961064691,0.36363472189719614
8174,63.275406412956166,90.85783564556478
8175,127.15335580845489,76.48818022793438
8176,1.4222144624857787,2.0360688407466236
8177,185.00537152168118,266.9543111710977
8178,2.347006559995707,4.176274158953003
8179,42.41821824147811,143.26938414957868
8180,248.4063181106381,128.61775061199705
8181,87.05943117912904,118.53498004660413
8182,30.42792297492855,73.4589141584969
8183,42.70300558730815,30.434913929371547
8184,27.211668267943438,16.34017924804089
8185,7.608964542633506,40.90577720490145
8186,67.50856671366161,17.834492800631576
8187,1.287763985701031,0.7732916081169912
8188,58.69657967505455,307.2305038313042
8189,129.94838729772187,82.5635690223083
8190,82.23971868363338,150.45372849000864
8191,9.013848850454629,85.4921046543194
8192,1.1002758173331684,6.248828293417679
8193,94.73221915588452,191.496134597141
8194,24.93737456384713,5.3353043194651155
8195,29.248022668828263,52.70046722685612
8196,1.2611651765406735,0.8568140073398253
8197,33.352812574820526,26.02398824146948
8198,3.640740185642507,0.35433934760958197
8199,8.79801187837979,18.104710544662698
8200,0.8195975265142696,1.3724670880361938
8201,34.83442405784735,228.90487021759859
8202,13.672069301578162,13.05713963694631
8203,251.6810352714043,139.34447646386232
8204,95.1579527508339,64.79284214039944
8205,17.57260238660685,35.04416634705901
8206,20.550474433104984,61.10890345358441
8207,32.61864442267651,3.052192476079391
8208,16.28026730647413,3.468629247662157
8209,0.609548901085236,0.8550687190193998
8210,43.8899041504881,51.17178740650829
8211,44.584249682415916,47.36252639823231
8212,61.82892526972466,11.704670220889613
8213,20.66363955541092,25.321493343049227
8214,8.741825261431277,10.93406744492665
8215,1.506186917245473,2.740177800800314
8216,101.00114820210295,16.174897312297624
8217,2.569290951228952,4.542575347331739
8218,19.36991119602103,23.90776012733193
8219,5.272527542028016,4.081559597920247
8220,59.76346986885144,16.89032815143198
8221,15.572847801705235,91.94398335565856
8222,6.637005697554182,31.958178797728806
8223,87.16182976184098,46.185627427149555
8224,9.041075038240544,31.37899716331021
8225,1.2228087886401717,0.39370259128377627
8226,39.08361980342845,27.857393486532807
8227,47.90866536158708,102.96254042383194
8228,37.88014007908215,150.22201282577646
8229,163.92520989228785,387.8577673288921
8230,225.06798726479815,119.326505036473
8231,77.8250622341813,41.48203733466523
8232,158.25989389716895,73.05194486321263
8233,192.71473862719614,281.9619613471564
8234,282.2958522064416,149.69555127034553
8235,117.36546873182846,55.013954879329546
8236,44.36242598822656,189.34441478898253
8237,34.96320639495493,18.174036734645043
8238,19.88193676621031,12.765976074076312
8239,114.88566202441208,46.51349372960981
8240,37.39915694954629,41.88016357938061
8241,24.75292096151083,9.923184176003682
8242,271.08554945582557,71.18533792667859
8243,168.54241309610768,87.66745808792045
8244,21.57205052048125,7.046110202404739
8245,17.69190864924255,37.009304224681074
8246,47.44358055828389,7.762515035394044
8247,69.05025312732016,11.932927944571341
8248,25.680150904218472,6.273265482202104
8249,74.60985845016211,252.97261167478132
8250,0.8128293674157485,4.022352178545452
8251,40.99104570026639,237.55875764587395
8252,95.0709463989379,15.344763492642235
8253,9.448029445062936,39.287311661679
8254,1.0730401849522164,3.6712049377149603
8255,32.02337197021461,217.51126714278644
8256,8.919864518098086,1.1646902265559664
8257,3.045918917969507,6.319144036354584
8258,52.56554266231742,322.1266192753288
8259,13.200640180338361,3.440791813651164
8260,1.2238183307743542,2.429002784717836
8261,1.3302725002725195,1.9730574636451836
8262,109.01421839991605,35.06627978224887
8263,35.08150975721739,34.93021802806965
8264,187.88384070424934,99.5966942362232
8265,36.70988289593489,53.05314674866126
8266,74.12825451273306,26.23955023915406
8267,191.83795239972756,57.29248597962689
8268,50.31163409182717,27.673189393414088
8269,94.76789425113621,13.313424244694696
8270,177.9539864328848,114.3809536605736
8271,68.63529780894805,16.695562065162513
8272,11.944200918912495,2.460723167206485
8273,59.92898831040914,295.33791615525604
8274,141.3229660301741,163.79498995834862
8275,8.2168028090035,2.8240550335201395
8276,1.8284108789651627,4.537235659153392
8277,231.01816822052848,272.5271855801352
8278,222.78386483375857,60.06493064838794
8279,69.73061448681293,23.35782285238232
8280,1.212144857318602,1.4448340898820882
8281,28.235591203681405,28.8233505816089
8282,7.626297516002129,23.45709350780259
8283,21.733514021407057,47.34201147919222
8284,74.11680663648514,49.51645514096301
8285,57.70715806388079,13.214915194672914
8286,6.179473365650358,5.277398285539507
8287,150.06919728248272,31.258355250918385
8288,13.08827627535355,2.4200638965203765
8289,229.3359345723579,195.8207845188424
8290,55.634883481036276,346.3879802504781
8291,22.41949660978522,90.09628496014757
8292,6.583312885059426,19.480235698749098
8293,104.31897260117935,199.13434365738362
8294,100.68189823944441,147.25664052513076
8295,38.22154063082494,4.372023579693096
8296,9.445105492609265,8.778392346298237
8297,71.36605436380026,64.69539776434969
8298,19.542657256206382,11.138216059926235
8299,29.748695102957562,73.54235615585466
8300,91.87364625496537,183.36963280143996
8301,69.63431297902038,52.2674208144931
8302,8.21579175791538,7.547845027093353
8303,4.963841709605837,3.658375208796831
8304,16.199369845982545,7.628976369805919
8305,2.0250893639171452,0.8687730715597007
8306,0.3204805500149046,1.0702917479569418
8307,111.34660481835687,132.60385134711927
8308,37.81005813508467,23.301909304244568
8309,2.2249223616552816,0.7655606164606858
8310,0.6587601639867728,2.143814983330712
8311,23.760739303627034,5.00589869863542
8312,49.66646125654509,27.12151359753785
8313,35.52050941463291,13.212593739913055
8314,18.306830166580497,10.397070575660745
8315,57.109743486076724,89.86666816656273
8316,44.614196376172316,58.95252624618906
8317,3.5883037986964568,8.307245476100805
8318,3.5145757141428557,4.040056032983638
8319,95.84237777615957,122.51971437649621
8320,276.65985922976984,117.7145328097063
8321,4.686914802565993,0.5965768415905177
8322,27.355214479836064,119.22448042509109
8323,42.163188788297745,128.82187707835755
8324,87.44386903611516,14.176691515368256
8325,2.6195229304087384,13.618645208756847
8326,51.319971792191104,19.35122364577837
8327,6.625563498486588,8.808452995342268
8328,178.23380760989346,70.81651486471546
8329,120.28323797298239,255.84462520932806
8330,54.30133574853158,13.686703768532643
8331,86.03174634460888,134.32870290865975
8332,0.37288822856981585,2.190276697538284
8333,29.208892774586204,129.0932900596167
8334,115.54196303144379,114.05959443441013
8335,109.75574865876169,140.34439450393322
8336,87.38548881865816,24.78818791150741
8337,76.04797521189631,17.39969006049601
8338,320.3811125688236,197.14269571888107
8339,132.639814191689,60.87908797251832
8340,40.393324920619655,134.77299211816333
8341,107.26075015872574,64.41858934687039
8342,56.77964411524087,24.997768431973167
8343,28.53053245297454,34.206516108930174
8344,5.992967964637644,10.598947016295114
8345,12.963712036599166,4.837027927727091
8346,11.237208968732974,7.161061627551337
8347,5.506701499548033,0.7724511948869145
8348,5.889580815802541,19.33216259593062
8349,20.51637556138861,15.468635613934344
8350,0.03585359878085348,0.04135095451554327
8351,6.893355651413054,28.777553387173676
8352,5.7191265318163715,20.79697182023422
8353,29.518114644613295,4.68677347916103
8354,24.321750148226947,83.91617824944048
8355,3.6944120373877194,16.14702154270386
8356,99.55723514142247,135.15113192663833
8357,6.691936400438614,8.184697589139935
8358,7.874762944627241,7.251004354388245
8359,2.900617985573197,4.823718212236121
8360,46.596947936082934,122.15499714676636
8361,18.146429054271113,17.353595253597067
8362,8.79579357747213,13.906804234744495
8363,250.070568297629,133.43636707105628
8364,142.1245907404503,34.01937212665818
8365,9.534892072879652,16.06933531700836
8366,5.2114679750622805,12.616559808970349
8367,25.63785223441601,6.32442815785548
8368,79.23220045215028,100.54885307725561
8369,38.442470309079745,50.076649898895695
8370,127.75671348656927,84.52102987422482
8371,26.363568303842346,3.283807715432009
8372,10.82192115048927,25.891732883978086
8373,59.04295716876295,58.57466457404203
8374,43.09087982219775,72.13090959233256
8375,8.25113813172093,3.590645013930934
8376,11.482462984918389,55.12739039648217
8377,12.780670773787113,1.6125532132981788
8378,48.76785774505399,206.40534272524656
8379,3.9495783292051776,4.428617061758652
8380,49.36780714532163,11.988468603980893
8381,276.9755979055964,297.8157237991419
8382,35.773373954106724,48.49546917503464
8383,32.9827584883632,27.16186318759928
8384,39.93038387064723,23.752640153041348
8385,1.2942641797544259,0.6963395115852988
8386,55.801609879666564,80.63049518249983
8387,51.248462364821684,11.189795971888952
8388,7.018715031031097,10.689148261828205
8389,283.15457863257075,213.01047983952864
8390,41.55062712337328,48.49222473199053
8391,0.6776157883668168,0.09099618829771461
8392,186.3144701036086,179.26437991562813
8393,25.32475056513639,46.539319154404865
8394,2.6128603699529895,20.818934142673836
8395,16.85540620038097,2.5068116571657453
8396,183.47113564050122,318.3072245067934
8397,133.43677970586884,304.76916312944365
8398,4.72853658959138,40.40882224421375
8399,58.46142736163455,12.316520150230991
8400,151.29969289467877,52.67610503611909
8401,86.07333777562259,59.14151434230107
8402,70.74932131901423,302.52724831298855
8403,12.166814401873745,32.78659395430344
8404,85.12400737936672,417.0568056393954
8405,77.55632330763937,17.590179856644465
8406,7.4248164893752815,18.098548989292706
8407,43.2502199209278,25.73653057227608
8408,10.377353821921819,17.99165219492488
8409,23.99847876366283,8.769266083559756
8410,2.174681423000761,4.250656642790821
8411,1.066680126885753,0.7478395373332242
8412,0.8975934263229173,4.36628426154342
8413,26.038096412019353,94.12217060256437
8414,32.013174468481566,110.41611075299963
8415,27.642018880333712,32.067648767162964
8416,4.279951222253342,0.7087987539300404
8417,12.677470360295775,84.38902663392619
8418,2.222652671677351,2.5361937791818185
8419,90.23683447053368,83.39434531056206
8420,1.3432055098359694,2.2741119854290472
8421,121.0929497370061,161.5210181755703
8422,5.836431804080147,4.588347711023966
8423,7.038325444034263,0.9477233000679999
8424,30.30468622764216,54.141078188660224
8425,13.376814386665114,19.536202974466356
8426,13.513695450106336,4.3552816389043505
8427,37.041725596375585,8.796853010439456
8428,48.38001488713323,432.49349921261194
8429,59.862548736562744,163.55699129531715
8430,161.88867038765278,27.76227371227618
8431,94.2785566327674,107.44919982565084
8432,5.950779353541614,6.610276442017067
8433,205.25284849154238,130.6872994295224
8434,50.64866863218186,7.913374739544012
8435,44.563379839512045,178.0929375260339
8436,0.49277646293056065,0.40022775692380663
8437,142.0004327373377,47.41998787988311
8438,158.23797164786453,109.7430088786031
8439,79.70122732988615,258.12354856418153
8440,34.99794946098078,18.718853719496433
8441,83.73140225090484,14.399903944347779
8442,12.243316072366746,89.51651642565712
8443,2.416044877391549,1.2754707439982604
8444,96.50711238778321,32.84781098012798
8445,1.5174782635861004,1.2034455553967867
8446,17.017556574874188,38.00641305176549
8447,20.99659631587498,31.68566085109501
8448,14.316731352733353,33.04802953209615
8449,46.24999585452342,35.40052660933473
8450,19.565988216243735,16.443273296151787
8451,238.01280988176026,72.0538407879187
8452,122.87989480168302,93.92998748754756
8453,1.4646473913690152,1.0498242080698001
8454,6.347851995952861,22.374837965120584
8455,31.82668001962592,19.03656392147406
8456,53.17365070302962,37.819588822880576
8457,103.97667328889533,115.34781153839968
8458,108.26253829323241,16.52385323769152
8459,2.161351529239898,2.4658045937499913
8460,130.82490389468182,76.19025914253638
8461,15.627651919724952,40.09296733343466
8462,63.855611909918565,33.47782971397255
8463,74.58364940252608,12.702888224800253
8464,138.01465635309248,90.39429664452685
8465,29.470447656313787,18.48357444873939
8466,12.918364172107207,44.8273139775983
8467,50.972135606065464,135.1694070547866
8468,0.9377650614399877,1.0285046679574656
8469,0.6101514656810936,3.6281192611489614
8470,33.65405829832201,61.93873815067613
8471,43.01155610106731,25.16182786294696
8472,50.1684078637834,25.266183623458566
8473,2.488042405698491,2.6486046517405013
8474,62.15532070792031,17.60960751973298
8475,129.66036100713745,47.7853360701574
8476,90.51423528697167,458.5182647349004
8477,22.53932948481096,4.90208290042689
8478,39.75717903272788,105.989120735168
8479,22.715263895393413,5.830753258201829
8480,79.31566353193294,239.279893930661
8481,8.737072180855513,0.8343376476124499
8482,117.90711718850747,146.5071072714481
8483,34.61921113575354,61.69260997740052
8484,8.587142624265057,2.46153459568316
8485,1.7113616311626911,3.0476987154178525
8486,58.41565564621945,39.09548038738401
8487,2.2205173777431537,1.1576735277920462
8488,15.012721021823781,12.042142200944921
8489,23.159349533500553,4.113074465265323
8490,12.96661249389659,4.315376918073904
8491,21.515406574624684,54.55887149362807
8492,24.516031902650315,22.310511809467837
8493,36.154369748306245,67.08319969439832
8494,15.476834921368035,31.13166818078072
8495,241.8444305299387,89.71196640361293
8496,2.0092000117193325,7.598937520082778
8497,103.92541284192949,54.07707513358179
8498,32.750416514416706,4.9323661060638955
8499,1.8237879146781406,4.561068022965899
8500,6.590289283308223,12.141822629913158
8501,41.43376255729857,13.128566000136995
8502,155.1205706422646,49.633127117641
8503,170.30161825300488,135.6688760506395
8504,11.3596026285035,4.326638367250433
8505,22.910373391019206,71.04730839948904
8506,5.241501569182868,6.909700026716228
8507,227.6048762118753,87.99825444141074
8508,2.807889851352697,2.4357995918816258
8509,21.67686347331374,10.438063079237047
8510,40.700604160809334,58.47265073148006
8511,78.01252793969039,73.5301812027273
8512,40.53819797331128,203.71020172089683
8513,113.83486422564376,48.112436830623416
8514,7.466360121341653,47.54418700097777
8515,10.09568894593046,49.82006547304983
8516,0.9308173440016125,1.2177684626644214
8517,1.1182590771837368,0.5164805561614954
8518,46.76722785721285,7.417376910586564
8519,104.16463377839337,46.62366080468995
8520,2.024625086753981,2.1508230131218187
8521,138.7943522963226,23.304952175550323
8522,26.479147411537564,160.49974620738303
8523,90.53031506237059,98.47755198760667
8524,106.78579998597239,87.42288146393891
8525,1.1549821436841894,1.6258545192691893
8526,16.412817978634564,137.36088689025772
8527,51.12796826112158,86.57268791515452
8528,87.43654496258948,36.109097221083545
8529,18.312133613969237,19.925985142856003
8530,24.25309974078609,14.986185328519781
8531,15.635560384951235,3.603047394024407
8532,32.25917198167022,17.319093148673343
8533,59.48493950197404,424.21132940142206
8534,24.325910960218362,11.652724177128182
8535,14.107051146387136,24.375145147691562
8536,10.628136267235629,26.606186927952624
8537,0.6026569745724146,4.10666687356099
8538,108.54775239871468,244.86773854095378
8539,24.21060486802203,142.498395958298
8540,24.987795573895642,168.34803899351488
8541,0.4413873544070044,0.3640701510952301
8542,141.1603730497823,98.62268272726604
8543,19.002942687558537,9.169371362137369
8544,111.01868311423608,24.714796770710915
8545,43.23779737818762,4.625356403212928
8546,52.7863352800407,55.45948861805362
8547,28.773736973364468,54.76117724912893
8548,14.432923469704814,20.624558094849462
8549,77.43965619307372,107.68549059477598
8550,5.345656402245377,2.203374830958245
8551,1.860332585572164,4.087251015314119
8552,0.728627139360704,0.45667461357789774
8553,127.31291417260724,24.964332372175114
8554,73.08048081837596,171.56113369789253
8555,8.110612968192715,7.2269319769630815
8556,124.56549262726762,49.40055418779324
8557,9.001145400115274,23.845781801854073
8558,20.33695314525409,101.29209772292177
8559,23.56695796322582,24.439150639880815
8560,3.539123917108683,4.45243174619369
8561,4.114850082752189,4.995253085406973
8562,10.574603223982463,75.92823910509017
8563,2.0834164742224877,13.603752705927512
8564,8.598459114748511,54.072452625228415
8565,53.265094740099755,46.588493637964895
8566,196.95452698343107,254.43279823326384
8567,75.47862436559483,24.88770639775237
8568,15.340479815477567,34.61359958471453
8569,2.190321183050098,11.876935873834512
8570,1.9232513227035117,3.592213775147801
8571,2.4682642327953728,3.8897899206730537
8572,0.07150581861276506,0.21463317921707248
8573,32.46191152660706,118.56809071636104
8574,22.792752279901595,31.110732198750497
8575,3.5466038735170446,29.684129509411846
8576,13.423365933689897,116.54007166392047
8577,225.41949930156503,271.9134086565732
8578,18.494708417008688,62.00058858602093
8579,7.566500621077756,9.267541830990146
8580,21.858992788968827,31.767482174791777
8581,54.97229259427512,147.3647504207493
8582,175.8368235798899,300.25893926093875
8583,7.396946917460577,3.798844805889912
8584,69.97282565009631,23.0904399015655
8585,34.42818328632823,105.86022696986805
8586,140.1011141749326,165.44598011163916
8587,65.85627429557836,79.82774371913123
8588,21.251454505575772,153.33197367970283
8589,18.75571143935669,21.802027428915608
8590,204.89518422786392,80.46471048698659
8591,37.46755784114978,42.19378569233291
8592,65.88989281032501,31.946696774674724
8593,1.5907794544005505,6.155928069709873
8594,39.99750789514642,53.11896338205426
8595,40.587508108488194,18.825785693757037
8596,4.0078783902341595,2.2360228293971565
8597,8.457525395449178,3.4991517925096263
8598,56.75979204253781,30.608446708074588
8599,10.109800840106033,6.46146285950852
8600,2.268668336600543,12.112456402372658
8601,111.65209193460204,108.41717348813063
8602,2.5918637375634135,10.381031131590484
8603,37.53232203437997,38.70476899216113
8604,49.9454182124267,16.244852293131242
8605,11.64715659388273,11.94848590997843
8606,6.303078209206531,3.7697044751807827
8607,140.85932238741893,131.55012222295812
8608,3.9575707738000694,1.3526454672478607
8609,48.44755471356541,38.857430980828504
8610,334.51735075196746,125.32111532760854
8611,35.64439443408051,114.07732775296489
8612,371.8424065131352,92.25155908496113
8613,1.5120370476980503,0.32387526893490604
8614,8.694958431541554,6.0661717828810495
8615,137.87679781262798,110.0896697762458
8616,490.73548063272483,73.83954680923885
8617,0.7277383250698424,0.42671275063648695
8618,43.30847503929535,49.589218657806654
8619,4.527549135656644,3.0156618011402503
8620,204.6975185480385,169.02342436729407
8621,25.710459675586403,17.628116046935112
8622,2.0479521656480975,15.698201147261228
8623,25.73723461640316,20.54591097768447
8624,15.962135600790324,2.3392283268808454
8625,29.699453374131167,9.786900148395437
8626,7.296668212784187,11.977457620117976
8627,157.09266251249664,208.7660565524353
8628,51.787603352444236,105.54807725348083
8629,26.967612960698474,15.534741258421827
8630,68.36750858694953,90.26146385595388
8631,30.683253710583873,9.78494248662793
8632,15.00364438030197,20.11768705365387
8633,14.766271181282116,59.92587390658677
8634,41.694119581722376,48.99822628058813
8635,64.36462076957216,21.820488946576884
8636,7.811931465177471,3.2263733857355072
8637,152.3889100219601,135.47428846654438
8638,26.879012436196337,115.61700888783072
8639,25.98185352749745,9.706926999035572
8640,6.53343900775228,6.999706645507374
8641,9.32265085061553,46.3822663542584
8642,1.918228548621758,0.30283679527573526
8643,11.226449650594926,10.856859732514863
8644,21.861209704613668,26.860579410315935
8645,0.42161015614765107,0.15833574699346153
8646,100.52030538567907,285.55904720535625
8647,72.62529690427226,72.82199818438247
8648,0.8443104968943838,0.21196333664734945
8649,82.09700213800281,56.08154535025446
8650,38.929694454014694,24.8433651997878
8651,41.811450926038894,6.79219801307921
8652,52.20654716039079,37.968513767656404
8653,5.478856640096705,15.383209334291934
8654,139.97622027249983,97.02301342184923
8655,34.568026218650175,132.64723905205625
8656,97.88624421554474,189.13105056380402
8657,44.2539557623906,73.92260386379668
8658,44.367892294922356,23.96238851314774
8659,15.430145358687911,22.03539724343819
8660,165.41362145700003,86.89566363428418
8661,5.265942239668936,34.98257950954182
8662,5.03244847127899,4.285693550295893
8663,0.41559273404116803,0.5881234011485329
8664,14.890065177144717,7.449880881806627
8665,85.06137786158448,62.816976005764346
8666,312.22094927692433,89.0375744232186
8667,84.33055938378013,14.341079987199976
8668,73.7527222953737,40.044764440574525
8669,50.995497517640345,80.27425833611808
8670,8.165837495226217,19.02156546135546
8671,27.00202387395356,34.34029739263258
8672,73.75160766864903,13.606516053878892
8673,5.774735407372171,1.4582478266415069
8674,9.596209147597612,16.52944279661145
8675,9.075214037787415,25.070860466472247
8676,194.5671185022147,35.26859108678616
8677,142.1251028138242,332.70249181156737
8678,0.5326698233264635,4.438140835466589
8679,0.9493557605576601,7.3270152802540265
8680,52.19562964551393,76.02571391751803
8681,167.047142858351,145.37190572315362
8682,11.801056897740118,104.87026307037362
8683,2.6582781106239053,10.606943313397373
8684,28.673231374852254,227.1032292905291
8685,149.1954328355234,70.29989074126314
8686,8.624887162037432,40.420131517827
8687,1.6959096856854974,1.331322352904347
8688,338.57162558295227,152.06510445482
8689,183.80833441484077,24.675539822278797
8690,137.83546379679797,62.32013396462915
8691,345.81413261165187,91.44263427370352
8692,10.727120068881643,3.2678771481249504
8693,8.128629979117797,28.674011690017856
8694,16.423924755789464,18.790043828020853
8695,1.3160049330508254,3.2335813975435173
8696,34.5701371691689,112.26912058118988
8697,37.372300591378306,261.3626596263816
8698,97.3313946965934,21.4986922940195
8699,80.21696197465933,48.77381054968633
8700,1.7316588424336623,0.8577911901487644
8701,11.380675703536177,8.256252047352008
8702,66.684067928778,55.80061016676588
8703,283.7967367643486,64.40702845076292
8704,22.208054267237756,29.89411551410228
8705,7.064837608015752,15.859872842680756
8706,16.437342705873146,97.73427302060041
8707,28.664766865252716,92.40607826927541
8708,17.493515081701226,67.63664067590419
8709,29.575012464616353,23.56206050674184
8710,19.063693959537147,109.28378547367149
8711,13.787915413714789,41.53132529374595
8712,74.39380936288939,52.53330274530518
8713,39.16593536993914,166.2828435147146
8714,2.5145597984523462,7.73922909444022
8715,71.0754313334251,65.68253931473068
8716,13.842732679332045,21.665228275369355
8717,3.201303359835027,1.7659831384498574
8718,6.65102542963932,2.5750961190976094
8719,48.96195673601332,42.604775425560675
8720,24.29334977667053,59.17710987475203
8721,3.411725199515079,1.003414067183665
8722,2.3993878400631594,6.607140156203938
8723,78.76867647646306,95.27779429539669
8724,36.353508699453755,23.827165257976045
8725,6.219711665915198,28.230811671301456
8726,9.081189320626368,5.850360821594302
8727,3.0331186571081705,11.856043752093726
8728,78.96970931890458,164.63231231973407
8729,17.110372475087573,4.430224531610902
8730,10.080396754518992,7.227272761360713
8731,98.4828548516876,23.91544018352058
8732,21.892192431775072,5.49414417903881
8733,391.40337745282477,77.27580464120535
8734,5.834814886866159,5.876084639964417
8735,0.9754519621202711,3.933339975898657
8736,7.42110172124645,4.2890710356607515
8737,49.59911921021398,31.544322805231864
8738,328.5327673221576,48.87672650677
8739,111.6489132463845,144.71372289742826
8740,82.12221398370234,39.31520511537242
8741,259.80719226176456,111.42955764815387
8742,105.66122232963798,35.46883015602187
8743,97.42367829172929,187.9802408758623
8744,31.63467585625282,10.935671768300338
8745,4.145622272064706,2.093379824462551
8746,9.400740526281648,15.698986513455406
8747,32.64491099045169,47.90545620578495
8748,9.063941445930414,18.608064698227302
8749,167.9418392936364,98.04953136564704
8750,8.668154109281712,1.2992806317657113
8751,1.508169792629223,1.1527943010855886
8752,23.611683337876876,3.066197523098269
8753,16.40154699656778,74.81809231935875
8754,8.06703579350824,4.1596842916322725
8755,183.06000570507632,355.98676011541363
8756,16.215171795002913,2.3210803406908473
8757,21.70348522508137,156.15563932896742
8758,316.3317134714771,110.28015199970099
8759,50.33806192235397,371.40163487238556
8760,11.06944108910686,50.69596278732059
8761,3.27281902098988,1.1374611405156803
8762,224.41486394517858,78.53419833128443
8763,76.8796429328835,25.07701648315336
8764,27.93047159724722,15.550691571868422
8765,27.927171024308194,96.87998481949396
8766,69.30125603940148,20.59360507669029
8767,3.596376871756302,3.8676417044565814
8768,7.302603153236266,48.45530059033724
8769,9.070132655537083,9.82993414365398
8770,8.057421827412679,9.649876208099062
8771,15.034400854821198,15.398140303449498
8772,17.55104423605548,2.477839195358219
8773,151.15442217941654,21.29033892542428
8774,370.31958091464816,100.5937058614285
8775,32.81183858710429,274.0666983844596
8776,97.88885889770543,31.5634680209495
8777,76.5909249275854,13.192037805942268
8778,212.904618937497,149.21249473100005
8779,55.971028255371124,6.3893754856276725
8780,63.14830706029471,75.95566477046322
8781,4.608336752684587,3.5406511197047275
8782,60.795748166905916,17.9657189535643
8783,6.267145241465958,5.8459732495608625
8784,95.82603257491226,17.238921584638934
8785,1.4416710408500397,6.082386830138281
8786,108.95492397236173,193.68861873249142
8787,314.8343728558873,106.22697583143378
8788,45.977356543074535,162.58626557602724
8789,20.13941200654378,98.49540180502188
8790,0.9735281062727354,0.11857001173249326
8791,4.555618526453057,16.166525088959748
8792,62.33030453335254,54.793728092018874
8793,0.8251010613016816,2.5997480438865788
8794,80.53738678466047,28.57462870880075
8795,13.824229585713756,31.931378174459898
8796,10.450315975937746,63.55448545424161
8797,10.950309287213889,1.1527864784658661
8798,3.4037602304341714,4.525483126106784
8799,76.84806288685941,304.6641919528495
8800,44.55280528467768,277.8365560024389
8801,274.86146400687346,205.67947191878272
8802,56.3484986815349,261.7095930532448
8803,90.21147864489252,293.76953929342346
8804,6.2208279098934085,1.7252358876032403
8805,9.629508531027913,1.9480130966409113
8806,6.562909669665158,4.097051875904597
8807,10.426729046931712,81.75621729137004
8808,101.78601843323167,137.71130070298918
8809,10.868216077027467,14.29428535421188
8810,5.241243538767906,7.189003835755082
8811,1.9695208352582778,4.462256604008991
8812,91.90326880014199,30.34935555705435
8813,53.76368130862538,85.55452892099242
8814,4.89749639896705,5.05157067084333
8815,134.25251712791624,101.10517605063492
8816,7.095206938350163,5.775493934168416
8817,40.21709543195157,11.290031746846346
8818,94.24515290759572,54.74231540524361
8819,60.69266708569976,11.545123120824305
8820,60.30176434771864,19.010115912378176
8821,29.818341089526943,8.482804180912197
8822,3.7197129279847267,6.547368460835155
8823,1.9268106933132954,9.248361192350911
8824,75.93077373099369,9.596125760877177
8825,21.58497464876001,57.95706820934084
8826,0.8013304877724301,4.026185961098779
8827,11.825924190020896,5.21830703522433
8828,157.19949008508374,92.57285285813332
8829,8.317721838337903,33.79581357879146
8830,3.6675291700355084,9.328910734889034
8831,173.80081416360053,186.68998870338885
8832,6.86744885724681,2.105607887770014
8833,50.335277066888594,47.142692792460025
8834,22.872744162107388,47.09080964712278
8835,37.58621751573863,83.76624545270495
8836,71.00692088043347,145.75755131474946
8837,224.6611998346823,330.2641970021296
8838,365.44081234030307,128.2270100713126
8839,6.379107986671457,30.125350686322285
8840,11.761501902063836,22.49316004236114
8841,100.25193573791042,107.49921750910016
8842,37.56220745704395,133.23332727520818
8843,113.9406529102751,122.7097421905435
8844,1.760265714395622,9.509209186504226
8845,70.02237393731681,10.69737768584855
8846,0.03847849154571592,0.08778550329534418
8847,3.234410257850861,4.751243971725398
8848,37.7865245852009,150.4667892088828
8849,74.58424977793887,441.2835145805302
8850,2.903158282035468,0.7404064837122253
8851,66.2149997645882,96.26490330108217
8852,14.514172358129455,2.7771561613113684
8853,275.8062555181783,141.89870720906495
8854,54.52088324157981,8.721149977909604
8855,11.957385161337633,4.526179376401238
8856,0.34709908007558865,0.7686237501761488
8857,239.06426988755646,153.5439180647015
8858,71.5235210229412,31.702346156705616
8859,176.0076050325087,193.51317596456119
8860,18.710043087116848,43.00374810860531
8861,0.8768127339378613,1.2113232595481196
8862,221.62794445141589,99.73355387754854
8863,17.485277096265566,31.166088137315676
8864,10.759224738843605,33.83449056426432
8865,7.433400718047952,21.172638570262432
8866,20.07346643526746,20.12017309307862
8867,50.73344437870616,158.248036062783
8868,16.99526616221398,112.18638507105146
8869,77.12253137447698,36.79109952668726
8870,110.85242938200858,217.80299976339424
8871,9.159654976929627,6.929274118122273
8872,41.552305702692045,76.72828253505645
8873,29.90538887534359,26.751227529479557
8874,19.751672175217635,9.25820538978525
8875,12.317577353826515,41.07645262579871
8876,315.44133321109587,94.22814118328598
8877,51.947175940968705,6.57640138245283
8878,91.55812119903877,83.53370970687304
8879,299.5993131755471,58.00527751922882
8880,9.990643583872494,7.372157337545375
8881,41.81491331378002,53.97634262840209
8882,45.4816223762174,103.55510311813516
8883,2.063407159682186,0.3942869232085433
8884,18.14076577148362,92.24324528030567
8885,4.284690633642634,17.43289575502252
8886,102.34895416918295,276.22882958755423
8887,7.73550227657417,30.007171461128028
8888,1.7247791628153695,7.94136948837385
8889,54.69150659586429,42.88911321501872
8890,7.470310693456498,8.70846120396556
8891,16.473274598537557,6.473261836855544
8892,18.260722811701587,2.753926499397297
8893,15.980048579967285,126.88265845793319
8894,29.963334410438986,67.9923848975124
8895,0.2745079778258628,0.3569865095112855
8896,2.5331106699441266,2.5656130555478676
8897,50.68458130815679,13.724743309446922
8898,19.324009352566936,23.452274149579242
8899,8.154645799136162,0.9265518112548501
8900,146.76713949426448,17.23051204734144
8901,169.71787327050575,65.07901133565947
8902,22.66453644779309,131.01125741733597
8903,7.920791926863089,4.776560243597542
8904,22.675381291658006,21.97527382308541
8905,22.77241036272644,101.23101693391372
8906,52.97239677426424,106.75174167801555
8907,108.92661816699611,14.8175318874695
8908,0.3786542534634574,2.9971136430939938
8909,136.90561112497377,59.06610266375342
8910,1.8017344595048825,10.131958180957156
8911,63.34457821154637,331.9166308990691
8912,19.851118662259783,57.11336960911443
8913,99.4345847837975,241.3892519571541
8914,124.10085780833936,62.5439602435754
8915,11.760230838205045,28.38981961443905
8916,16.810044953494728,10.158604467403944
8917,59.044990359010065,25.285300982994045
8918,263.6406577514073,106.45407347479622
8919,13.781590164407447,6.675621774551981
8920,0.5543759424214016,3.2076047185085237
8921,49.27024881877955,8.8351164274184
8922,0.8564271324385078,0.27750777423453854
8923,53.70838821079261,118.8651459286564
8924,8.352786286213849,11.564756936463068
8925,1.1609579921861195,5.406515319792046
8926,8.098220684070402,48.51548221787593
8927,122.4064058869809,205.95177080623833
8928,37.05846397854691,65.30170680581415
8929,3.1850142851070453,0.695455122786626
8930,32.0375804124463,21.089500444487957
8931,1.1394702949385993,1.2573239820134297
8932,64.66845602704431,56.544327848244784
8933,52.7698710217576,18.661085044988525
8934,198.95060139779102,99.9520198628874
8935,52.533722223887935,19.879494765378517
8936,1.756326996769422,9.939703101073555
8937,23.281321234987928,128.4443249853129
8938,1.374799151935706,6.110097226105937
8939,31.943782415436072,8.572967402488576
8940,59.33602037646707,7.798599326825444
8941,29.888243331385432,109.33564025543316
8942,4.56494082635902,21.799488442330233
8943,17.524696207723306,13.115391040554414
8944,31.256591402315667,36.356190191551754
8945,68.41608283228621,121.96035786633772
8946,51.24927104634795,17.095947658599236
8947,11.63602257874281,21.68482405780072
8948,20.70143420614153,8.228869228539367
8949,82.12814874785013,24.024599161428466
8950,12.206682934965013,99.04195341933996
8951,17.69340909465933,23.632149139864765
8952,52.504750445525836,42.63703733633143
8953,2.4068676388746093,2.4926288040705424
8954,27.267659210246364,77.54488220502328
8955,4.505246715923849,0.6271608262515642
8956,116.69210719648186,314.7365173207305
8957,18.828711438762895,5.169772340293402
8958,88.81556101948745,19.9432518652472
8959,17.75602906790245,7.779459919802855
8960,331.5682211119186,71.1389211692143
8961,17.991580110529128,40.4379036094131
8962,68.24983295045156,96.90087109393575
8963,13.41832106422114,34.50977986260718
8964,62.61778550786873,261.09856148712436
8965,18.34096952866465,34.39743549061098
8966,134.97566116949844,195.5918587149174
8967,2.305209181032566,3.080431250840075
8968,18.081623760269686,14.262447371219748
8969,124.02148533019337,232.55137834682859
8970,10.170246692347575,3.6416320343540987
8971,15.120408705710672,11.690116342072898
8972,89.98926504671799,27.20348569727608
8973,149.4539623401292,47.66268853603783
8974,49.67366234315989,31.783813313293564
8975,0.15627018115039526,0.19247224474071312
8976,164.3291410448547,172.32579572337963
8977,6.287165064561645,22.23718437994639
8978,42.2406630175445,52.50369215073228
8979,39.08507661652682,13.903877664418367
8980,8.825749935846176,12.468518400516981
8981,0.07600287011145523,0.08377682142407872
8982,3.524528616045574,4.604846220666186
8983,17.34620664500772,44.08783033793372
8984,65.75290068354568,28.982284284569094
8985,7.251824706221183,11.146153734133318
8986,15.513896125245306,4.861875343799275
8987,10.975176728253711,39.034719851170905
8988,6.473362057674733,24.451304870675823
8989,93.32744025344343,262.8907674614569
8990,110.7697390001783,17.48563937806402
8991,2.675065989419591,1.3638973618100483
8992,57.25505034014925,33.91118288185347
8993,1.1066436322124773,0.20796009187901576
8994,24.8218288497117,191.98951225380705
8995,14.58950300412382,5.32979417257875
8996,11.269253192498802,19.703818381480374
8997,88.92803023546513,184.4465263736691
8998,24.59853472779405,120.89739379531764
8999,3.3730166650956304,0.38655478238982555
9000,5.444978917179972,21.64208644082212
9001,180.79757544898604,237.96491516137152
9002,1.335143159270085,4.822744641245601
9003,26.3961615533619,69.91890674216143
9004,3.661675658713256,0.8866603792834934
9005,14.923018860949142,21.614826926753437
9006,62.46673011061934,14.168710210454751
9007,28.446570191607304,24.004520051338364
9008,8.291640576912686,39.30668796856661
9009,6.085348588448064,49.51559417715449
9010,2.023161136683786,8.67469964413988
9011,11.020526846767144,7.459804729732058
9012,27.65496053032591,239.0442550604124
9013,112.45386972410941,105.74256054356634
9014,2.055400724069843,5.166155308851174
9015,8.845353113628882,32.70092182902951
9016,119.12033718040284,227.0878652581261
9017,23.27697215753638,27.873695898530666
9018,0.7001547981625593,1.9657664551875669
9019,3.821770091090249,1.1822530107568185
9020,264.67327456615385,83.93659143137701
9021,25.919745304920642,84.05720415435398
9022,46.42791883624628,22.286802655513792
9023,77.56048200498027,17.297681856498965
9024,0.8340564308293315,1.2119301802409215
9025,75.45339780251285,30.22894681703329
9026,18.583998886614456,9.607758899006521
9027,151.71915599233483,18.25299464230908
9028,177.1940596382387,18.625261293742856
9029,96.6448650676347,90.05660256609265
9030,91.37761766052992,357.90279102656757
9031,2.613691342821273,0.38855421289853176
9032,13.924929100189306,22.74684067471894
9033,5.55886307649542,27.97957637682207
9034,20.37501272209283,27.724523493944282
9035,12.507000322990661,9.061428376621704
9036,213.8774794548506,161.57502570255625
9037,0.08423043619909931,0.39066274923315014
9038,62.46541046103319,30.693198237667705
9039,126.77713342650375,33.016332916093646
9040,52.48156796172651,40.87737286331435
9041,6.349383239438996,4.760019909803438
9042,7.009274750056649,9.892453184665438
9043,41.51957867113512,11.074369272273177
9044,16.94202578968454,5.301425037668149
9045,0.47140753440006966,1.5259690723162236
9046,18.473838888905878,4.927184409961417
9047,40.12016352036933,36.742795904204876
9048,5.222794216561176,25.389059937648835
9049,8.780062323427442,1.3528657709189151
9050,42.458191498713205,77.50114677904926
9051,69.17371885703712,108.47559777378987
9052,2.0658873647689573,7.640274671601067
9053,117.78574727273823,80.0075642334831
9054,1.4555350853201383,2.5240800858155588
9055,102.1474381492154,178.65719774334426
9056,62.69933163325248,12.732513344246684
9057,1.7220722133661375,11.086427320397384
9058,81.45106391869827,65.38536368608425
9059,90.03712177551965,121.8086411681299
9060,240.89868946977077,61.682083350349146
9061,6.887471304362002,7.435646234869879
9062,2.590092934428032,0.9044903323514224
9063,9.666079936594915,7.137672969643499
9064,8.464333638346053,29.694751312801035
9065,0.8453321805052709,4.3965747020054025
9066,2.1415689520298167,14.244012371941356
9067,61.7713773385807,75.59439073964705
9068,38.45472728771055,51.811203218580985
9069,35.6290665882496,153.87494469222756
9070,266.5488532442537,59.11151438732817
9071,5.107063611330226,1.5729004644320366
9072,195.1887327953051,187.11394203492864
9073,3.9444795674506516,3.4821093132387193
9074,13.501221794675196,35.45638937521447
9075,9.137565092477667,5.962741779974193
9076,3.977176825413384,31.87565559813208
9077,0.34021347789194545,0.5218620182537754
9078,10.492773355313997,78.4964628294296
9079,23.73389127788397,11.802340404025164
9080,33.85601735373289,5.835094717439483
9081,32.92997239989756,238.0017466920615
9082,61.926412148956196,50.395911416046246
9083,66.1869342474576,240.60379389589826
9084,5.173625637614517,3.6521399305033215
9085,31.122594860215695,30.998917085719878
9086,3.161899879712709,3.469422803845885
9087,6.462834770173625,1.4103738877058971
9088,4.957242696355162,24.264237349785788
9089,4.58722187213172,6.486417738194181
9090,97.27820984015105,51.51987460763061
9091,0.9107519739031287,0.14566490826580014
9092,4.226048751651515,5.979443927619048
9093,16.530887936630286,3.2140231379192135
9094,12.352355326688572,33.82999363178673
9095,39.18032948927644,43.58554826784404
9096,45.369303271854434,13.142749775832256
9097,21.844602325857046,9.910893316812322
9098,10.331208065088356,5.581045636864626
9099,55.912801178085175,332.84543485035294
9100,13.381422236439972,58.476519166410355
9101,35.696917648705366,52.63905859509684
9102,9.777887246825612,2.732782579309139
9103,37.71726501356773,54.329307826668774
9104,19.821542200881982,37.540540831534685
9105,135.789719250598,22.471480227113513
9106,4.222926462123775,2.3516463269707115
9107,52.43541182233591,32.91384282017631
9108,55.5861149092006,27.811259052006754
9109,44.72219985948196,48.82374896949095
9110,1.957031298503421,16.562467040144565
9111,39.82471920911546,9.033722870825242
9112,3.8359725310176715,2.730967884650783
9113,107.49248761952937,205.02295715414112
9114,18.581043237438724,34.943834152340685
9115,43.549157720896154,58.221948621339294
9116,0.7151043697169799,3.3188013937257153
9117,125.83326253805106,221.4743672257554
9118,47.34866689735185,31.72750447058461
9119,8.760925921874849,12.392700895698345
9120,1.41515530914432,3.5343438539570013
9121,39.8386693475956,34.94775095330149
9122,90.78443568802757,66.8600193996
9123,38.23251057464262,40.458284767538814
9124,36.16329488021692,94.44581206124583
9125,51.61020125824591,11.42617292781381
9126,5.244805034131591,8.502344899816968
9127,2.7298237130950422,7.820793315642502
9128,199.23307904463815,98.71680215772444
9129,63.05118744311114,22.314777453835035
9130,5.1425657426645675,0.5643005778995317
9131,14.081781261014568,31.795430772107242
9132,1.0018826223977433,0.5565680805700929
9133,23.063260202398283,77.77744521529823
9134,329.0023544525329,235.76111432185058
9135,9.879793775412066,14.562160105041905
9136,9.239935948378664,6.239884038354094
9137,4.165650764368815,3.085391291047591
9138,70.3366292719877,298.3089833668304
9139,63.1635522592437,151.15214263622678
9140,0.7251773338785255,5.406385254447217
9141,0.9678840493094922,1.4283307952678839
9142,20.057768577030323,65.26099665118073
9143,34.218862891465164,49.898076307880366
9144,14.33665303339493,11.208069616792127
9145,286.8341333798477,108.8484049957622
9146,30.65110087893713,25.28992272496043
9147,9.846463240117624,23.286181066252446
9148,20.34419806777499,2.4668286807271596
9149,0.012367737768872011,0.04180793913115788
9150,49.73025060899476,31.182502942367037
9151,296.35909776559083,110.87945640835156
9152,21.371638400343276,18.285507143510607
9153,5.6234243206529335,3.5903494171527015
9154,58.544849098245486,76.56698602068822
9155,21.84190892532559,168.72101787074638
9156,17.280519358563673,25.5602568168122
9157,109.48457516768325,71.51658746636177
9158,3.446569288894625,10.08776835679075
9159,15.268622217549845,20.58298085550985
9160,23.004927206133214,47.212157514480616
9161,7.955938770169221,57.18879246672827
9162,14.931217254304286,55.143022682749894
9163,263.09886781332693,159.58248528118298
9164,10.313818709568423,9.899441685294192
9165,10.081414064052598,34.69332162931998
9166,10.89344170030021,5.503184163274553
9167,54.622991794038235,218.11244430151135
9168,153.16558939299267,364.8556443893008
9169,87.97090889088392,52.81844378192723
9170,176.28720817604116,173.693353147823
9171,10.843915947955658,10.405225098448042
9172,33.48622273086857,127.40992157137809
9173,0.7513572194721987,3.4810148169032775
9174,430.02845665663716,112.15330899410843
9175,23.266962772953,37.01718211454707
9176,9.942832605487624,28.04895856801961
9177,73.39170244634647,36.77999098682838
9178,47.98853899426347,9.639983751594274
9179,0.6249510969939667,0.4214926685695156
9180,3.190513575764215,1.0142027982203405
9181,46.443946196719224,8.699372978017943
9182,2.4231125906947213,1.8035432186884366
9183,0.9886479135475963,0.6442152784461727
9184,156.05930547044616,195.6737466682997
9185,1.8758181207812779,1.7966228173395198
9186,27.974765689310146,173.5948234592958
9187,45.06556392405727,43.030202005172626
9188,96.34437281585119,86.9799893270934
9189,2.1260813462227937,14.639679103113094
9190,9.060334193105192,9.6773069321565
9191,44.34321086406326,37.012516259274044
9192,260.1126263929008,191.51046651192695
9193,7.4789811713533085,75.04518745443909
9194,30.94357287551907,82.4738781078243
9195,131.50019100966034,137.05897367898925
9196,1.5916236352816528,4.075688290452895
9197,76.20417341976875,66.13309334678527
9198,52.415902884182685,280.8592688663464
9199,3.769974498281463,0.5390745862507645
9200,3.895494926675233,8.252535031849902
9201,200.346515373948,35.567127397302116
9202,2.2883633239211916,0.9841031555884319
9203,2.6702955821011587,0.6731442516659781
9204,13.839113959953355,32.79831513498692
9205,108.32020427201525,321.21606777919305
9206,62.295209129414076,29.294941539223828
9207,47.40205858323281,11.526914663159465
9208,80.66626021971223,26.45888127786582
9209,1.6048672380224793,7.1089134877052995
9210,150.23844359429884,321.31732794545997
9211,3.293930541332939,2.376511612381378
9212,181.7515700254873,282.41999781854815
9213,31.48208050802129,106.4328500802329
9214,205.454415606216,35.31736897727751
9215,54.15098246463949,160.80996479494132
9216,82.48380227260745,14.529897773815076
9217,7.16641692404371,10.811787302228856
9218,177.65864498594627,31.389311075540213
9219,89.67153283679443,31.751726082414372
9220,35.41681607756895,155.95803150709918
9221,71.11323679784432,43.71392399549786
9222,39.951443023072414,174.710952935112
9223,1.937521550881625,8.696618774063909
9224,9.386019894932993,7.927142076604073
9225,15.867827422998788,17.791649910039457
9226,20.566180988785824,57.92395870960689
9227,8.641431849474923,40.34095547492608
9228,16.226553490379736,9.489722622362715
9229,168.52926560233624,54.89378511040628
9230,8.02215071261437,38.27221670818706
9231,15.612220931967247,3.0900494549283204
9232,48.54044410482091,95.10656285850072
9233,4.16697667310932,1.2414807788510733
9234,3.059447180852034,7.225195373298012
9235,156.22022631871303,329.88645981485877
9236,25.18205741897837,4.058980924232711
9237,3.730703042032049,9.939315637675335
9238,27.178411336024897,52.97380626219252
9239,0.026738587551275783,0.003715393165563907
9240,17.38369496167029,35.06690670574633
9241,99.28075564771248,82.68507452580502
9242,69.6856187032535,73.68017279713975
9243,30.751253880103164,8.24686569506659
9244,19.459502849576896,68.17259495728312
9245,54.193447030270235,84.73130540640462
9246,11.495386162456802,3.6916363275652015
9247,125.02936474627009,158.12341070525207
9248,1.1459304682319458,2.3771093074348357
9249,0.2811933618142406,0.49732159699102874
9250,124.83166207332835,303.3179153503657
9251,116.3710678643063,17.184613623525745
9252,19.56651049273177,8.662070837497863
9253,142.4242674238298,31.748946364519032
9254,12.712695260255584,3.233992191443415
9255,0.00826896581419212,0.014178557559867189
9256,0.19365636928981322,0.15009109294442025
9257,18.202314323390425,22.273204995725468
9258,10.159875340671736,51.75114167141702
9259,196.04555525603382,42.58958328177588
9260,59.75395710423364,54.15807029160951
9261,36.256614035746125,260.48491451932847
9262,5.115079092737764,23.396589909565122
9263,0.10627423996767749,0.39953798438162347
9264,204.48227733452626,91.8498879862435
9265,18.184748220080948,46.61963646249978
9266,38.03358228495699,28.092838167343842
9267,109.07635425688946,65.10344791784648
9268,8.333681071648993,59.11805528311535
9269,10.746433520148623,31.40199204804886
9270,114.46639718730147,164.0941785009959
9271,223.90866379168307,94.25553713704652
9272,20.19435065358383,2.4618619323268156
9273,22.898385904847522,4.4024847784102565
9274,42.018467811306806,17.748621452620878
9275,177.1180365266605,161.80868655962703
9276,76.02655833753764,9.68834090486939
9277,90.07261655317473,53.2994158752028
9278,3.242029823856656,12.133218425723186
9279,103.22910927059604,108.05425173586833
9280,0.7998843080986635,3.371370196477965
9281,2.962662509046769,23.343235072252938
9282,9.405067820117091,47.82347321133129
9283,35.51345339012225,24.185255299671926
9284,88.01685951063064,70.95980492092005
9285,78.69006126454045,47.9204233184802
9286,6.263602871570985,7.00230564743938
9287,36.70729347169431,34.74120654321886
9288,31.66324374709621,54.759239312403416
9289,31.361285100019032,20.665812230061505
9290,38.92648580157919,93.44046533272741
9291,6.092633834772158,26.038083455925026
9292,198.60411988718977,135.78338865140893
9293,12.1214062184338,6.54667115096249
9294,46.149303371693755,260.3626456251419
9295,4.480259255917456,0.8765226477622216
9296,5.197936202164369,3.5054821887820555
9297,96.56544637431341,58.92871208062227
9298,338.5612653423692,141.1365894469955
9299,343.57278406624323,74.39680747199111
9300,4.043238413732081,7.226556123923525
9301,8.803021405185719,13.929904058694387
9302,21.311105127484115,13.622646509146726
9303,0.9558983424404295,3.4978857851546543
9304,36.921947620142255,24.44917243932791
9305,97.26078913774191,34.202357972373534
9306,3.648743478878822,13.015926505565204
9307,22.618207032785016,29.546367822376254
9308,61.93521910850711,90.23492912009498
9309,46.01702565203785,13.426751864167901
9310,35.7102425530602,46.95186069135953
9311,35.17650414423411,14.960179999343387
9312,129.68578602999224,235.59697304542237
9313,0.336921817632881,0.30070081263387605
9314,295.17329057612744,37.92923095934445
9315,149.51057938083457,53.177141527434685
9316,2.931264637766785,13.014056098101136
9317,18.931401078982116,103.18552324858533
9318,25.383875501727523,12.285844606463499
9319,5.356235928100868,6.438157032855353
9320,95.92182867354416,436.5498290406216
9321,72.57741204879436,186.33932546355044
9322,38.463107369689276,30.919134840632125
9323,128.00668404243663,19.994406401606003
9324,38.80193904213697,35.02850118123111
9325,3.6611502677750685,7.0294268555001675
9326,9.287271878659494,11.482770832283338
9327,28.351669661909384,72.28558638464072
9328,10.824452213324733,42.336157996625445
9329,1.6073628877659365,9.340618458373147
9330,1.4005834431262878,1.0483107278545525
9331,2.9519948882767597,0.6583414968554442
9332,9.322603515037917,4.454672218792932
9333,22.802496870787902,56.71731067231642
9334,72.282855073774,94.3616568773605
9335,29.307173769086063,6.028838677215316
9336,58.278738439422796,34.87655786421243
9337,16.853106149931378,3.126706850288383
9338,88.70007333727744,90.68995133048243
9339,31.104621215908306,142.5847833374863
9340,24.17317701968905,19.258314710613707
9341,43.2213821726276,28.523967820940076
9342,15.527303036217013,24.21887881418518
9343,4.475060059880295,13.11761320571563
9344,33.4208854322595,14.737121616694445
9345,13.445689242531424,62.34686076601618
9346,92.20716430714681,86.59014101534837
9347,13.910874478961553,59.11523095195358
9348,7.1216460355211915,1.7150461908172825
9349,202.25631443155382,252.65565559208383
9350,6.378291591032898,11.639012345941165
9351,30.385083266110975,91.71748251074217
9352,175.38149187295843,80.26620700535611
9353,36.04710461832997,37.62163714987922
9354,35.38403471348999,63.20671544816357
9355,46.400651655762736,203.72195046731972
9356,7.6378232711578296,21.862861863480045
9357,6.678172378842041,2.5470271801431683
9358,0.035873667608480764,0.276159279417832
9359,1.9771133953223652,16.93985492187109
9360,188.29909824071888,28.070646992722722
9361,5.0313864880342285,7.3261481590347115
9362,99.20472717675747,20.30910524699304
9363,33.876176673088466,28.686260778565675
9364,120.18236327148267,13.245856583701109
9365,13.237068565830052,13.665584652427592
9366,97.0018161884084,33.84669893023772
9367,6.760959447824389,3.0368960311569175
9368,3.0624106687541253,6.035748022994057
9369,143.48431440566753,50.5106150173489
9370,50.06619521995207,204.09685263183457
9371,3.80055516430189,11.966778515851663
9372,127.68795408855115,65.43788264831441
9373,13.242971238143895,20.421438530636568
9374,43.420335441588804,19.602528835681714
9375,35.74345928308668,184.70779763685672
9376,5.3061447067022165,9.197877808280722
9377,20.001895121478395,26.00778234238633
9378,57.652024451185326,34.814111474415675
9379,12.292282261758867,2.8426302311900375
9380,35.80176048336656,252.22122439365322
9381,47.33929956651705,8.113960001420589
9382,34.88417289439804,19.49356222413079
9383,187.03884222223618,31.620228464302205
9384,8.859010510899079,17.450663161281643
9385,174.69349504007292,188.6272241490773
9386,63.58903684142379,20.558575514150824
9387,37.660102462265684,133.29283584355275
9388,1.9824426435513285,12.475291715692707
9389,66.95829786485027,17.238264043645028
9390,51.61807778808918,15.288961052128615
9391,19.214376027073737,50.10980753141848
9392,3.0402181942547246,13.20264700028254
9393,148.20643991666952,58.940600938456726
9394,29.595739816474726,79.93100901745416
9395,23.170766278592705,3.0110193187376533
9396,10.696437476587068,86.23158508237397
9397,31.319347910833365,46.664128952031646
9398,36.65827786857495,19.91413012143719
9399,70.2685866267072,28.48953151750341
9400,20.62795581144601,4.712667216414022
9401,10.177429626583514,8.609902745695894
9402,81.00733159394802,20.589900537237924
9403,4.7661906933539555,12.663291485515389
9404,24.918957272669775,66.06986540470399
9405,82.27364558238409,21.83627581420736
9406,169.11111188127327,68.96762209397173
9407,157.40922508392129,38.113481911465485
9408,48.84310527296946,14.606965847509198
9409,108.32331846932024,222.81797843766938
9410,0.15440200177474606,0.860941967636139
9411,2.827221625945839,2.9659720453771268
9412,12.67806006055204,95.37357407263045
9413,97.92375423885714,114.88038262696053
9414,242.19318952672637,95.07254470459326
9415,205.6195646081054,133.51969469516962
9416,78.46682164397741,266.1595413631501
9417,10.159702986755024,13.852802591522961
9418,42.868514475911795,257.06771559851745
9419,14.705930564576379,60.641446764278435
9420,19.341401497459334,10.073002390885318
9421,1.464075476737695,0.4774813947492498
9422,1.483789038734887,2.9502690111963954
9423,55.467363268354106,36.647927223738066
9424,37.75367637473307,99.64671875617906
9425,57.49324530803473,14.590200075946038
9426,93.48380055877607,32.47353374738407
9427,19.61820688875867,8.18530496633184
9428,67.76384158753643,437.7078477794578
9429,0.20749138117769972,0.4585699630523583
9430,1.765385046046336,2.09713743853888
9431,71.86211658256452,98.70749652883107
9432,55.0351574676229,99.40812218280468
9433,34.83074266586806,87.65351596816517
9434,3.2481637994922408,1.793459485416501
9435,2.505672589318083,8.03346144479198
9436,35.73103775503321,14.933900108508167
9437,4.043612773215694,15.07214515192827
9438,20.373458609039673,148.0180523826502
9439,23.410399873657795,99.33704927998886
9440,100.82790903956052,20.04243393388249
9441,9.924062007384537,23.552066726612086
9442,141.52468508141766,147.16975707200902
9443,1.8276222362628751,9.47831869355733
9444,139.62148905324705,98.40395503608542
9445,19.031245269501124,7.774067358304663
9446,34.32453724714562,144.54589181995624
9447,10.756410405781693,3.660863198493767
9448,52.33596866683479,5.9578626712162475
9449,31.466232050130415,7.124770084332808
9450,7.622467657304991,4.91415375638176
9451,4.357899781220827,11.328109788643456
9452,43.491305272508676,48.87793703995866
9453,25.665870011590346,9.401238546237494
9454,7.806289245671587,66.60944199633693
9455,7.079192944437525,0.747856623488047
9456,23.649699225243253,25.9905601429983
9457,23.584364475406865,21.38262873254995
9458,27.666367624883517,51.80454731636689
9459,15.913337711938803,21.539014674256666
9460,14.422821385516263,6.423809421777834
9461,51.5437748499442,38.44593054590807
9462,20.54073451978419,4.535798830566228
9463,11.307388250919619,19.258148754637922
9464,54.26299803094992,149.14272580419316
9465,4.87625544465991,2.842810036431931
9466,25.460409439029096,106.02742237193577
9467,3.515327314484553,16.72065659261713
9468,23.95027468726858,9.506127914857593
9469,6.8971300130694635,10.855716681363845
9470,83.1369189557369,147.36687223925477
9471,14.422534974740536,65.41138469296914
9472,7.314449851409867,7.505011521129143
9473,126.57229930099241,33.02201399265296
9474,50.054897449576146,37.53151444750642
9475,0.20737539746443345,0.5311967114301094
9476,39.721264770050865,40.128000463069
9477,23.21565949965961,18.001682665752405
9478,2.399271484474374,0.16354812159236432
9479,50.375779689719586,75.46609208084827
9480,14.168676294382673,15.281380137788583
9481,21.399405977718235,27.248920353101724
9482,21.58505038707844,8.140490935165348
9483,87.61169726701434,110.2281398448777
9484,4.925174032543174,15.081313367329997
9485,93.00271050628334,37.26959740297221
9486,13.266445274936471,29.36707204223843
9487,129.7896631317325,328.861856161372
9488,212.6003228355882,308.3480919433638
9489,3.6710029215048814,15.468042202012414
9490,4.190701523292848,14.080557085104079
9491,124.20867606591582,90.60887849987543
9492,19.267928849942933,4.27089277605244
9493,96.97972160794225,43.6020348641961
9494,25.125278641805846,36.974348263530615
9495,0.1706550016794901,0.10676085841722238
9496,179.37903291346694,107.80299137043022
9497,2.6148833300794934,1.8471160004881142
9498,36.45045677584669,33.818139634005064
9499,15.198163682965308,5.679539205558752
9500,2.140865489216651,2.2536514647435144
9501,11.11237078091491,4.628845978676237
9502,77.90077834803516,144.82342776278
9503,0.31163687831381104,0.1433013204906718
9504,4.686507416039595,12.201863130852809
9505,203.1672860859904,207.59383783487385
9506,52.587430353056575,255.7336100583876
9507,6.97082547442804,14.448621698684212
9508,23.721543976226027,68.08294646382276
9509,41.97918514619922,65.09247082130207
9510,84.36397451967049,11.630654088793138
9511,7.759080337658443,31.7895126570515
9512,17.888748796337687,31.59300569587223
9513,53.34566294730641,16.588176147395277
9514,3.558536225575641,9.774683958165319
9515,56.58868540043048,92.07231693747215
9516,25.69252576804129,22.67518271115016
9517,222.6004406667906,80.62171378577777
9518,21.20930744927227,37.12788942990745
9519,4.572622066140239,19.078699059799145
9520,203.96522684106347,29.41188532937699
9521,8.872199852997301,57.543840758919615
9522,65.95449184558755,17.93912966451221
9523,107.15908402677941,92.5271539179938
9524,6.226350367305564,37.61813032787561
9525,14.952169087333564,22.41202171625991
9526,8.577591132505262,2.3856123767760122
9527,41.208571049973415,147.5610911306227
9528,114.80855000153139,13.95535119847874
9529,66.47572547662091,45.35287627889412
9530,95.55434990169968,33.11127077611065
9531,64.41506100058734,71.37610196211017
9532,133.38594984424248,30.3929273826043
9533,25.829180046507833,3.226286353689281
9534,160.07011539997745,133.47712256110339
9535,73.00988433472247,136.94700876084784
9536,22.446308557482567,12.132941368583541
9537,1.3674699757595214,1.6984938478510347
9538,0.7613065147035267,6.904373811635955
9539,108.42689853963644,37.09847162514227
9540,97.51368011807068,22.6808458071271
9541,20.83993156271634,13.80900303951645
9542,1.4486266092854343,11.366042887568284
9543,122.04286102196909,155.88988274887106
9544,32.52269727928174,20.977737356361118
9545,41.86163583654811,152.21415653250298
9546,12.669940391233101,26.959392629392575
9547,17.990928402062014,37.673269999037544
9548,10.013731211338065,9.48804879278657
9549,3.772289007656119,3.8614007164923794
9550,27.37784177856511,17.90920211053347
9551,105.7028061908477,140.95173275523592
9552,23.118467538810062,5.854046852777989
9553,0.7930815707711718,8.213034529077317
9554,273.69910537528636,59.4266279102433
9555,35.586812672705626,161.20025600671482
9556,52.24812523505967,40.897453369333824
9557,17.449191315264514,30.46666158749094
9558,9.490583695734323,16.614110997848854
9559,0.7018336896214392,1.8372064806363637
9560,0.1350055744822236,0.031239764335047604
9561,13.057812987037325,40.92145198219535
9562,194.9342209743278,21.840928121436974
9563,10.544896328649116,43.963092091795865
9564,36.34355603005987,5.844702858862231
9565,71.14787129048239,66.85531856645405
9566,56.08879314186747,75.48067995680572
9567,14.367807795952666,63.85769376718469
9568,3.1474866969834703,2.8905547778377
9569,15.21424504160142,10.041436281013606
9570,155.89677774965816,271.23649942519916
9571,278.9938294297767,107.76572108321265
9572,45.46876804909468,4.783713796160856
9573,9.116727640002757,10.860325009724495
9574,7.915901971810532,2.297212030746401
9575,69.89965679522984,207.25508591578094
9576,29.961141769165376,62.846747729375075
9577,119.10046806472829,31.858378743498232
9578,5.111483407059847,13.794683637703471
9579,0.9694841422327936,1.1957328346566751
9580,4.015763946704494,14.934901241913703
9581,31.511576604820164,7.585079445339863
9582,1.9612336258204988,5.40271718575147
9583,5.411457014001254,9.44565459778037
9584,127.6159087099571,40.37971798259695
9585,114.61701699185575,62.55746194556054
9586,14.600939089227657,52.7712984108002
9587,10.214143673249797,19.62029860576886
9588,10.96779881513437,60.61287729425219
9589,65.73722985152179,156.80412697219765
9590,38.11514011352563,12.364735137881697
9591,0.414023452591332,2.747868099820357
9592,53.4989432946852,249.13121455830753
9593,53.47020758260855,140.70412195399444
9594,22.108269861797734,9.771542842351149
9595,46.77014903258965,62.07996426340263
9596,117.65186017790198,154.50238327264486
9597,29.561461811996942,174.87802116118394
9598,3.3426010497110283,0.5070854156093085
9599,0.039078416804517735,0.004666618475797413
9600,11.291767094528247,19.10103622705622
9601,157.78137549537334,47.278668714539904
9602,91.15792973790582,86.12498060406001
9603,125.8126910236202,45.22414905970308
9604,17.027394057432925,44.75619024876131
9605,9.294934819754598,3.088077435419221
9606,19.334426289157637,19.020494618851963
9607,137.85865269069535,43.60097031072437
9608,1.1388986002615884,3.3445988776279574
9609,40.623947228320155,152.63854916630893
9610,204.87689920737213,103.35704866887428
9611,5.592763211292349,16.780043495095722
9612,86.6583655900471,201.81717053250946
9613,27.767507316863718,145.49801387413618
9614,13.356405714065986,96.50175963978728
9615,112.13788046691609,313.48674560790823
9616,68.96019265856916,269.0492564353823
9617,193.71445874733502,47.73558488016116
9618,67.18940408311357,298.25876649323715
9619,88.2286479189984,146.67761949781558
9620,29.977561287985672,35.06682824970774
9621,53.66283610272304,257.46863281083944
9622,108.15513820814621,294.63640217703556
9623,3.9421726525089635,2.0772484630483286
9624,51.36378583298455,131.54974109369675
9625,37.751706392107856,33.67832713836104
9626,2.7412542767737538,1.6339948527949129
9627,127.45618429104205,54.23664079307062
9628,73.35154388292665,158.1369496974057
9629,0.6425485165421219,0.4752044750255856
9630,8.040573289129082,1.5322040964324175
9631,167.32429306647816,22.09338936229269
9632,28.302029515369817,4.090464410732685
9633,26.803020664814458,57.59641716995187
9634,56.817214213983625,68.24691239907969
9635,76.04866235647528,35.40733456634202
9636,33.649913639135065,37.748289006270916
9637,27.27685705159697,148.48824666299612
9638,90.42223200751171,134.29693241598898
9639,18.8982970964341,16.77580244344636
9640,2.1305657814678973,4.946213535414313
9641,4.754382885890123,0.7565221168447082
9642,59.79118659395488,296.1532971413593
9643,28.70862803885559,39.508798197666536
9644,17.976463966758967,9.473368980878286
9645,14.038052629695517,81.90283739438931
9646,16.35922999972966,31.51565917842454
9647,67.81705388702404,64.36224926037237
9648,3.368461487479025,4.151540859707952
9649,134.2026106334847,97.45525522243534
9650,2.2980266977804606,2.7964901731853873
9651,59.530656173111296,14.109079839006556
9652,4.652131686895027,22.64145542823266
9653,48.725662673108324,91.32736986500572
9654,6.690454516775649,16.917267068285973
9655,0.11374534007284498,0.127750118274226
9656,19.36888335942831,55.16840774216903
9657,114.01091887656005,43.537973623168675
9658,134.2750924255368,114.79156830069837
9659,14.627804518064424,4.052252765172572
9660,13.549305171103807,1.933797687759434
9661,19.104510017800262,4.91607873912396
9662,127.11522138798908,245.76533734283757
9663,28.23797457298632,49.67977328485804
9664,0.8860263691648478,1.4350709765718972
9665,0.38542155605200223,0.7177130462931343
9666,5.775278984802158,9.23517095293187
9667,16.13871446252166,9.526263579890372
9668,67.06873240693648,184.70808077567315
9669,6.4633067250193275,6.065490628138747
9670,0.18536005571388792,1.8019472222202733
9671,19.772115603991203,29.111272463099592
9672,28.42995996847291,163.42236546488232
9673,4.848496266077378,2.743148921704984
9674,16.40500100879859,65.32310084248576
9675,393.6647805300226,43.34197365933069
9676,0.3263900457448625,1.4893285052847252
9677,25.60102962188386,17.614749928964855
9678,35.613328963551915,36.701190471136876
9679,8.810872559240696,9.392769455824848
9680,0.17863199034228838,0.5114795062225955
9681,26.683784864399875,3.87734846851373
9682,40.96453417376354,198.00459806371475
9683,44.42819618738466,181.20476289159194
9684,48.79290938249306,74.95751258540145
9685,320.47839726524205,54.12771688080332
9686,24.47007347947409,3.287167288837776
9687,44.26227820748977,80.75505668113952
9688,4.363942124612904,20.96046757447483
9689,1.3249237724147391,0.8996291145748178
9690,18.670128175294522,25.776880140463444
9691,2.783758066714835,0.6506511146487866
9692,19.634383907728857,65.90417275214757
9693,9.91403914617183,18.508579995537666
9694,150.65262199842564,292.4020478738114
9695,27.648411393088168,25.69159187224622
9696,53.41638473945847,88.16133368362941
9697,18.062409224336395,45.685923966209145
9698,64.53900041648762,12.671969072351569
9699,14.023372774595858,60.02793341783142
9700,2.572159123804206,0.4348647436195615
9701,8.720665614581252,1.9154550396786136
9702,21.521945706921514,22.731856876804898
9703,29.736718703550263,73.1829205627987
9704,134.52407761437533,434.649095060884
9705,228.82461169942778,64.00614997909979
9706,3.392054973906654,4.43794242266604
9707,3.247572258711892,21.916105919995555
9708,16.09194764379368,20.056491645713443
9709,260.98807847295154,60.89300776326132
9710,70.40698391720915,254.15353279594376
9711,8.017383346168621,7.643433649585189
9712,0.9125553422858328,0.9398943829763329
9713,35.05332559465967,9.915735635837516
9714,3.625856939700765,16.28619074407882
9715,36.57372229599234,131.96976789078596
9716,173.8399056078802,38.464566595452546
9717,39.490037450756255,26.44799465804014
9718,42.05721955702826,42.11525016209364
9719,106.30414903463597,48.59163688473137
9720,15.544439707287303,34.37112585841861
9721,41.09208548004696,200.49959342712827
9722,56.44124457325046,71.01697580440542
9723,145.464385562384,44.65727968741015
9724,21.38293861062304,7.927657539216912
9725,34.430517589889476,53.806525925423344
9726,8.361460827839675,6.72708237592584
9727,131.39829831161327,70.29335265000464
9728,8.423763562833132,39.32830402649908
9729,64.16021696891366,75.0083195762934
9730,5.8496282356253495,6.8498750448656605
9731,124.41379216797282,150.39039059096947
9732,30.498149607944207,231.437730491257
9733,3.0324761898040804,0.8739892844967933
9734,3.1605295804040088,4.541267900986242
9735,16.16297009504165,14.581628332298957
9736,4.602946089070635,35.857533489941346
9737,30.1053061225938,6.922196406423987
9738,2.7781677044307083,2.477848845516004
9739,15.765082187157802,44.42595727250549
9740,68.43006773461224,212.34827973868641
9741,3.431811739970023,0.38251183616433015
9742,8.165261405282994,12.070954684197059
9743,271.4491718534828,102.03521070045366
9744,4.543834407694364,39.275046403855704
9745,3.017458920533893,6.970555001967858
9746,10.257067630115534,32.41513324139664
9747,295.2816783910605,126.91529068356574
9748,17.86122814960638,7.279816500840897
9749,137.32290021065992,122.25863438268942
9750,165.7370654358931,38.812300004771494
9751,25.04101063198932,97.5831575996238
9752,64.29207288328004,17.71710354561293
9753,36.04397885498184,34.571409306007844
9754,93.87880431706147,116.968315484226
9755,4.203080488609315,1.7493586647953765
9756,168.6808912855953,242.6255089515951
9757,8.366838890938183,13.745957844059806
9758,54.99192793381153,156.152257298503
9759,24.362100018394624,49.50251351808187
9760,20.2094278335244,21.54506536510273
9761,231.93658918777732,268.2760768228296
9762,0.9210923520062899,1.8647915612765211
9763,52.945654472417154,118.52304273948013
9764,86.40123567076799,90.9645073445906
9765,202.240987026166,167.61886069809074
9766,51.195747713847375,45.811645292669446
9767,14.475545168396486,14.899011247762807
9768,73.78850603275825,62.641359567791326
9769,0.7559115296836671,3.769634874770598
9770,11.814572851607368,36.40368484231431
9771,14.3359956996628,3.8433075083189
9772,2.0426830904809767,19.873661362532953
9773,3.6215176294961617,2.830836573454347
9774,14.007145493633098,6.2920502214732625
9775,332.5690202509911,74.92192166310465
9776,144.5080583558983,66.15520789281283
9777,54.837350867910274,83.88286050070192
9778,41.20867303055106,16.423875664017284
9779,86.54264130778843,38.67736681496048
9780,22.62669705888179,126.72096088239446
9781,73.44527125272093,201.5782758282566
9782,2.95301467058147,11.41972024606157
9783,52.83036919085743,67.49691178191254
9784,1.5081978713738795,4.1457657925419715
9785,189.35266397949206,59.33938254804094
9786,15.792909000050784,5.613013946282261
9787,98.66308222203327,20.185025508032584
9788,351.39280508716143,49.72229178303254
9789,86.86121890194082,11.052447341090826
9790,5.551815881812233,3.3198004014410545
9791,67.22844229390407,185.2011917175681
9792,14.94633530035165,41.43886534918261
9793,16.698182734164313,41.777005728723935
9794,45.25549339900747,23.21656855575127
9795,143.9512143635441,36.6672790385095
9796,6.5999012133881365,45.55733794096815
9797,1.10835249098083,8.26836296572545
9798,68.82282974331294,346.5968643283788
9799,2.437532069482411,19.68203303438187
9800,20.131304103665045,144.0672544326313
9801,48.63211309769052,37.38586817122352
9802,9.949977471666578,1.7386907891780148
9803,18.401159916036885,145.14965187322332
9804,4.194267227099322,11.128434556997796
9805,34.056966526640736,146.90909841340556
9806,0.411464081649336,0.9158688085255169
9807,12.28414510267467,40.32437825257329
9808,198.00774539210232,26.84934151524222
9809,166.5141478017857,167.51505904702864
9810,5.094473147353848,1.3568687441106133
9811,6.795344468575973,51.01186343646074
9812,42.07747968006218,23.183720290849234
9813,9.792053588459503,10.530948087878222
9814,2.1544066343457065,3.3086441335082553
9815,10.543342799812756,12.794690190420551
9816,48.1440925159004,139.39642066300394
9817,26.285400878208304,38.041003253663035
9818,42.57681406468546,10.307005905689731
9819,25.004409336731065,24.691663257072957
9820,13.52552096637201,5.5034179795522995
9821,5.93629479854645,2.8209566996356896
9822,17.08979973447851,118.78147276399736
9823,31.77874001180386,44.05859148481714
9824,49.96830957999831,113.47707346767935
9825,1.4542476363875252,0.5236820236499125
9826,75.352434344941,422.38450326162854
9827,18.377766851310653,7.644315015743353
9828,4.193764751782322,16.558780912683698
9829,79.40240155082589,44.51143599101503
9830,2.328580643087312,0.2916117494720766
9831,40.08021939385659,72.51437965356827
9832,20.405158635479317,14.71299100401951
9833,0.5413577384383865,1.9569407236680942
9834,7.135742762645873,3.8910605875553426
9835,52.833425601041775,334.21677938292044
9836,10.348367416759919,6.072739040419428
9837,15.676225121515412,46.98419413848856
9838,37.01401026249818,210.30480753784113
9839,249.80794988028325,150.16020846617343
9840,48.38653127029445,241.53444037745612
9841,88.32681074497543,190.39497822534562
9842,131.74008678268552,102.03174555705095
9843,26.751907015396593,29.172732826269357
9844,1.841144479891878,1.0833978833217035
9845,11.782978545273574,9.397886942423002
9846,140.38785775344263,85.77723548604277
9847,145.4840911887033,292.3142999201268
9848,120.82620939584604,57.31850379466747
9849,1.1893052092830674,9.280748096609628
9850,15.021402433234876,33.00687820739423
9851,10.650016376000144,5.943944826360742
9852,43.4044545151819,26.196154468735926
9853,107.02203249260526,147.92138772425218
9854,141.94570713995844,103.50307624365733
9855,193.5254174424559,160.14523935507435
9856,14.69800687938169,4.404537631842296
9857,48.94142055117518,211.44433681651142
9858,0.18083078149738996,0.10567760888823785
9859,1.2660746513810999,0.7988643724101226
9860,61.567472697365346,10.29932508809286
9861,5.693446415848197,2.476182829225103
9862,5.248918884945167,3.5077691972391167
9863,1.7893864898989675,14.071737295683722
9864,64.19024556798948,135.23687248201045
9865,12.230693572298572,4.232591555349778
9866,17.762019545374937,93.60638745889639
9867,125.79086962653108,157.64893004685143
9868,16.382993007636507,9.512084325107951
9869,153.27785012756027,36.58977834086185
9870,14.996238410451502,124.88429653726205
9871,2.0744575741457814,1.8659578644355765
9872,2.8421253014320644,18.91718307021984
9873,27.929122248860597,38.99018796215568
9874,19.383969219411412,25.44944793303431
9875,52.30989741825769,43.941660688792936
9876,76.5586020095536,52.41344400460903
9877,233.68643877186494,145.28582100810894
9878,38.15228522034784,119.56800918065318
9879,20.33187300390978,72.60913458928665
9880,57.12718080567434,71.75383833159292
9881,1.3629840142556422,1.590601576340559
9882,6.1710445307472375,1.4404380134683228
9883,57.40706576659898,168.22907838806333
9884,30.16308678384965,26.7160642307567
9885,112.42891433968273,209.16178099758633
9886,72.40354503330497,46.70645478932402
9887,42.84070943684777,81.95818440294836
9888,129.66535450952352,19.816266678313088
9889,11.494209753207873,22.91916507206163
9890,83.50708763924236,126.02707466967182
9891,1.9292330786611838,21.006314217796913
9892,7.038988687445416,1.7659720951385458
9893,4.414264755306503,31.588556531563206
9894,48.78300894807535,152.79115318023344
9895,25.00520697210265,13.049863991309554
9896,37.88425024694044,6.7582683790582765
9897,261.33473001191084,37.524779034045295
9898,5.197059034822919,5.768545238378466
9899,152.5379393214944,107.38132910796924
9900,29.0290886187681,97.99611976767596
9901,0.5012899812628671,1.8509360998082776
9902,39.83029305989264,188.75102832104693
9903,26.613827385632707,5.693004558096379
9904,3.207172866367758,0.8634594076513171
9905,281.54155737962463,41.97680482765766
9906,2.862270572670335,1.4401335906958563
9907,30.13120167406063,5.297844843764002
9908,34.178819168638114,38.73501523849331
9909,76.7028229006499,11.563546678621758
9910,79.2414524803872,33.32913544301775
9911,45.65181472382194,45.13493983462624
9912,153.60262561472706,138.14970733463437
9913,61.74482173136168,50.85832918808458
9914,70.57625285973107,122.79989323758019
9915,20.896265440715595,24.14295902051955
9916,10.599557410289618,32.36448753344043
9917,370.7630271064079,99.25262284268132
9918,9.90012790801595,9.348095064741669
9919,23.601701336929928,5.968293785536691
9920,29.061907764198995,11.128820611918055
9921,15.345889407947414,111.23992062013485
9922,295.77911961321513,123.81785859500174
9923,10.877818028938496,11.124389828332642
9924,18.307139962681106,60.95111129081169
9925,88.67072311506956,45.05662234642259
9926,5.776527379237676,14.887550053381437
9927,11.52319800216168,22.00794124279502
9928,26.62278529425981,131.62135522238987
9929,88.3490556973028,29.84503065637464
9930,59.253317682032666,14.546760857073142
9931,13.775778937068221,13.551957105598717
9932,5.7899142445132865,3.092963332784671
9933,56.0476563682675,6.684937614716075
9934,31.338294325517985,269.37478077474594
9935,1.3684116547135163,1.5393585159374876
9936,22.652713383546068,95.27450732383174
9937,45.83768542785604,11.872374921990994
9938,23.20396674859998,86.34990505626101
9939,77.59295716075891,9.419985731590646
9940,14.322717923288668,19.617357740483428
9941,21.87758389513961,110.41099146912366
9942,68.16869063893694,24.102289436071228
9943,149.27800601933137,104.25466038095138
9944,0.5003513802163102,3.5429738674623
9945,8.398271393154637,22.985582070483503
9946,9.748011080742899,15.846118673615662
9947,476.02878889984606,94.0350626301684
9948,124.4639035758379,39.666443528869614
9949,56.36234760703544,20.803619026920334
9950,69.85527329780791,141.0224714879446
9951,7.93787471576629,48.29258260138734
9952,30.02247412099524,23.88393674629045
9953,10.424344551476041,4.189025742173904
9954,10.866158756970224,19.887300295667316
9955,129.1843952752796,336.9730283298231
9956,83.39342523631666,10.939220263512826
9957,22.76160819933585,128.413214085763
9958,10.941645916224799,13.129386636353694
9959,81.45745897429333,13.883849347292609
9960,85.53285698735063,27.658023472336893
9961,33.4328116098405,44.60825979548193
9962,128.29784496673545,45.8702824887138
9963,85.15276640692403,367.68336496705115
9964,128.6784603076222,26.651240926081137
9965,8.649063824518127,3.158023693697658
9966,128.38312400736663,49.037313094860046
9967,69.90496945225064,9.156443832193279
9968,22.10139510104295,12.055530863409437
9969,2.730888165963962,9.51613894992589
9970,84.28248928013468,189.79684557817743
9971,1.9266126747535397,10.52358388641737
9972,22.04772917344857,55.06249556491726
9973,23.729049009112135,40.799893530153426
9974,1.4581757048219293,1.9036318201384497
9975,137.49317816249402,223.10616693230327
9976,96.93710051925314,62.5928596943805
9977,31.80879322217182,47.21165989505291
9978,77.68060207960158,130.47599029071029
9979,80.40323510143546,290.331650778183
9980,96.02023519513664,142.4078483603132
9981,43.128442776297554,12.18958404019488
9982,19.358266615277653,2.5959447791712553
9983,20.27684083734345,15.41844126316836
9984,13.463124182046244,53.30020594289435
9985,21.091694652306284,12.92103065363031
9986,19.631063102942598,15.670621499326057
9987,42.730897299997544,12.747456427605771
9988,14.328099996526332,13.280050326707748
9989,25.940029671506593,5.746872595482144
9990,0.14707322839218784,3.3835670304114753
9991,14.133238815555204,112.71058340322227
9992,57.35165160277364,112.11695022433369
9993,67.18411945696877,32.30381939846563
9994,128.7772310165488,144.8978737684771
9995,83.99022629207732,16.94888318484623
9996,28.914845045586166,4.463664020817258
9997,39.19053554019269,8.01492729033142
9998,176.17061345081143,211.28504576919346
9999,53.86016397978937,27.96998807356062
10000,283.36009406205983,75.63894042532016
10001,5.4084246984664714,21.067889581366394
10002,28.829018962987575,32.887292598676865
10003,145.29188167218285,124.28873267301094
10004,45.744487038908986,65.3330365326755
10005,0.5553995193072037,3.2957713168471043
10006,79.1941130993037,21.909958663228185
10007,11.24274939796114,11.769412272007237
10008,64.26906191215048,66.17883234847996
10009,37.38517305241422,16.471270755190115
10010,10.559196500143306,13.55514240016597
10011,27.617362811957317,151.0659289658437
10012,59.32877652099367,48.52769445922725
10013,41.35229450606811,120.9470739277002
10014,6.723684525794889,43.342039240605985
10015,230.12162346915244,293.5297833837619
10016,102.00591167431973,55.277608341252666
10017,68.28646564475144,32.54566449003971
10018,22.11246566038577,4.810302724612246
10019,78.7129229632447,61.35151222401069
10020,70.97161551805556,84.70699550346288
10021,95.64652195966394,96.0715983022527
10022,22.52827660994197,69.25807681863499
10023,27.799705457039785,16.93886466509834
10024,150.68446895718205,81.4620067231115
10025,190.70864564562885,53.39207465845479
10026,398.76032372154754,79.82589545740488
10027,2.1799128403696857,17.95245086673904
10028,2.304069588020056,10.589295930661802
10029,68.57066153621594,43.17530847782442
10030,1.2160979964028757,2.0786963785242722
10031,7.921506921406123,35.113786238678635
10032,21.12565108744797,13.429943214646059
10033,0.6815754896885597,2.756256334292993
10034,5.476321517109083,28.97721886243714
10035,402.7699955592542,44.5393469403647
10036,8.60518808304546,3.994403006554016
10037,164.04889464510262,275.4299500793976
10038,67.2168043674746,15.880792886721563
10039,13.416191396997323,10.596038626817645
10040,279.1434337299593,258.980891976815
10041,9.808031476379824,12.676090026074755
10042,28.15563971872475,6.51799485496142
10043,90.26293364371428,14.825324727046533
10044,354.8001002137753,57.260272395961955
10045,8.831285466648106,48.987335519256035
10046,174.85645703766914,118.67952464169763
10047,2.8046964519342388,5.00697542837284
10048,7.825780415574444,1.3248246724202337
10049,1.1737742846308747,1.6776873905427032
10050,377.0499099074842,133.4456022169802
10051,70.13199983066625,32.55793585179395
10052,33.02721638961535,69.96239383957146
10053,77.9338940378846,118.40790276069251
10054,41.876313304662546,9.735473609165146
10055,7.582884346308064,38.13350552277486
10056,23.6346917230979,15.852737956991351
10057,48.71125954660882,165.25177911140696
10058,12.960108163053043,8.371509741473497
10059,61.953867787384766,57.49559512904786
10060,11.465428338775887,18.963529799174115
10061,29.601195681300567,11.944556113760054
10062,48.86075486010825,340.45352293913936
10063,385.4909384524571,86.06543314731498
10064,211.25771065378987,199.19231510810246
10065,81.56071122038897,325.62271431788236
10066,9.329467803516168,13.255589424144127
10067,23.1787253407382,149.2679423418714
10068,27.385534157364482,168.20178847576676
10069,6.422282729586896,11.5469493114388
10070,4.473771093446738,16.150556861937226
10071,1.0043480505402398,1.5336043888960083
10072,2.507925642571875,2.2143694256534343
10073,34.751309855785365,312.04978116263317
10074,92.64372128896163,296.27067960146223
10075,39.06337568318678,100.68280737011249
10076,3.0870602714882667,16.748905973732903
10077,4.9399225809113805,7.674859402183717
10078,3.5978706633847493,2.7559757068990334
10079,39.56719046694197,103.27774418268449
10080,35.038835640076876,124.21447516913568
10081,67.89051107951542,156.77331909079385
10082,29.384622191648845,48.77805996061418
10083,0.2592226481244244,0.7266950069301
10084,39.53589092828477,54.07246824267744
10085,139.1635769965691,41.620917753121525
10086,9.7823902475328,25.121573084408123
10087,33.48011959141916,92.31514686769313
10088,11.859411858172798,4.969418075608614
10089,8.9966292255247,1.2822564900503415
10090,70.4431353801622,69.76615265733155
10091,16.119823347630614,21.96411024553219
10092,13.086633025508881,3.3599305990484356
10093,1.3788938514524325,5.697392518752745
10094,17.98960485201843,107.4733868702902
10095,2.866647649494057,1.9538147109297723
10096,4.068886550440089,22.35418758026434
10097,9.566175160987227,31.907681771669242
10098,14.315422871502626,18.066385447438332
10099,226.98348958715025,114.8895343245378
10100,57.849399989220956,15.66489938855537
10101,60.30633594763559,25.269745737401834
10102,1.0271587186093534,0.32908158172828905
10103,24.965963615228954,22.421999830523557
10104,1.5081431652495025,0.1552575721140349
10105,360.37193769220573,174.69194067758693
10106,5.578789140841078,1.3968999450732826
10107,57.64303661102345,20.708711213752203
10108,12.30146471066668,99.2779035167444
10109,4.2392434676041395,3.507953698762055
10110,3.093568230242723,7.83909653562553
10111,1.3942830212266135,3.5571269121693154
10112,22.97306488743241,10.473759888286041
10113,54.16451897513987,70.44976570789059
10114,0.7496110614601337,5.232902766737128
10115,83.6746418722156,124.73964346212574
10116,77.00806150918018,90.89374301344169
10117,1.0301583638467158,1.6481940893459188
10118,23.328888666505012,21.47781867851883
10119,52.14591578495564,394.22373510452434
10120,0.10300290313962068,0.015854116059885515
10121,5.656066212800261,2.3923864218018287
10122,85.70942200092443,17.314032005681863
10123,21.88103074889592,83.76801565371406
10124,375.0522665957916,48.1199985179449
10125,15.253168601517693,19.747302677508102
10126,28.6262195929207,67.72618844308234
10127,165.82263130923172,153.8346665753205
10128,58.9690447316,267.48241857771364
10129,26.23170405955967,5.3973843114343945
10130,43.59467100520943,31.360315911128936
10131,6.646617283741188,40.36179419679963
10132,0.9974897979586463,3.1327048099632524
10133,235.37447351379015,108.82110355156541
10134,16.626354793736823,25.547500984443687
10135,2.5672305417611305,0.3984409111709396
10136,6.804564621258278,23.29350757336477
10137,14.954667392735333,56.85023709798015
10138,3.500255194758452,20.20751459876466
10139,43.89605352690354,19.526426322364685
10140,26.043614621838096,5.133542221454558
10141,3.324393562352754,1.3011814348157542
10142,3.123369314466135,2.477502658909297
10143,36.816578671442024,23.038754304445153
10144,10.307219083416244,22.98142669898456
10145,1.1177693911160616,3.7023812157523217
10146,106.38786446172271,176.33446054017384
10147,11.541067294900937,20.96315770630883
10148,2.2492496186663375,2.532988407874056
10149,25.060300532004582,97.59950508213964
10150,25.43263184760548,125.32405031520247
10151,50.33610869482713,428.45744098606633
10152,62.486985971518266,13.664490307693615
10153,190.14767363077485,113.36451436539168
10154,17.11790965305351,7.5155435420741705
10155,34.16319504505115,54.88993942320622
10156,93.05605112678704,31.961152621529532
10157,12.251666577115166,5.349335622578687
10158,10.196688887457118,24.151947618037703
10159,37.11092352273412,19.911651972832132
10160,52.877515113021914,47.975970956338486
10161,3.7557320396480565,8.142782573921675
10162,16.845357012395052,2.7248114629389693
10163,0.34806281600561384,1.2074843616679396
10164,23.116403220042464,67.57274103022111
10165,198.61011429547446,297.70635266355896
10166,50.21259750105938,21.114671770897786
10167,66.53693983702202,32.44918550743755
10168,102.16819835937739,61.009865345664046
10169,236.09309174314103,177.94085442807094
10170,0.217147988174472,0.21302164955705072
10171,368.8476231434922,68.71870444403282
10172,39.83651503435774,59.669821687920496
10173,24.487914833478793,106.15724521770105
10174,0.8694736002718062,3.1787800474331287
10175,146.44810964062177,137.12701663657833
10176,27.509720275625295,102.45167525901897
10177,14.07378025476526,7.356737348788087
10178,4.330060138173162,14.384442194712612
10179,1.2103452768349707,2.800064384856151
10180,15.93524787150645,4.8205102828168584
10181,15.18187918092765,40.62162570725384
10182,40.9242604462099,71.80603811627685
10183,5.105203178979026,5.323774932694424
10184,4.641966283004535,2.160976770463108
10185,36.859427786682545,128.22733459789825
10186,17.77251151020001,7.64908657431569
10187,38.399041374077214,32.25659343005096
10188,1.5549316335384331,7.686473945071078
10189,10.226162385123303,4.765689402430014
10190,204.10979038019872,113.05683297250096
10191,9.50891688743575,71.45141429781415
10192,127.04879849608747,21.873907612165596
10193,16.774593483588276,15.340902102495365
10194,24.498740106253624,56.54676884552025
10195,45.86459037003993,5.5409238799794664
10196,19.229398541369356,51.581863118428515
10197,240.21801532219803,155.5270608772586
10198,47.64647713923726,66.55012867438238
10199,15.9465444068688,45.69094015770848
10200,3.7507601301343914,0.8077706984955535
10201,19.83579242804079,39.52692862850281
10202,140.18144676570128,41.506312360474276
10203,89.83685942724162,26.4038993970036
10204,42.1256893062281,32.77231439975297
10205,21.594861275849,82.86625706010564
10206,14.806823786016619,28.39863366411026
10207,80.30095424600671,10.450071629495802
10208,51.31379731891295,6.974036294348308
10209,70.56361651883243,50.268107403909475
10210,266.2607284540469,114.1773569121261
10211,22.007767252501328,61.37105265795344
10212,36.81426357080225,14.703095202567177
10213,199.55817442939824,160.99755664615822
10214,53.599814710046445,288.98909550116906
10215,17.98924711506635,54.44123889383885
10216,58.226664485947865,14.37419069703956
10217,53.26286793379694,106.96136347816238
10218,160.2017493558796,267.75106375353937
10219,42.313389988147456,15.163970888898954
10220,34.321675646007414,49.0129167253817
10221,231.8919872856747,117.97399726109765
10222,179.87452027736498,33.87388493434955
10223,69.81749914573167,10.274158235017964
10224,0.7871975371170428,3.725887906239228
10225,175.94594911381364,31.129672290964418
10226,119.32667282413871,80.00623604272096
10227,154.52796017402287,23.811502264594942
10228,26.461068817570585,45.61453152191893
10229,23.75432816883285,7.140835598279512
10230,29.206770324414304,30.72896434318441
10231,65.38274981819397,478.55141078478005
10232,15.541071800888783,16.046383945323427
10233,17.254461641274528,105.49846086429909
10234,115.87537769040965,103.0285546097205
10235,3.521025274514842,4.350455634523135
10236,82.63252050271875,138.9006196146106
10237,37.05004203360206,12.665993221710197
10238,0.32374628643497494,1.4943194483395534
10239,3.7434635431512953,1.0017268453644168
10240,136.1940830631485,15.109134499714415
10241,14.446618147972124,31.134202251450837
10242,46.340414823257824,47.60191704542719
10243,2.4303662403884543,10.803429623049174
10244,39.80868808298675,89.69864765821724
10245,2.1240970205096326,3.8599234054576987
10246,74.13812059194845,178.63016634385505
10247,35.12993588552462,103.73745739767429
10248,17.76803680671574,11.48342412348182
10249,4.312007231178715,19.276609151084376
10250,139.5923833740439,70.26580212712706
10251,13.344646793422864,5.0281158695143935
10252,18.685176752206093,40.480428176423125
10253,12.371230959308159,5.952022648639092
10254,13.796123867446715,4.069428720614202
10255,101.72783898444608,27.888067389885094
10256,215.67070557477024,67.31094758095486
10257,0.6707183084990433,0.569726877390883
10258,27.176164755581368,90.30180424671994
10259,2.7245702750542877,13.931783379270762
10260,4.581520417624736,10.051238511311803
10261,95.85939944955862,31.551132414520033
10262,1.6510894974182073,7.915760506436074
10263,9.41101263562034,16.328261098774366
10264,321.24606078306044,123.11386604427756
10265,0.2539517078257738,0.16113917789077925
10266,6.749790883365429,17.067058861221415
10267,117.21559881495475,275.51747596978714
10268,16.364418648005387,111.83059072901447
10269,55.94914214462165,77.33500707290654
10270,3.4285248351688518,7.391654711156857
10271,4.860466916865759,13.347343609083525
10272,166.65995094549066,82.48808968790227
10273,17.65562136314837,20.93806062468716
10274,143.73503457667832,34.10700898757361
10275,5.533123609224534,6.747172982063162
10276,59.32350752794365,115.52528708015245
10277,26.043252848011928,4.884070084904414
10278,1.596661466009306,0.5212310666754625
10279,7.788162306607553,2.990922417770993
10280,142.3204859647578,346.5425776225052
10281,296.03233317064144,100.398828902376
10282,23.903837165740974,75.46579969852031
10283,101.44235135612419,44.784459373536684
10284,1.0894934861181598,4.47476390558382
10285,4.440330580564337,1.4871777223477731
10286,7.991429124279956,1.5870856578655388
10287,110.17371013909033,32.91750202818527
10288,0.7267726295932389,0.6868178092173948
10289,100.50784078341371,154.8908091658966
10290,3.463075007708681,4.4954981249226424
10291,137.3675431504079,247.2246997475773
10292,93.31336068179843,61.41293696689712
10293,4.378528421320285,7.692513843773434
10294,164.26796636190855,103.6508990675807
10295,3.2343467306177724,7.730178357284268
10296,129.03641382609328,71.0559118272962
10297,11.398979949074109,8.563068132562778
10298,205.94758063432988,200.2502196439173
10299,8.801279315652685,14.791637645661842
10300,185.65987865032648,170.39546730585204
10301,30.908334870726875,6.483087318785786
10302,8.64639107179254,1.6264421945981764
10303,60.13706889366307,102.04237975316668
10304,0.15089640378777402,0.992700329846406
10305,42.57413645197069,255.5495581162467
10306,74.00413419070105,17.174382887613895
10307,53.37949216848628,67.96046223945443
10308,268.6751717981923,92.27866511226945
10309,45.9705779102399,271.7735095377417
10310,6.958537757322768,30.64848081121727
10311,38.3199041103952,39.44038540869039
10312,55.18771985323432,308.2861047895191
10313,0.19842198225705765,0.101752611912161
10314,4.323750502843325,1.9841501078191128
10315,28.07811292725869,37.769869688692765
10316,7.302783252198264,13.865220957569576
10317,46.423089485323956,91.00341399882942
10318,224.29271775149311,79.70224297495709
10319,7.371499837452804,14.047162763521076
10320,157.43382444370323,22.397329415416102
10321,0.6580805246731589,4.075058162935232
10322,9.217714733883426,17.081547050296596
10323,63.64631608064025,62.58379245416473
10324,2.654645030280159,0.650733421047486
10325,50.28972647998382,195.31163194400813
10326,0.5328196042709938,0.14866804442577242
10327,196.47574024778265,50.05466844386236
10328,3.5683469114296478,1.050216800358706
10329,0.19425142017615138,0.3973769160774554
10330,56.4721601741052,318.2982154352698
10331,1.782087304137948,6.38862034837337
10332,1.5209492621539284,2.019003576262537
10333,54.84581246390454,144.35327695417678
10334,169.96715297762358,21.04136195553762
10335,131.65365346404016,100.45077530832297
10336,1.4247309515508002,1.94608954672525
10337,277.22371807362316,68.11460956491973
10338,65.83661499047957,230.61167385484077
10339,1.336627750523207,6.011229022328098
10340,19.127105872632328,49.026957692348766
10341,98.13133879679863,77.68887080820869
10342,103.0921621214302,126.16996485607773
10343,92.08883042187833,113.77786917508054
10344,131.14147566558225,74.19011373316737
10345,8.53059978761286,8.680768715244302
10346,74.05691290005984,199.01915153055432
10347,71.32683169573274,105.17948963687908
10348,23.27257781762224,31.253297005913296
10349,26.02058110046575,5.794270482484837
10350,21.60973769665089,35.71025135709615
10351,56.50993578818691,55.16127241826969
10352,6.195228776722773,1.4969917803475705
10353,36.41924881007894,47.26766647107412
10354,54.413101264523945,44.0678610361591
10355,2.3833454380990196,13.02242590969355
10356,3.1143204761065144,0.7409846211044445
10357,0.12607084470778607,0.1186047523446242
10358,5.791545480585442,3.792441979842144
10359,43.19360563650566,30.611083617007036
10360,0.6710793376714486,4.13052996909641
10361,61.68620400778498,87.22942717030864
10362,5.292016900103874,3.2064210012241383
10363,12.723485343192614,3.2078078097563543
10364,21.954507204616586,31.930084343456173
10365,7.990012479356115,11.596789392729736
10366,22.611905573670903,101.56373125579326
10367,7.118154705150333,5.847300929004946
10368,11.31540063207598,2.443034805523837
10369,28.378937954889402,105.19994991543295
10370,1.3949175353744465,3.725644105746089
10371,144.9265823061115,92.11114582304381
10372,32.66363349377578,55.13092260388204
10373,95.01663528930169,151.3033858884578
10374,23.397089428789876,8.577661418881544
10375,85.6419155445345,107.83468520674236
10376,28.767538137738853,90.24541536857426
10377,79.86429599205661,18.91334277440426
10378,38.19651249620363,95.93301244621546
10379,142.4123298561594,43.0595439379524
10380,92.681291858615,56.440404654613474
10381,32.222925980417116,31.803512242858364
10382,25.029921277198568,5.593913054021286
10383,13.830430487068595,7.782783826405296
10384,26.829626381419484,3.545777411443003
10385,15.296289298666146,5.870335636186268
10386,5.2432334329733745,5.2070623985050934
10387,13.295587544575083,83.8925948567624
10388,226.80677323932582,60.659296405013585
10389,3.7929755360243753,15.159517690347942
10390,9.567788183539843,6.509721349442875
10391,17.619500700910585,14.02457466378947
10392,118.64873914545366,13.884118149458573
10393,11.5861873775156,10.649275713927015
10394,0.5805462372206018,2.889869285542324
10395,4.429784112432246,28.822161757275904
10396,3.721523645038516,9.3538924868786
10397,37.1316155914089,70.79135966732555
10398,9.089258726836315,5.19834618164492
10399,26.22408719881526,29.02129095291695
10400,8.14240510022889,2.781885008329757
10401,37.11847454502756,20.154426867494443
10402,101.47534737844883,325.42071424314247
10403,1.8102206788696762,0.2552563083566479
10404,32.738951293549555,58.49681666883245
10405,28.024376938391704,15.630569575431045
10406,154.11964327267145,20.107176848766876
10407,1.7618885723550122,8.120871691193466
10408,3.405556311667179,8.830532609871717
10409,37.020977910550485,19.061204128296914
10410,68.24426141552118,32.16698316940052
10411,6.712145644580648,11.80723046806789
10412,86.81012216478304,89.08882193829416
10413,209.83884750361602,197.87811385724223
10414,306.390914101778,157.71506898039925
10415,120.59797761244545,74.41690494707757
10416,8.426318409581942,8.281319234586817
10417,35.12804472708558,14.003617064295648
10418,0.6465695592028695,3.816111750696323
10419,7.114873358809634,3.7120784198867236
10420,24.40198998035506,25.06227487838571
10421,85.08840789599705,87.17586787561343
10422,36.88230200199166,117.21830566543089
10423,20.85388364908274,41.3787642280553
10424,102.59024933728375,50.880359409778855
10425,3.1787143783886798,7.96674270620223
10426,209.10337072830595,99.16264202355394
10427,104.71987274032168,83.35383029074634
10428,45.21690829066878,18.862355593005486
10429,0.5589647360782037,2.045314367722523
10430,3.451401525834571,2.5298016887429724
10431,72.6842225714319,24.3799386012742
10432,30.52249341301898,10.237484564091734
10433,40.63896653331212,304.5878658535195
10434,2.217800024087608,0.534985207611927
10435,3.155819764943426,7.001349010861603
10436,33.2580948402908,10.111517331173568
10437,2.2993806910366867,1.5206506239995992
10438,16.113904250375,25.50811081583886
10439,24.376644160135005,40.925021609431376
10440,155.4497476704129,109.82176059314303
10441,13.635583993937953,61.995247439348844
10442,1.7553192207723896,1.157406101210035
10443,96.44711048947262,190.06804445665315
10444,13.197519511320122,41.019778452562626
10445,89.44466849253561,66.59440500468186
10446,50.172756042566746,205.40287908017814
10447,34.48646741423693,281.61904105828455
10448,2.2645398874115843,4.505250749451898
10449,7.515070077645223,55.25362399183906
10450,8.310773788326063,6.02671540306245
10451,9.373043654122927,51.04967744230947
10452,5.173753401169661,1.765843378118814
10453,30.209694368758928,86.18142395015272
10454,28.960309685332785,142.2073913451386
10455,10.291078753606918,1.660298674478279
10456,11.150531288666162,12.25910028014486
10457,5.886877572183598,1.151904651858937
10458,96.03515960620788,110.24101059840768
10459,111.98659559209803,181.15681312055338
10460,44.94826169173678,43.75522706151013
10461,61.20162782292768,18.93078808988776
10462,55.32311334869081,79.94434737436035
10463,249.89207535152602,55.41239293858193
10464,1.824393237871516,1.4578632403838832
10465,7.668069971214384,20.665760139439747
10466,23.555855040197603,34.39370698966015
10467,43.00446854908344,21.318400806566636
10468,40.92835503831796,6.343388201642464
10469,4.220138595447921,19.652638056016283
10470,13.88970646054366,6.93004948862931
10471,1.3311958999333187,0.2609141898578351
10472,13.028100437664579,97.27428863374838
10473,4.045640883217791,8.315104839770909
10474,107.81866144657529,25.210281582696915
10475,85.19952478855646,385.4391044803673
10476,63.56834342594759,23.87540406984587
10477,4.583074909401108,7.387069439969657
10478,15.572451473013546,13.71861752771124
10479,57.97794382198255,28.848909926491142
10480,15.719380117398746,7.863818898084717
10481,238.8268913621103,129.9571888534488
10482,159.3121752444573,70.81583809107899
10483,15.16187151317291,10.190901736175242
10484,167.66587336715395,43.82002578573761
10485,13.303342663125504,30.38416194045083
10486,4.548512266404053,8.530107773319973
10487,23.244690209051033,8.223897380410191
10488,21.08905760011157,48.265510944473604
10489,23.48249402840355,23.94198037197809
10490,202.09852205985842,22.590518765051527
10491,71.32740793585671,95.39075710585084
10492,94.78541274398205,68.50934736277293
10493,18.279011584723502,29.237151441351163
10494,44.55343848012815,153.96868600314326
10495,20.87898838518869,21.02238893037119
10496,375.8143576143629,88.39364494048539
10497,6.427884203252861,7.677893213027418
10498,8.303593157977263,2.782085414621367
10499,17.819398834860927,8.441193043354527
10500,190.80924302462824,44.62473007126396
10501,2.81548998360524,0.6455281276642082
10502,25.764210620183306,4.281668677190899
10503,25.62524903760849,62.15980616208824
10504,19.94468202793713,7.330678119071166
10505,13.613300819985637,18.497349014914448
10506,53.53352525541086,114.77902678770377
10507,29.74059405927546,40.29836870039186
10508,140.01934875047627,95.53496755608936
10509,108.8193126446279,119.65638871480432
10510,2.071450799775901,0.35053218913643247
10511,9.191152738056468,66.29226611492112
10512,66.32282844670915,118.29163571641348
10513,24.72801387968194,3.950247807017794
10514,14.183514020001383,116.93651382193724
10515,129.4136879031969,26.330246699838558
10516,4.817906339472668,33.046103275389534
10517,128.29784554765067,192.38508320040714
10518,4.67208405884043,2.7235015623778898
10519,82.3645394156367,104.31413991026498
10520,94.1652903685567,51.54279669778331
10521,39.09705440505982,56.05340211971507
10522,96.96622504283766,27.18196120557491
10523,67.56314179850686,90.03307105654774
10524,31.509315339059718,24.09696148279528
10525,19.765147818926266,70.52082012704535
10526,24.748767500795104,215.48122497741448
10527,9.55237972348927,23.065325474435152
10528,16.356963136783577,31.828226029569116
10529,24.429993321530954,11.15684606816117
10530,0.03521443169352212,0.041842712510463564
10531,1.5368991739023807,1.0239983261438586
10532,8.843048115899784,4.013846555797632
10533,67.78070157490555,40.43708046556151
10534,35.54047680691823,54.73992815369684
10535,60.00044618865786,298.98968422339317
10536,2.9626685261954977,3.5005921547810686
10537,59.71215171810053,32.482551583964
10538,3.159388983738036,9.566581281392589
10539,1.587427036558889,11.402365870651828
10540,49.622255009467935,77.72665668316739
10541,82.85762351951989,46.29549188181902
10542,56.30320136599632,13.526533666681456
10543,2.8486475776472426,1.8923975477499428
10544,28.933423927603293,47.29114373191358
10545,79.12048074691305,246.83567711797323
10546,232.88261545376162,77.19868399071835
10547,16.690916183484276,3.0498607019451907
10548,72.8828188620696,34.6984366735722
10549,6.956181036246301,6.420767081657299
10550,30.492932180601606,134.79175703490537
10551,29.439306902582185,10.140575932541312
10552,0.6246332760372049,0.8782155114796695
10553,12.941828428080946,10.061498340863821
10554,20.241582535494256,101.33567759499857
10555,2.8838148789925873,8.389871347307032
10556,117.71761501631967,192.02832980109326
10557,5.580103722272804,38.20382171906837
10558,31.199470482077114,10.61393181467654
10559,44.916511265094734,130.8174447606986
10560,142.17212767985865,61.5391835934905
10561,2.3824777250013396,0.511240208816123
10562,8.978025560683733,4.137344597368064
10563,123.63734991535993,88.49182172019147
10564,15.11682539972387,37.359446011593576
10565,13.924060124801674,15.497062347391083
10566,151.2845397174991,92.50192637509102
10567,2.268025524985076,7.498902499493712
10568,2.1582262577518425,16.094674431499698
10569,49.00649366822582,79.20237363825615
10570,58.74461970747612,136.91514078829098
10571,7.171047824248731,6.843316499642766
10572,62.80254258283858,113.43368267592976
10573,188.5791393276032,24.564255576486634
10574,147.45945214734462,382.38710633110054
10575,90.62231447649707,365.5762867821276
10576,1.471032029146165,2.5700589329129233
10577,29.167698009280127,4.319433267014003
10578,4.216665573111794,18.08514446801906
10579,19.55070625208893,6.595369604127701
10580,12.647168758406712,16.46241273534456
10581,4.053666843246191,6.8301187049232475
10582,21.50035900365163,2.1127316892681183
10583,0.04795669711124395,0.030860393432466382
10584,3.8473333345693703,8.615600526936941
10585,20.7474095183295,17.582088115703478
10586,53.016125317522665,62.516470787225835
10587,106.19288493220373,231.99993863071035
10588,0.11966640906903403,0.1856639205082009
10589,22.129265681026606,36.81299883507834
10590,319.2865894072821,46.934356072625114
10591,16.42671290593387,10.39820291039905
10592,3.5762850667430377,3.969016894529711
10593,3.7894391606812206,20.61654554527531
10594,52.77768234497734,128.79152333186136
10595,66.94096466034786,17.764934661980107
10596,264.2404677887017,115.93239697947843
10597,2.061074672763942,0.17756677180985092
10598,62.76651685782399,85.94887223275843
10599,41.898362739434035,37.98221035905976
10600,1.1636931830047914,8.639479333772536
10601,2.2240690895180646,4.946648087390851
10602,3.146049678643166,0.4692247001788311
10603,0.9931590920594964,1.0080725305072136
10604,22.58063808465635,11.813711371172428
10605,106.12315068796475,12.373288753304987
10606,9.681845425064125,16.045708311193973
10607,0.15532449720083763,0.7401810420317796
10608,19.93863677463438,10.165863115001729
10609,113.67052523739292,19.343344324853415
10610,126.64229148251319,51.84770886024597
10611,1.6369970083694954,0.21558173857977858
10612,0.21167773169611603,1.3816444099109482
10613,132.39083821665145,43.38602441076646
10614,22.079150134597214,14.564504667650011
10615,25.954196151954253,46.20496649135842
10616,176.70477294181433,89.67240724509728
10617,125.55603686544482,235.79431552370812
10618,86.32454392223413,88.44528983902093
10619,17.470638874131833,5.771312103720612
10620,84.26281437958741,95.74419323095687
10621,267.99587192500786,121.20618618489678
10622,2.473394853472217,5.789681152690146
10623,10.393301016813208,7.764982421351243
10624,49.89067662950804,203.74091455754456
10625,47.5467713780441,274.0928127944713
10626,28.23817719826313,12.998359711860234
10627,0.046287178940274565,0.08581455505274171
10628,328.4651425984413,154.40724338605236
10629,12.766105336383315,4.649838295009902
10630,88.652660933562,50.23522865217717
10631,2.8689906328547172,3.196562707118568
10632,72.58326744347619,14.647097115916512
10633,12.609025378384633,81.30279504522642
10634,24.861776123267283,44.85889112866037
10635,8.945097894429193,10.059109250005314
10636,166.7579706784436,46.94829297057061
10637,61.23686697120605,70.58945321358075
10638,67.30506246321974,75.52473119080963
10639,30.87583011298608,13.491822172156606
10640,105.2470891900066,20.295403539286635
10641,1.3935744549995381,10.262738482757362
10642,3.6943804504135214,1.2202578365544259
10643,15.628704394898866,6.138875502028431
10644,144.78072456444556,94.90723989382907
10645,2.1838270345090605,7.079316911126299
10646,20.19525706355024,4.27718074503062
10647,50.7434188796634,8.884180028758296
10648,42.82991794779188,15.863019191419285
10649,134.72821343429246,165.1023027185476
10650,36.89158447676137,16.330950317451258
10651,188.9164668586193,39.37799226759316
10652,0.8369553874615057,0.4264271802192715
10653,7.875059002551212,15.030669268723102
10654,20.400142893347315,40.822225404351116
10655,235.11651075871714,67.20464943061876
10656,18.976243865371526,2.907643813545545
10657,33.16043825342806,124.24221917280838
10658,8.100724651634483,25.093361700364746
10659,468.48095919773743,61.60206889654991
10660,40.37646396176894,37.98646611770626
10661,17.57754225775107,4.9691156144982935
10662,1.6167339105549134,2.8467813690579895
10663,163.56548316940038,32.77017816703532
10664,49.66176430236304,31.518603833867086
10665,31.362175036698876,20.502547374012874
10666,14.714085025667773,14.50633714268982
10667,13.02915789472346,10.244632160846677
10668,120.68884607869222,139.47215040932568
10669,42.460858521604976,36.23510330983923
10670,2.0423998365277347,0.9446049074279692
10671,10.203378914881277,13.567381785888628
10672,1.2635816645482816,1.234852429216076
10673,186.37864975658667,38.434875565426395
10674,0.6402353374108949,5.456582638561907
10675,3.102592114313966,0.6147528077010093
10676,57.65535901279126,97.65297908767495
10677,22.59156869817941,8.403330444351173
10678,140.23532326147594,48.80024694828847
10679,142.247196121463,85.77578061573774
10680,54.740675413213765,32.657004755086746
10681,121.36655310263072,48.456567405289604
10682,73.51104757812334,45.491340066257365
10683,21.48229015505997,57.49495537738628
10684,37.733523653293574,31.18882899737947
10685,18.2386558723553,5.949531301664852
10686,62.689527402067405,7.947801021253781
10687,146.04499635025692,16.342702592731033
10688,39.21880834156483,29.08806594603889
10689,57.960452558159425,99.46361268192754
10690,23.655869992824844,7.405714052845208
10691,1.2045899485794738,6.156543399916137
10692,38.41598120893927,77.62834305547533
10693,6.805670801276671,22.689239823242904
10694,83.59693110782307,33.85390834706553
10695,54.069459001708,6.127747776959978
10696,3.057909819777212,9.640707970520957
10697,6.051413646654335,2.2405926181391997
10698,11.351479092761375,11.376125944811083
10699,37.35169841182463,5.273407077106293
10700,13.91259180867872,2.419013028200234
10701,52.98048821863172,151.39584588912635
10702,78.62814445039159,158.18214072912784
10703,5.984963689659291,2.31054059580446
10704,104.80548547527549,21.42532133312468
10705,113.65650342895525,141.8721156747034
10706,0.6796982863951677,0.2234286752965733
10707,10.546801849196056,14.366643459104608
10708,6.615493249249525,7.310510751462995
10709,31.867720028497686,6.445772615621884
10710,86.59484671330782,229.4467080152966
10711,332.70902909176186,62.7847119341934
10712,110.6377307293821,173.68494202678875
10713,5.612323791321881,5.281495668227513
10714,114.10387910609961,342.14570743250135
10715,53.97376004724828,385.89746598595207
10716,24.61045343125894,35.80808731807751
10717,55.86922923236287,177.51430843239132
10718,251.45777510747948,216.73583317170096
10719,171.58290475798265,126.470258479621
10720,3.906891807247617,13.913217433559453
10721,8.112802552017289,24.670285457959636
10722,50.854992483214005,12.745826638020267
10723,0.4248499979502469,1.0981879152425804
10724,150.44117309142342,93.73778025456903
10725,13.516378941631118,39.09865121117005
10726,6.001581616865472,28.981233819619867
10727,8.080448905666122,22.795304534056807
10728,4.02153436065847,6.0594355569025
10729,214.03670299276314,91.0962533424474
10730,12.796491946376602,32.99141732252611
10731,28.097511212300414,31.11243237838471
10732,7.169936031351973,13.57341276326362
10733,50.029061163075234,20.857787631914768
10734,333.7471573760405,120.86743364096051
10735,50.41539468024315,58.77928311325566
10736,98.67062674029835,123.41291249088641
10737,0.2816719632205822,0.9096361483130352
10738,1.2016220176380743,0.18015925831842394
10739,180.20737940116481,69.7575264713848
10740,47.06460068127832,14.398207784063096
10741,61.42642488055631,62.37525438310905
10742,57.00803432617837,129.67947309068862
10743,99.13905869023772,22.571706578750195
10744,0.5223682745059959,1.3804111997322432
10745,99.55179764548723,27.509156550386358
10746,17.00460844793725,55.589969039419735
10747,21.29343021366849,23.92602694360573
10748,2.569881159340647,2.1144505602207513
10749,107.58925047005465,55.73477941280196
10750,55.43143545223647,18.33621820636691
10751,37.70357904484819,4.325792648346877
10752,29.072922086831067,25.062404474049465
10753,3.973554828334983,10.26389871246872
10754,31.31348854114695,140.66241456118718
10755,85.61461935774804,62.018600926112775
10756,18.035712300790294,15.584333791679725
10757,1.6277621914799931,3.1444481209709787
10758,77.77317399585432,442.82993163433514
10759,234.59106934012777,69.00346282974624
10760,5.845734355462375,7.115722132289423
10761,8.771050742440075,2.7846759439883666
10762,6.950218306722291,29.882173784984243
10763,13.358056297320362,33.40653379500635
10764,69.25652091795975,147.83711106006814
10765,16.577320554189445,34.754528978088146
10766,33.10924041112859,39.04207049516825
10767,155.42372603993638,191.03662018877992
10768,9.403462872956384,19.967896303171386
10769,80.19760668476977,64.61232943989742
10770,18.939040016400345,173.3786372861354
10771,243.85476418693466,139.76989895351107
10772,51.552425350921254,169.8484176596745
10773,19.650270795597535,8.3611999045366
10774,13.413934475091896,23.00185563732598
10775,66.30017355573062,48.31198060247973
10776,68.9496741584953,87.68665862709742
10777,164.29922570772848,126.69090969087358
10778,57.301903574948945,58.561101145065635
10779,115.73582869343642,27.26320327302012
10780,46.997047470144494,18.416753802023354
10781,7.587102353870421,7.215057845794485
10782,6.284586987963136,2.6999097751855095
10783,54.823785151901745,64.732153707931
10784,37.43180477254481,76.41972749157698
10785,3.0691769111829705,0.3690616715542414
10786,1.8966382078428285,1.6004853620002941
10787,12.946025470477565,9.855898399475313
10788,66.09183834537913,26.906854200626437
10789,59.98462207031773,12.887892774268176
10790,5.6422061400449035,2.4756105603124254
10791,2.31008265687694,1.1922871021113837
10792,4.113352672096262,38.20532103571648
10793,46.55600151998331,291.77984511916895
10794,40.379598699226705,103.42294398835256
10795,30.74576150358145,165.51946048175483
10796,11.500234332839042,39.730836517372744
10797,183.76931949213466,31.860619132792117
10798,9.213918835072166,9.654418959131867
10799,21.23900886966978,86.74712121812655
10800,28.847685226794397,87.81258664600519
10801,25.060205220949044,10.726974442706727
10802,62.70582307248882,107.25520250936641
10803,31.495064786466482,6.797289912953866
10804,97.71106992222442,18.768805815307445
10805,9.173466492603755,4.52624152462977
10806,53.304679179506365,50.29025786171492
10807,11.901542610170072,30.10412422443352
10808,27.503000278990037,19.098785118746473
10809,16.14764001686065,1.5879348640371878
10810,16.182844479224627,14.581634007038312
10811,213.45258392983868,149.0972515378298
10812,105.15737944804118,133.27984588648397
10813,137.7153219481207,249.7021768735613
10814,280.4912535366107,70.81661036812795
10815,0.4256758160904641,1.3962650360438862
10816,94.88631956778141,271.1085992540653
10817,153.62368529918956,201.44179543022807
10818,33.27556267488738,26.77999815566849
10819,117.41927789232541,26.51548611343864
10820,3.4130994529333645,6.331026202636661
10821,2.25496529377113,6.457095223038695
10822,7.400847292745363,17.98193029608353
10823,225.44790107175442,185.44529334093795
10824,1.532474296786329,2.79855003698567
10825,48.36391631671803,134.02427170715404
10826,162.40067588976743,110.87034138641552
10827,113.18471531229872,17.026871217880004
10828,177.8041137081875,59.04684844482509
10829,48.54628900391126,28.318983968231482
10830,5.468338497289793,3.9863753514536326
10831,171.19131814009833,126.48211962137026
10832,105.60242238342461,136.0852166170744
10833,9.195728677618602,37.04095552532865
10834,9.199726173027445,4.863427708343917
10835,221.7735650250645,70.78759491116928
10836,1.6825276754205847,2.31124363832139
10837,155.95978821048277,261.59443171669267
10838,54.57345306755235,33.31635894707067
10839,101.03604787279791,194.35668058011095
10840,183.6289742770836,70.35114022262951
10841,74.38413399362494,15.27409692915187
10842,38.78334522387615,20.067391435024803
10843,59.9194225918188,11.640140477144248
10844,61.11375280384748,175.24386879564292
10845,40.924437007665674,40.624999394568036
10846,22.063102912198318,30.09900265788368
10847,9.745924559290273,10.423070158935658
10848,4.535974033444907,37.09186197791825
10849,6.044813802253497,10.059996614704485
10850,83.98428971822715,499.21520181357204
10851,17.648372821419876,5.997743622035599
10852,111.18035338870644,95.3045195020093
10853,120.84932182278708,182.49330645130195
10854,90.62824962531326,438.9556603118633
10855,14.701966202988194,62.96831431637066
10856,195.22363872216536,54.94462873753779
10857,234.71272360409074,52.857195611484094
10858,8.16761708910478,2.275634529219958
10859,24.582805255541043,35.133141891410055
10860,2.8160573228518295,14.982615975357248
10861,42.532535799305414,356.3298267398758
10862,12.219655162656174,24.985484436185498
10863,41.93937675332277,7.783998560061915
10864,226.57594842362133,49.21109960598083
10865,189.39215818406433,135.0435733447725
10866,14.741733275441817,3.742949862667924
10867,32.808615653603205,6.067186505897635
10868,0.964646286046795,0.1630775386681088
10869,19.077507638401382,160.17600493017207
10870,39.49895577839163,4.612152415767877
10871,79.38583716226039,34.32312070519315
10872,8.451011876529588,23.45493842030356
10873,6.578797989895415,4.93103481778032
10874,32.55629599102325,23.193659114008433
10875,48.21488547693922,106.25352331694135
10876,83.12994682360191,52.71633222743419
10877,26.14959796516645,84.21038597033312
10878,0.9889315910912451,7.471629908825183
10879,411.83548985643336,51.438205914087035
10880,6.976138579495798,32.52330797316934
10881,14.569930956938807,112.88765395153901
10882,15.908285396665455,2.594037365873348
10883,1.9422603722217433,3.7413458318207953
10884,2.541138016126942,8.819961386895365
10885,39.87725804990026,39.57409718116588
10886,15.369447226292316,113.90184671246243
10887,26.343768688343744,54.87947416626443
10888,4.95715759084218,1.7191500572878886
10889,6.013492211882157,8.800194040394251
10890,8.235595257212658,39.69231972652428
10891,25.279585252043454,192.34189366687144
10892,325.80825270864403,137.2361273653227
10893,47.20756144778092,268.22009251507393
10894,246.365187637979,67.7176561124121
10895,125.85924375548858,277.8124702067281
10896,54.80604747342745,55.939672506270426
10897,15.056266788845525,23.26778868234379
10898,4.211159771504297,3.8661422522495252
10899,76.31144413614709,297.4684340191558
10900,75.38567298890793,119.24042498067678
10901,148.88694908307704,263.42954613831347
10902,0.55942397080459,2.0488329249094352
10903,61.06933891228623,84.50455001619672
10904,68.52996032435887,168.60511570081462
10905,25.05683379460556,166.32616083885677
10906,13.960931190488342,1.619211926574133
10907,238.81723517177772,111.16098397390891
10908,3.3502335673465873,0.6030003216033667
10909,16.512007866693846,39.808854689220254
10910,62.50594429177083,159.4677279227106
10911,30.624897630948794,25.276765322157857
10912,208.97927188444385,42.2875176857381
10913,24.76705878137043,140.79141556611916
10914,84.09172454794756,10.333263959331635
10915,1.7024230426144784,2.458102710417058
10916,112.08850108859397,12.564335599896717
10917,50.5553852215835,64.10462771902536
10918,12.361101401129705,64.71019720698631
10919,0.3621390006821794,1.3849522963081224
10920,21.960658030909606,44.35216160411583
10921,385.95793445659103,87.2772887522536
10922,139.68161721981787,93.13472465277027
10923,63.59070123556339,64.37631523533301
10924,4.414451374883946,3.5304838553202886
10925,4.492914366614399,9.660753755561657
10926,89.14395553523097,26.002471636961623
10927,105.12397524112075,44.5646903476543
10928,20.471249639314703,17.64916150578946
10929,48.17654308595305,50.98968923546297
10930,30.26039974680544,26.28218271754067
10931,73.21199034396591,36.115234979282576
10932,7.13502017354868,4.514846335086278
10933,1.8748744170831497,2.6575479972971627
10934,1.9036293159368447,10.719531082954958
10935,136.6894948296043,231.2715224236499
10936,23.44812798498647,3.363025734465558
10937,74.46634851174062,39.74426281658206
10938,4.518902953659229,40.15136476782986
10939,38.75772141559357,124.40124251715301
10940,39.63469439283301,6.771450341188882
10941,56.34138176822363,32.532575425397425
10942,18.472187909777148,34.62646109775908
10943,2.850112429038915,0.8787179862886701
10944,8.165369888395233,21.25279436297641
10945,19.669893209988892,7.679739780432188
10946,4.484577770413333,31.642405273130944
10947,2.2965503983768767,1.9076440818430112
10948,16.820550720692808,20.989964482785997
10949,7.192279616129515,1.1972153141830026
10950,16.67993061207368,27.455762735381494
10951,23.092923223024986,30.836371101125764
10952,1.320266491342032,11.34295589627088
10953,38.18317964500069,29.361246581719982
10954,3.7515834957497547,3.9411948036903572
10955,7.052438389460466,15.91247998200951
10956,1.0926563248795567,0.9487416450808058
10957,14.367057576269575,50.7383752421896
10958,1.18104296819408,6.872790529327235
10959,1.9583004229788623,14.346114082745558
10960,33.583604484011765,5.1197218722102535
10961,109.92726997263972,47.13534167788844
10962,214.76694945565296,109.24268435180944
10963,12.065539581967187,11.000704288834601
10964,79.86991812514705,19.89118624012498
10965,25.97210023042693,147.20182859322546
10966,17.058290349320092,32.604627046598495
10967,22.88047304033129,51.309259744079185
10968,80.70990767292211,23.39121548842263
10969,31.744525573237627,29.42540647321919
10970,84.36644873941965,45.96742107353313
10971,7.690891211843336,1.8899208357034494
10972,28.067272240714033,24.50670187592402
10973,15.920665840532667,46.5280168421772
10974,22.926801373032024,56.459830454581656
10975,0.47274511238585903,0.29064844387706823
10976,1.0330503637952269,1.000339570885401
10977,98.46629000436494,17.48217248379646
10978,45.80416926199133,29.405686322316594
10979,40.80467158444283,34.551602819673015
10980,195.61097919837275,116.29000960106139
10981,45.83494191494384,15.418598112822071
10982,8.320959997495518,7.646335907862412
10983,1.1984247705157869,1.3587334029443794
10984,2.448865775379623,13.50107867028127
10985,2.4806693566936966,4.787457947319551
10986,40.09482733036447,25.385105453060866
10987,1.8096219028349183,2.635597808626362
10988,138.1974491169411,31.19664459514886
10989,52.941309841747774,146.22820807152902
10990,21.774916803021295,39.6613095082659
10991,72.39021798090086,37.716629063892356
10992,336.38235767825904,53.36603519405089
10993,5.62920653256489,10.102697999536101
10994,7.957698399221886,6.368403489844556
10995,142.36739501423398,15.860698454980408
10996,116.49772567175528,196.8088047548751
10997,174.69161726210785,55.474275747862094
10998,4.022115858692681,11.08019329599524
10999,75.95366563682487,19.87505557351235
11000,381.65110890067825,45.94302204627275
11001,91.406851334372,126.7739301882194
11002,56.03570229782804,64.37272841179
11003,29.75268834697981,10.601767269948057
11004,10.651392443330629,55.21684860506145
11005,20.293171974255337,166.2166269300956
11006,83.07420623304489,147.76883828627592
11007,330.8714363453887,57.67692549723119
11008,71.44510020578986,168.27229872397254
11009,28.343362826210743,30.844488991789806
11010,20.813787823321512,1.6051128880152992
11011,55.29801580580483,32.63539057788407
11012,24.549146466466006,2.3078871243873698
11013,134.68149789848644,70.8545767964701
11014,56.24940210736473,6.6100827046404245
11015,185.50003953861085,51.25298944931281
11016,30.018749299654253,42.63358386168489
11017,29.0346658073786,67.98532674780782
11018,7.333563487576447,29.804790889427807
11019,1.7172614193800222,4.542802395606134
11020,12.428988270724044,44.05435156588433
11021,0.6812845691787648,5.405325958181164
11022,0.45167753788290743,0.4837603318674457
11023,36.14338329654896,67.1589175358059
11024,23.42186212836429,9.030295422314195
11025,130.96059861045993,161.3797460106186
11026,23.951657672531105,67.19966554045325
11027,25.67776952462217,152.05104251393692
11028,0.5132978010460452,0.09798230188733181
11029,4.297282040152811,9.690536176771086
11030,20.175402313022275,45.97273467258043
11031,44.7771021283109,6.833801910905846
11032,26.81447944244415,5.736547234594731
11033,34.79127044054432,6.4206161846474
11034,15.136667173428485,5.063190232305313
11035,165.98882874227075,71.11641702936
11036,12.705342347614849,12.039143837648657
11037,28.37339858640335,13.087723692511187
11038,14.720501821236402,9.47766769079923
11039,197.06312806229732,131.98909624160214
11040,118.77554350396434,20.18331717601778
11041,0.6460335190491917,2.829832012253118
11042,16.408617539099833,3.4580178377866115
11043,291.88903794628897,108.54472877471501
11044,3.189440014370266,2.3812643656481005
11045,33.99469886343426,75.36381420397238
11046,15.36141137259156,23.414475393710298
11047,30.576508002254158,98.67482035658723
11048,0.7045508382975274,2.011019935366629
11049,7.395838886012292,38.92212050947803
11050,44.7615333193387,32.59756457325522
11051,3.324339880566248,3.18817544866016
11052,40.87887987327059,51.52297158249516
11053,52.33776777492199,32.05532749562292
11054,1.885807411054829,15.705022896939797
11055,57.11592519708233,83.79498770172451
11056,17.138630984493975,21.254566117592674
11057,17.553322205776325,8.77568592206229
11058,2.931933158202857,14.399103911909933
11059,19.4872694808763,65.66687025352648
11060,117.67011390488699,22.322073780325628
11061,18.831502036112987,61.76971950006816
11062,3.22564985125251,10.560719577331918
11063,18.486126350443,26.730653894357197
11064,91.62628615964628,17.320954025112687
11065,3.939952953827444,7.871606269090374
11066,132.7377565688453,117.52124095944758
11067,76.69808495702706,8.44334767377566
11068,246.31691646278142,271.47231286644717
11069,96.32885571087817,162.9496370948805
11070,1.7998834276608093,2.674368419564496
11071,15.945079662182406,17.729518221980758
11072,32.65968437564659,6.973802131991494
11073,10.617192613079112,9.709805991985672
11074,159.24137979470555,19.659838180385712
11075,6.506180874998815,11.773235474499188
11076,133.43610866666683,107.55546585522889
11077,44.28832268992179,12.106659469783105
11078,4.480715467033257,11.797406995894468
11079,15.740835693113333,47.26977654928393
11080,30.69159057493255,22.07293715267241
11081,101.4195859867589,68.16521131805509
11082,6.48776765520164,58.05761616864134
11083,121.31286493127064,107.94905741621223
11084,170.4467084113752,103.47531800266925
11085,28.21219944516929,7.003435288750129
11086,31.22469081478637,15.346800277751552
11087,30.354334891007273,102.10197436931966
11088,38.46467000333537,23.973172288467897
11089,120.97826774242205,243.15922612614014
11090,4.059442531128407,8.111599594109949
11091,22.845420839898267,3.4721624243637907
11092,186.05967066946428,115.86366924447486
11093,62.50007143444519,16.06277387343449
11094,12.755074296478147,31.154555406907864
11095,17.31792921485657,28.598071361308335
11096,0.6529638389012073,1.2847481215922953
11097,95.50823617378785,89.75427949989965
11098,14.480206272357048,1.525071776352654
11099,38.885578361310486,84.35068297456006
11100,96.3341118441659,12.43314730606911
11101,84.70165365862907,12.049925846572563
11102,152.62720486518663,186.5424155290158
11103,1.1314589953831524,2.264450535616732
11104,6.018406873689074,3.1897100458434067
11105,18.852397793545673,135.95521495163047
11106,96.20325023229124,80.22018928934033
11107,13.304116612608196,82.05793145200724
11108,3.6939374312379227,11.14838953812205
11109,9.861011172637289,3.895631593396897
11110,21.50042132233217,50.79258787607766
11111,82.61057840584407,13.43923548568145
11112,20.24986924232811,118.1771672662826
11113,1.9433526231155829,6.7885358088119725
11114,8.16699016743316,2.4419634984809537
11115,45.79513549396661,31.63242928435663
11116,6.4737204193935165,3.407001258167929
11117,32.46155684800571,30.31725572204071
11118,13.14632295860876,95.11820456151501
11119,3.5972196908690774,1.6651324946851993
11120,1.405163015062754,8.033235899263392
11121,48.753900500849596,66.2879552190435
11122,15.720402822375682,7.444313526401154
11123,83.30975771742355,353.1975252382829
11124,26.310469892359222,148.4778510522564
11125,209.52909341917587,37.670488938157185
11126,70.73062015047171,46.01438605306562
11127,19.419037995593637,63.66489670368435
11128,67.72504375679945,170.91866380128505
11129,11.816170925057069,21.590438160675365
11130,8.920153243222916,12.95700201987065
11131,29.54337715828755,15.42377472658799
11132,26.58044201350062,22.853360653201907
11133,40.80583194334423,49.98655483210252
11134,135.04433980946874,141.37286120783168
11135,298.1404810370452,120.01179629256325
11136,20.38883607091452,13.460898685330905
11137,50.056111286637176,16.970781456793194
11138,8.205433884548226,3.399021784604878
11139,4.901674934231838,42.36083639112392
11140,3.0889385350205814,2.170139994435131
11141,64.47353008417868,134.76162336674335
11142,48.30234140297537,204.76480802705714
11143,38.11563346571637,108.43290335806176
11144,6.455321434866517,2.55381382814392
11145,78.66993584089064,173.9869647976302
11146,4.065280182563918,13.265571909938584
11147,28.62689934232602,73.9975022655291
11148,31.764802376021176,13.224898141393421
11149,188.25611637937416,167.12594482407476
11150,34.46190893959137,18.469587946621736
11151,5.335149758516356,10.93120466373117
11152,139.3692558404713,113.15693287517172
11153,3.0452550187537453,1.422803162706315
11154,4.627279715499034,3.1778354226175995
11155,112.07213785830814,88.40893063586016
11156,193.29037345468998,219.95236147056133
11157,35.145825233244274,10.7916930432184
11158,6.588524797248189,13.4782566526458
11159,19.753786843853362,5.401223654472969
11160,9.2479495124924,82.21535686063332
11161,9.034907608508552,31.185115227146877
11162,8.042672699487312,47.923279115364096
11163,216.8074217324524,58.60189549242856
11164,142.31570748507238,29.14699007634839
11165,73.62134924907717,90.1661647605265
11166,31.29715651014618,123.88358541015235
11167,4.688543255059913,8.620333034811113
11168,0.9233621933228502,1.3480579267543187
11169,131.44008790034735,61.165601626623456
11170,3.4056428585134237,1.1280476386594795
11171,13.31124972142343,72.69492962953868
11172,6.456410962147955,26.31358789615231
11173,17.75853337361303,4.223321470347136
11174,64.98710987332397,190.7823906675623
11175,4.480912908660374,36.180432489950086
11176,3.5899962901240645,9.806648184158345
11177,40.05798988103477,20.558243139021794
11178,12.476733541764649,9.844780454457416
11179,40.56214364668371,17.542851808542206
11180,114.10126319226288,25.980789659788268
11181,1.450817110613894,4.125479826850614
11182,38.47710397999158,19.094369823944398
11183,1.2716045040205604,1.5809885524165783
11184,3.3960476177787013,2.2119952491941555
11185,21.329274786298676,6.196905577576526
11186,0.7538353205798147,1.3999790450314953
11187,17.421038851235956,18.8205260296896
11188,15.539101494475979,70.04185180109012
11189,17.903203721009803,6.7822424220305235
11190,36.93591561837325,12.021632122414836
11191,0.9706038556507544,0.15307255145043963
11192,5.353743437306148,1.7202671241174479
11193,203.96910203551596,27.16441977899389
11194,155.57646885194973,354.78991323265427
11195,60.4833900012635,43.35106847914093
11196,122.58352708212715,67.00156399585028
11197,251.71786613591928,95.75711353690238
11198,42.648585805828105,88.29935074357157
11199,44.23237460154326,40.87199354748192
11200,32.581179729792986,151.18948269140083
11201,12.809442246404846,9.369954914989316
11202,6.280267655040021,5.184240873337224
11203,49.82965125203261,138.17996173201368
11204,90.16433077517796,86.9862637580623
11205,163.4390875365795,29.765332199967354
11206,18.00169808846139,1.7614957741483845
11207,12.499116868740238,53.65283770047694
11208,186.59326869884848,29.560165665011098
11209,68.74526817360666,97.73651099600453
11210,5.207756839173185,5.063950678689353
11211,24.22365949458891,11.212571243936258
11212,69.59943476979257,30.573541260749337
11213,6.24582663682676,51.38470821306003
11214,61.78256158101395,65.29085806824811
11215,57.27889027656157,125.57519610755058
11216,18.01354485420936,86.13983645521864
11217,16.434993109478775,10.802857474156479
11218,98.1992232643198,39.94444156908293
11219,7.034261377234385,0.8222607046554395
11220,2.540713913181821,11.3308829755136
11221,0.47328230677912964,0.12145654016404961
11222,47.896087553427606,21.78174585576552
11223,5.790842549980749,22.411088192907172
11224,53.74755523712177,52.02498254955467
11225,103.017105858575,25.594795918484337
11226,66.9162549706597,125.52938562663992
11227,0.37133067621886107,2.068071864987286
11228,19.356616282719173,20.078518274692616
11229,288.4539346842213,54.76523138823382
11230,41.309051939425196,20.085343233234173
11231,58.31372435669717,119.25532975332705
11232,11.663430659727359,5.099248840533154
11233,2.602217889994313,4.995355918765892
11234,39.54127324030021,31.179270459393553
11235,16.182277494354803,8.859968654993802
11236,205.26073188602032,147.16539949709164
11237,2.7576922840846168,3.198160583954964
11238,139.17857344846186,29.705978758418073
11239,89.59364306784583,19.272513314639788
11240,54.166397051275126,52.843276025290734
11241,1.2417035720072918,1.5513583779964066
11242,105.35048058003119,18.717403523320645
11243,55.110959472355326,24.413227270659878
11244,158.90534127988562,72.72407659558775
11245,25.774204793891194,32.971442727617735
11246,77.12875195596558,55.11032195281483
11247,77.62836770283654,25.784917137379725
11248,31.60815291713057,15.426624181118607
11249,74.12804103009849,9.246943106288697
11250,76.56981552649637,383.7481109771039
11251,112.7584696825728,13.481346347076393
11252,43.38887565902445,4.659808427212853
11253,63.87129974455787,49.86548394497512
11254,3.378587331119501,2.2965216963809203
11255,66.88625922330826,38.896269869158736
11256,50.08203392141467,48.779280497638496
11257,22.63823821802057,33.89884380845353
11258,159.4709168343412,50.45755997121413
11259,37.179398105957375,219.0764769799431
11260,93.94310264064309,63.67179475976006
11261,71.14509667787937,11.321438353511189
11262,5.253913435619163,2.605263947831217
11263,33.23313187110546,8.207561585888591
11264,0.47594875332312925,1.3744922742421983
11265,80.18937214380959,47.76251801343217
11266,10.953359645169222,8.032136386842328
11267,26.499552029977355,169.72005524424347
11268,2.5885654943891705,3.5993394583373077
11269,2.5606292880758232,3.362296394070282
11270,54.270659032728474,186.61346183697782
11271,17.889446264789093,52.6978695748631
11272,167.41836349411292,33.95881444703601
11273,84.03688244616612,376.75708571380505
11274,0.8136683983647566,3.8037481320624718
11275,38.20350159521642,34.146980038088856
11276,213.3456808616663,244.5472121693498
11277,18.650051778217808,12.886745020200632
11278,14.571561882937523,36.89458416269179
11279,16.244734655543894,37.012519978486296
11280,13.888688466440371,45.36540284611042
11281,275.83989239924836,112.53012695140421
11282,15.103176733731658,42.082976317799066
11283,9.489668105531383,12.522887680972236
11284,2.8626092073753435,14.602589648567424
11285,32.134575828575514,19.264200868256022
11286,6.264109013061974,0.9460952821817934
11287,1.49799755192351,0.6987289364841629
11288,31.91902025589382,4.37935312183214
11289,75.63386622199172,15.028740343471895
11290,130.78159905419972,45.84874964678941
11291,58.61367950681524,84.8433000558421
11292,22.8774064049106,106.36905904256854
11293,6.575110781422165,44.69699533119909
11294,3.296349911437961,27.372802662533193
11295,19.188481164389913,21.280735965207626
11296,13.880575757824579,16.73427631817515
11297,16.623578158400715,53.3611347842166
11298,36.10100851272606,226.16965150674514
11299,3.245732835921863,3.8701995273690297
11300,141.897747050537,153.5822820498558
11301,71.80797038594297,74.85528162007826
11302,43.22922819631909,24.465829684586776
11303,28.999830921759372,34.82857568266568
11304,112.4954241743668,133.2019707226062
11305,207.0677256521556,47.95173988098567
11306,107.71807171260531,37.94412473141988
11307,83.75454980906036,53.98416488604087
11308,163.59411956360367,111.31319628963068
11309,89.88039260010677,44.60590223637009
11310,11.269204692933148,107.32406533555172
11311,25.62299216479955,203.3080528880847
11312,323.67413583258576,149.2800176320054
11313,0.4228208796081727,2.938536901707435
11314,5.415235255543731,37.146228196203545
11315,115.0886457986138,33.10708964978611
11316,19.59998291697373,64.54164390505622
11317,164.47763959161892,53.85737112515278
11318,9.174232143329558,3.8762579625199542
11319,34.16778401593244,36.68192250277119
11320,175.14887523802935,87.85502541311642
11321,5.980185828127373,12.080898796771164
11322,16.375429700690894,21.80045956360474
11323,30.90879636550496,118.96412827225492
11324,55.33154528770811,12.455089963993853
11325,6.838890031275573,2.882964136712683
11326,26.650948819962853,7.797616838557847
11327,148.68847907436282,104.38717761522256
11328,42.24824840820904,19.01376815335519
11329,2.251976854905683,0.34129846990409773
11330,10.73380817984502,28.600652500596453
11331,50.99967671193366,201.7571740501987
11332,162.70044786303174,111.30964812220095
11333,34.580483769693004,79.52032564644865
11334,6.843682393732981,6.142525032106794
11335,8.071856882361828,20.400092082509012
11336,17.9383779277209,14.917076890304738
11337,110.64308273328574,161.61510387279446
11338,131.92617439868934,20.39970392043619
11339,72.10618783809325,62.48501853787983
11340,274.9658905154797,78.90963486984833
11341,2.479787024366521,4.867984939208242
11342,34.52079264977632,94.63093495422343
11343,39.64424778839097,48.023475970618335
11344,5.242875134455101,3.37604475488173
11345,18.191796152256373,29.568621714174586
11346,2.7317028582353524,5.6688753080732806
11347,95.83673811074286,63.811581433658255
11348,61.2596015586926,228.21356446312225
11349,1.5087916585754055,7.192862123373239
11350,157.7144085185449,25.130885579332553
11351,16.034235434801367,8.716470807563265
11352,44.49114467238273,16.58808000910841
11353,11.247215648325271,20.25966252554525
11354,1.0542462595462578,1.4110310277555174
11355,14.291303270197528,4.497694606858662
11356,58.35161395810741,18.210058893003577
11357,10.951047225556293,64.72499309879468
11358,58.851892922547556,13.977634543335524
11359,0.3766992775268385,0.5310280807197445
11360,2.337486962118607,7.054755169604776
11361,15.90555209396475,37.19750396324446
11362,26.38410210079096,44.974862997738924
11363,9.4923504992625,1.166117116103071
11364,27.889654967340306,44.60566429363503
11365,17.542563629362096,4.565590508782317
11366,22.35638500141323,24.899829141994097
11367,54.49566357246804,113.2138092436068
11368,96.99029659566291,261.58579555637175
11369,40.410673068088144,112.81079378519158
11370,41.83701141331982,89.29489818982465
11371,4.863660507072225,8.602374228663665
11372,108.23907123875313,40.84820192006008
11373,61.008144540181476,71.92263956325695
11374,35.96455057958322,41.88988874346576
11375,8.30331943744717,4.747340914920854
11376,86.08606933021298,16.602055903727194
11377,20.02031446546692,80.26430560957985
11378,34.315896773513664,26.43201265316658
11379,5.801992809841714,11.339464637964044
11380,1.4969490733876956,0.9919346579404155
11381,1.5920787521023279,5.781204015713019
11382,26.164771501321948,3.302479229363888
11383,26.80572228415386,20.258124512105
11384,23.996134184467916,10.679402175650356
11385,4.090347373861781,21.502666310064832
11386,4.8884091327334485,2.4189008624440125
11387,139.932469913135,181.94774915244415
11388,297.3358163799536,102.75126809561874
11389,20.021391765878313,24.1500336286051
11390,2.7332170243603375,0.4704920388970242
11391,183.0123807852357,192.59236932143932
11392,45.319424350332845,14.770496294958166
11393,139.82209900371703,34.01004615773853
11394,18.235302042930503,77.09363222164671
11395,65.8124790037548,149.79857397827448
11396,5.847770041123403,5.215718755963884
11397,271.74310178247686,49.61903168656246
11398,107.48947446693654,76.4688675299495
11399,7.275687516412849,1.4883220234794794
11400,0.8918942543112935,0.7944607834553897
11401,90.55281835701928,408.54971371560384
11402,188.99242590933258,66.91885941666571
11403,9.962633780490608,87.36355036183629
11404,182.77846752039727,100.69319749004697
11405,150.85326242530323,76.35975119890908
11406,3.0020813690843093,2.3719945842509618
11407,245.02147202299366,97.28445169525506
11408,12.2649479142433,47.30263905056376
11409,25.439242097996885,36.76439917172777
11410,51.456067904196836,17.090938910247466
11411,0.38696723591432214,0.3223722995524433
11412,24.93007244910537,67.37703845077228
11413,5.745535016780187,4.423682337123668
11414,1.8191239060242979,2.910429846754088
11415,14.324405448565228,127.91249523710962
11416,1.0219005894609792,5.267704412156013
11417,0.9811459112824898,1.4229574849073467
11418,48.60977424970102,6.815377583157253
11419,14.348534770532092,24.573943492174095
11420,42.636253926185645,13.771887597908371
11421,72.86337401417873,38.92976881398131
11422,3.013317769283809,8.250113126348207
11423,4.6728632922805,12.341755129157008
11424,1.1604664666871745,1.1558739592590013
11425,169.2616302828628,43.18390842204054
11426,67.2836932870149,169.70609889514867
11427,15.486233313234093,26.52595328766938
11428,3.5225476901362978,3.1891065031993953
11429,7.170471387422558,1.1599691897716382
11430,0.45703180801997956,0.2733328295303582
11431,30.597910113278395,23.492715504252203
11432,1.4031599961907502,0.8600671604414963
11433,43.833042082243175,100.2053804093383
11434,365.409051167966,66.3451251922552
11435,43.85125452868994,120.63280836994545
11436,80.4985067291405,54.21345003575242
11437,0.5966992839989294,3.811706342470659
11438,39.316651927160294,163.5109300873233
11439,151.11658452375988,173.77069660646856
11440,5.682185689329525,6.030822422074187
11441,30.008142798073557,9.841195701591781
11442,4.270811862711285,5.176915249900587
11443,13.768627467151349,10.347084705310728
11444,32.02861101564179,7.406200628743832
11445,43.72511380170281,31.277715422000465
11446,13.903210114497742,22.1161895410784
11447,54.16475329531374,154.76724897999281
11448,41.831601470996624,63.04261156771607
11449,5.97492694157547,2.496941093518504
11450,29.645547966054703,28.56665759325938
11451,321.81423585417843,98.06097087879154
11452,49.079330922149595,130.83319840815824
11453,60.73881513582857,397.2635426414657
11454,16.414245560013903,51.3092518340342
11455,9.966755635589198,26.04831027977999
11456,13.235986599301853,2.4152687276387055
11457,17.770317566994027,10.608185873857993
11458,97.12586715642976,100.19519213099097
11459,517.5202837759784,58.58935819968071
11460,173.18403994246927,35.7593825007273
11461,1.5074908777742073,1.2442770846067868
11462,1.9683773884130635,11.114362440015897
11463,3.838101831834512,2.8308855291951205
11464,8.438779873534635,5.670785318896454
11465,3.467482282025315,0.5213172605062888
11466,33.03444389017445,14.764118404718522
11467,4.210198080971712,4.086304942080489
11468,5.557764070370604,17.774077881300236
11469,1.1754224836588594,11.969403189529672
11470,228.89130413123945,94.28945105557115
11471,198.29041425620352,34.0841161659985
11472,120.05204014099296,56.36935182714483
11473,72.84029284613139,127.65104732402784
11474,233.80141643038345,199.11503395320682
11475,6.372057679076654,6.55999646667737
11476,43.8075168603062,43.5410703450287
11477,44.65179108008377,29.597532469487444
11478,54.646198543349506,66.55677702307261
11479,4.978428478849641,1.629820119355049
11480,92.06088961647195,139.5567287994056
11481,61.89607284335614,16.881924247822862
11482,7.110292158527493,2.219457517385156
11483,97.17512713147939,67.12350553233262
11484,202.3881859141387,77.20075474036709
11485,103.19069717001041,41.908973783636306
11486,10.777827504265014,83.00076033086535
11487,6.4014979132374545,14.852976903914712
11488,104.79827354563488,26.355771407344424
11489,6.529772476663038,15.521698399282425
11490,0.8590672195795852,7.37245842959463
11491,75.85331001998695,50.821753580739646
11492,18.157920223678587,3.080210138668687
11493,12.96366532677334,69.82421221520279
11494,2.7851799699169617,2.592631404027788
11495,27.370639389632366,66.1851410999814
11496,107.28631003124634,207.47350295525771
11497,87.49260119388634,61.1495844011849
11498,23.987824004425704,149.37416666530385
11499,13.402308365631885,18.648287546608227
11500,7.223977236571128,1.003316105568941
11501,19.75831011990968,112.68858510617603
11502,25.35743152272479,44.671063572319675
11503,2.547758246428144,3.841864861154132
11504,8.823055178120168,4.091044878509587
11505,4.3621074822365475,23.55832848052981
11506,1.083111639586902,0.3743248925354219
11507,53.387093979503504,77.06600779629822
11508,43.876583235253214,25.497758889209038
11509,85.28739730566456,57.83235635766107
11510,1.4914843480829039,0.32669267238011945
11511,32.185899237349105,35.59594708245832
11512,1.9101650746112784,10.9747611427715
11513,10.027898829146627,30.127277241910534
11514,37.22666736234051,83.68625212082597
11515,0.6817271204311877,1.475795616638334
11516,1.7843001786453896,3.7316047096748606
11517,290.3830499727478,36.982341158577725
11518,13.413403467229106,5.188240050786777
11519,1.4606158472908668,0.11394343648458449
11520,23.51155956514137,15.95322859675896
11521,166.98393966368008,23.7018251292361
11522,34.32141464958413,59.591296172079765
11523,124.17356810990222,65.09470980424021
11524,99.59296986412531,22.660329983135398
11525,3.0854789206436735,2.8025674439884565
11526,4.595065035175773,7.102207184510578
11527,34.36685656230936,84.8112080584798
11528,57.569276309516994,310.8829019714617
11529,12.288515389663042,6.031193186170005
11530,54.15324694733514,56.84415325569876
11531,19.258863518989248,7.309775030925825
11532,115.36952251767822,97.00887826816704
11533,54.97350999063047,16.67269788418824
11534,90.91145853086256,74.6208208960989
11535,30.177180342393104,26.787819430335396
11536,1.5874745410023565,8.1572856296406
11537,53.62354763667825,139.85688987078328
11538,69.45618659367983,414.2320084920814
11539,185.56554120308374,225.83925816834693
11540,4.680388552501161,1.741372642251255
11541,142.10282898356684,18.591090977049927
11542,36.034038730997594,30.93433965232321
11543,15.056286614620996,85.88687383409871
11544,9.168564577389722,4.5395224033821036
11545,0.16675673374232014,1.0656013507844144
11546,8.110111605695533,26.930873869871096
11547,6.998686595296652,38.104283554710946
11548,7.652261719909544,18.732690589902028
11549,8.003057099385138,3.15611528921069
11550,0.18728377793332784,0.07756535165824707
11551,55.672519379131685,37.9030260622311
11552,91.60494068351765,76.12947652681302
11553,20.903120065831096,24.618126236522237
11554,247.01415179999157,253.20769253233533
11555,1.4877669550552923,0.7825195918965763
11556,7.119345635599594,7.463480418945038
11557,0.8396877009472261,1.0473969411466955
11558,0.3995581850628629,0.7103535220711364
11559,213.85121095623944,35.25615402030245
11560,6.925405395613696,49.806923402817446
11561,24.087906948040338,105.88504858977139
11562,96.79817236754751,15.133209603307812
11563,5.381735174653533,1.5826897192456468
11564,55.36291076352469,13.467414550267117
11565,335.7620625182535,99.97920627002068
11566,78.65347866319838,56.48104185312157
11567,11.755204088696086,3.930972001389799
11568,41.290890624014764,32.48028818142861
11569,60.902899063716816,165.08864130378242
11570,13.095596275136305,1.5079056766490506
11571,4.812459676204055,1.9242727588697024
11572,0.3954130530896165,0.33786747214421753
11573,13.181392490434797,34.06764857045605
11574,129.51177945924275,29.448001456291582
11575,81.6718746164247,57.182117290234906
11576,183.67368786293997,79.01732258124778
11577,24.913472687603495,102.47816231195216
11578,232.73293420027028,53.70586403732027
11579,18.40255562394731,48.79420854434815
11580,104.3625512263198,43.550253869079285
11581,12.966835549583234,24.057899540039845
11582,138.05297833325798,47.01008240518727
11583,15.48255537892313,7.995616972980299
11584,154.97485670671804,184.66594783732418
11585,13.146983062037421,3.872350555102685
11586,5.272053182363986,0.9041503083370582
11587,258.09516312749395,136.8785212941713
11588,49.13890611102847,11.10082747284342
11589,25.675835210164454,109.12077689893684
11590,136.1758518184678,80.53900808947932
11591,11.952281831391113,12.345810826557566
11592,10.807536383588468,8.251643244557753
11593,86.1942238910017,188.6284247063524
11594,2.227273070764447,1.3104228681881047
11595,45.69302334252663,36.30693084329831
11596,17.126361304021636,14.39127323315839
11597,53.36063505085478,12.675085215386286
11598,53.58016442808136,71.99594250875913
11599,44.717004255827526,178.4257127348495
11600,10.146563957320833,65.49860418333832
11601,0.49189212935768056,0.11656630050792627
11602,20.590238549117228,96.99731252422951
11603,17.645577484606395,134.58103131226142
11604,1.7544690515698633,2.3345514032597467
11605,42.80979316647857,59.60638888047911
11606,86.7300193318519,49.68397832099327
11607,32.41649633991004,57.076343537119264
11608,1.5279022225287064,6.494196038732776
11609,107.3068619412235,155.7427731114193
11610,0.5426149550310266,0.5414915641240644
11611,283.07558487538864,181.13149482123396
11612,201.89811027752478,97.73347093167561
11613,129.41124091243492,203.6467741063642
11614,13.401717611108337,5.1495459698018635
11615,107.54154161948755,54.6152083718894
11616,25.07283179871068,55.39204449580792
11617,18.93125910515631,8.510105831937727
11618,39.56945330671917,37.80366061011021
11619,39.16764664474566,205.58304158570462
11620,265.62485911425665,72.29124101511333
11621,49.12559791153831,187.31245852911042
11622,5.688936507790928,1.2955654530598024
11623,0.16360915372560592,0.4524268862821741
11624,58.57988951896942,35.751965887832284
11625,35.36959374555219,91.64365118126067
11626,6.835348183028582,5.314453360976016
11627,1.094090250730818,0.30665375786027593
11628,82.37460186326362,17.73817788163998
11629,19.533135200537533,2.478776544161254
11630,23.88178377821498,10.94786619673422
11631,57.02329110795156,13.894592824569143
11632,201.36297065028648,92.3975866884723
11633,23.731673203296747,6.571041378706605
11634,247.63600336026252,241.41067422584473
11635,17.36803417809804,13.065188154726636
11636,13.119134128359754,8.596576245320087
11637,14.113330804700674,3.57529648208285
11638,5.581507552423299,55.717074715211346
11639,67.25850342132927,46.23837550024275
11640,2.6988063057700726,1.7574237836681532
11641,16.632441883686536,3.9280173559074147
11642,1.1167051282507334,0.5553470463634186
11643,58.97578053232237,22.184021212067766
11644,0.11815768537275173,0.02281219138852497
11645,30.39330967585214,15.230524074564304
11646,2.400099996433569,0.26274566801890575
11647,16.802802539453797,26.048835605963117
11648,2.0055516553962,0.7204462223453607
11649,97.15509147147313,72.14218880304131
11650,10.601445721210695,3.726821667855575
11651,19.64524657480534,41.65532031989602
11652,28.92199734005283,18.264959286773085
11653,38.220379526221706,14.606539041247066
11654,13.846365300784111,26.30132938624094
11655,0.7467390750112619,2.628611974210526
11656,6.120986396131769,14.272093782621482
11657,10.992966318690737,35.47164507370362
11658,90.22475275474558,203.62299628329424
11659,24.368707498098246,12.233189634948289
11660,1.300036152654273,6.311985705649494
11661,1.6806881282793864,4.701179514071349
11662,6.79562154729407,16.50074453374703
11663,2.102410183225751,6.379204858016948
11664,36.3809355185959,25.849157105876458
11665,115.17596861772873,97.98317200517756
11666,40.01950353031671,17.703228545551735
11667,5.999983938141325,2.3455921471791172
11668,38.666206642312915,15.55646974366203
11669,52.58116065451921,81.74918533215802
11670,0.21523904692872975,0.056513123837624746
11671,19.056442718378104,55.60123332021787
11672,0.1471207965107708,0.697709790823845
11673,0.39636846277006677,1.7364424362025073
11674,7.581440547123931,13.249959546364117
11675,135.22383332676512,33.789680681481144
11676,0.5659438561508137,1.1404406118892036
11677,1.7114711692418347,0.570921810559614
11678,10.544270678808278,1.2937477063170928
11679,26.6169423548228,247.02885318090281
11680,2.4413234257732537,17.14049930391775
11681,185.9878723636722,335.64568837055816
11682,9.215914610189586,6.903690184997268
11683,7.664204236437552,5.320837689937471
11684,4.298116194174222,2.47524456713258
11685,27.758445435482916,135.66747979086955
11686,154.93491055223816,115.00129300176948
11687,46.39502938386139,35.520100825901416
11688,84.066724399276,265.70262673469426
11689,56.062846093814,19.632058923284163
11690,20.58416038795508,92.58139800429265
11691,29.44600332572749,5.629729777001048
11692,0.05550285120329446,0.16505831071096688
11693,22.588459375963183,141.41026610084248
11694,56.825944564336105,46.084545299799075
11695,2.981358478129536,7.92426931296846
11696,2.460295378541505,12.392912742802089
11697,28.341507305848292,27.608003138537214
11698,2.409067272807186,2.324056383103768
11699,53.061023067594476,62.7298895361876
11700,6.588489211909654,35.306491269406784
11701,93.64129244615103,86.20600409063172
11702,17.340253776832903,4.605433815625307
11703,5.560400961558914,51.68051067279612
11704,8.84464838672516,19.48230784273596
11705,17.730811405945687,37.55452801975853
11706,49.250628974658106,41.7065246112108
11707,7.774614403965052,24.50470726166287
11708,78.20311727308446,30.34553177100825
11709,2.2137282033244414,11.338814846072237
11710,17.454734801919642,69.47490233639007
11711,30.929941670787667,90.643588372726
11712,65.83869471604743,12.071247720066152
11713,8.361895061533763,35.76682867506759
11714,8.85896376015426,45.04055646155872
11715,12.64755062111241,34.27621914183511
11716,1.1822937620955964,1.4881638613361172
11717,6.2657634363631285,16.913426537658953
11718,0.3362257133966753,0.6043348801007333
11719,126.3478959795209,15.715105126818852
11720,24.41140802334442,43.61875234260666
11721,17.279172743922558,41.927018867313365
11722,77.12996279437925,391.9548515784428
11723,48.93573722309942,16.727785285352596
11724,8.823516877142113,2.7595267267590655
11725,87.7720169369262,203.44420296863967
11726,189.7646180188596,67.98141990434412
11727,11.272441502131073,6.95364331800604
11728,0.9244397831891891,2.9256955332214676
11729,136.9315735472841,107.14919895266732
11730,22.7676409882656,7.713979374315266
11731,8.999593750372933,9.308119284620657
11732,390.3585215897275,52.7256890249278
11733,2.940981194802896,0.6735991294799969
11734,75.76514472721655,50.94498299624968
11735,22.274269809662187,6.085059021811116
11736,4.2502303902266245,13.163640668712649
11737,15.224053145248536,63.08424320303821
11738,7.408476035002324,1.8006934894256634
11739,56.11648236808299,5.7700725962628745
11740,1.4360226180030122,10.607435363559626
11741,15.930140406854951,2.219477433754538
11742,18.378325996388927,37.80926012822155
11743,22.474192747253557,11.359713687118475
11744,14.653909129977572,48.26047097654095
11745,83.09607855699058,402.48008331247127
11746,107.33824822872617,17.480096277405487
11747,56.740476343803465,176.7286408793294
11748,180.94978151160834,27.128877419295147
11749,48.3609115214776,21.49565726975922
11750,34.71824877667647,25.417288494014556
11751,308.48512993024366,135.01484446162362
11752,10.140613054270533,33.40698934320619
11753,65.28583787541501,111.24930227399143
11754,66.99692965671721,147.71678035848413
11755,156.32079701417962,153.5236864641717
11756,67.64517738162907,93.03016842373232
11757,3.9189416602463947,6.113218799894133
11758,11.04376595415232,24.961183541283425
11759,3.890703331767101,13.175720722914049
11760,94.46869920815246,71.27518414652769
11761,122.15926863916081,40.16880125417681
11762,41.888692061056815,24.37381155924853
11763,296.05200639800603,234.0474924375631
11764,22.999546130797345,3.4375926714660126
11765,57.991302410642426,239.73018691293416
11766,8.769465937442344,3.026351574341849
11767,91.75233091194325,100.23667037899922
11768,0.5251482303761243,1.1564566829262315
11769,9.714987017198473,27.55056003024577
11770,62.839400682174336,203.55573796676714
11771,52.18746898274292,35.28213543927411
11772,72.39610967589964,428.36823083346417
11773,74.1445797233236,31.0280323368686
11774,0.4886119187121576,3.000884188654367
11775,31.282022869603217,52.00972205887828
11776,81.97063525190849,238.9284318498901
11777,97.36035052041777,338.36433726137295
11778,1.37331739304367,1.2733999683011217
11779,3.451125459193409,26.821684041798974
11780,41.352800709098595,29.339345364263053
11781,33.59887759747274,116.10129385279774
11782,14.50361243549256,60.796202689126154
11783,16.399550388870423,55.868220468431396
11784,239.8047168450037,150.24525984346937
11785,38.58210787809744,232.41196318854225
11786,13.046091854893856,20.98558044932492
11787,100.06280437522214,17.52191478662321
11788,22.455884460106194,18.153761728275132
11789,10.110391959385582,5.522894795903493
11790,61.61924144618995,56.762725184923596
11791,36.360245859453045,29.866933663547584
11792,20.485994777583322,124.10623585752842
11793,151.537766847027,170.4616984111592
11794,0.7238340719778169,1.4318013236140206
11795,101.15500896385981,12.03170234830394
11796,0.6333702026599526,5.736377791073806
11797,40.65920708991975,22.952186609471752
11798,48.10001482162645,228.44968864787643
11799,29.56050815005571,17.380881906932593
11800,141.7011029391342,71.52571979815369
11801,8.10117420166944,3.3696789311943713
11802,81.9778380168161,120.31019799805968
11803,121.05959967256447,116.63441850937888
11804,0.6168897181454982,0.21042345009465402
11805,77.87187565742789,116.34283931330742
11806,3.9975837801036755,1.9103118794226597
11807,40.67643214613921,14.011896836093417
11808,0.04514505563152249,0.053485014608114834
11809,17.064252856364668,13.796889429376094
11810,5.694506561628115,17.09417893795698
11811,49.86362071954889,21.40928693910493
11812,310.605815430458,81.66128774880943
11813,55.17674252571088,7.963615978804755
11814,34.36760154863118,165.14974215703523
11815,148.07741111413173,23.554952384211518
11816,50.6418283777418,184.18194149728407
11817,66.1380459920592,10.91728285074681
11818,106.78448436076087,189.4643123967935
11819,18.28964720315019,20.424011087479084
11820,0.15457962546359982,0.39955073758844106
11821,107.4093565964552,11.95924778702703
11822,15.386293181491034,32.41719958283028
11823,15.668252833523116,16.214733889111677
11824,39.994427175739595,94.26851535552814
11825,55.23175081759546,262.79267406655543
11826,7.611376887929579,35.08217780638044
11827,0.10504385472820199,0.3563048394038777
11828,0.3145578870307688,0.691730863934261
11829,3.8730913415631862,7.921103788259016
11830,0.98163776425917,2.19755449711764
11831,11.081866058907753,33.450848428749495
11832,262.05877148448326,48.9289379000395
11833,114.19815454593777,202.06255223347594
11834,11.70729265935799,32.808658461754064
11835,1.0433607236542886,6.049746915637015
11836,3.103063072822007,0.4703947373280972
11837,51.06487490447628,156.8172842126018
11838,5.708150103661961,5.923316475889218
11839,73.15051314756215,8.212168256698945
11840,25.638858584367572,19.041864058604713
11841,5.223465489409687,11.142341096150693
11842,6.585061332576488,18.783048168506866
11843,1.0588066170513752,3.2745979360002484
11844,7.068475332911653,33.009126040053324
11845,73.25385145224057,35.67459482956679
11846,7.516501087379229,22.088316050398305
11847,8.497363455697984,3.6139881860583447
11848,19.773629500988815,88.62773982460202
11849,42.45689721061828,9.973337981384747
11850,72.98956896655999,110.65249114669481
11851,53.73363883366534,257.2322186469367
11852,85.1503553248059,33.47439223854526
11853,16.203657158269994,41.59149798100365
11854,49.396145395077625,154.6194628403884
11855,1.9866472641189634,8.474586607441466
11856,60.88336170246009,65.04451654752732
11857,55.67135489570227,18.748434249996393
11858,36.551627080588,44.428818912067506
11859,18.680339319336113,10.186961253261083
11860,0.8719327659143594,2.1089586308175976
11861,8.946365636982867,18.1861780987055
11862,2.857526988849262,10.035632454595827
11863,35.91681888622087,10.79711896250153
11864,0.7741875143206294,5.845430109058909
11865,175.6705190230851,41.32415672832808
11866,48.06125348710305,36.98082093898895
11867,22.465979585170572,9.800430125916403
11868,1.6084453736986095,2.89745578094471
11869,8.07555068841662,1.0226809528734473
11870,3.2445718463018443,1.3194252128620299
11871,4.94451369638165,4.864152630263201
11872,14.293875153968559,23.731466999452184
11873,21.7644165594844,23.89282792976723
11874,8.600900178392342,5.562824399575455
11875,165.30182711819873,41.67912396482288
11876,2.3235295636855864,1.7911079634675733
11877,4.929645925925599,15.293895905944815
11878,1.1682037583008245,2.9490669688509277
11879,20.425698157412896,38.022986877339385
11880,77.82489318477403,169.349238023828
11881,43.55086901953151,47.00111579800914
11882,2.1551328773162117,3.318761503699138
11883,14.216511750430112,29.289852301978957
11884,81.01066678931807,12.981910311113205
11885,41.82198004575585,184.07513264464197
11886,5.19859134749244,8.22607367789194
11887,59.87293967378826,93.77097923777377
11888,9.889665306078097,9.03581110948991
11889,25.219576121640202,35.54184259691716
11890,0.3786765437318822,0.29196261239604615
11891,42.83392551323669,7.56036914487234
11892,101.56805945955192,187.63910255983487
11893,35.43932655693527,61.878816693114054
11894,138.5535511173334,116.76371845154247
11895,23.903429577635954,19.80025437775695
11896,224.9847335971849,24.915706828869197
11897,4.946012409345764,40.4373341266943
11898,1.713479377217221,15.933082048399417
11899,3.4270890248110786,7.6190462386837785
11900,1.888092999066757,0.991980881002603
11901,1.2076853833317023,0.39473744808681455
11902,23.286776223698112,84.71364624144708
11903,24.151553780626895,33.72215807291087
11904,266.27609908710053,165.50302607131647
11905,46.72348585223658,33.0551151410993
11906,61.988808249268736,238.1697853901422
11907,115.51018982127461,54.20516246262907
11908,7.241740904325779,12.95530924767799
11909,12.72303741817935,30.496458466035158
11910,79.55615709348633,63.58773842730536
11911,189.87518124403658,55.432086226903174
11912,186.3732681823691,105.14299938174307
11913,4.112009925116923,0.43643078308238636
11914,2.329166494069484,2.4100754395750617
11915,48.91786526831011,368.7719453997395
11916,278.21610660349904,209.19787109328735
11917,132.2607366473748,156.22992593258675
11918,81.3377684512908,238.36949643896867
11919,5.266643472543565,12.400861491954533
11920,100.7242531182466,191.11941343241978
11921,102.43219537919538,81.26759120762924
11922,66.53669571075974,213.67019620870553
11923,156.2034385786619,164.98695077427115
11924,14.58758554857697,5.029908049526634
11925,21.221630171658774,35.62356806488666
11926,40.20618925882283,21.504248977928842
11927,47.651739119822885,14.898266738651374
11928,51.56221010082348,30.85246021468151
11929,93.56884259579519,49.766467762571516
11930,127.43010945988763,54.53405319137265
11931,140.86664409757935,80.90870034620269
11932,15.331257272067822,33.85231353867589
11933,3.0159296437292267,1.0966888467934275
11934,17.568180789175333,10.065645678365973
11935,128.26233599317845,146.07901493682954
11936,186.90018340793978,83.14907234050477
11937,28.767854346455103,19.524357120958594
11938,17.417275871897704,124.1457402915239
11939,131.6659108357833,64.01468214641974
11940,11.565498185746463,22.86214002446771
11941,117.613694436602,52.32075797275841
11942,0.6507909798695493,1.707758658754968
11943,2.964417916244499,14.91975706199468
11944,3.9742132398050307,2.5835700711635323
11945,73.5166034852289,70.34998604325764
11946,2.4918725268989217,3.2565694915697643
11947,6.943647835526075,64.72647628631873
11948,2.8141779939590874,1.9160599821163484
11949,27.13996082808314,30.689010395674234
11950,3.9492465275948927,17.37547507615937
11951,11.48071011859112,14.294654980329039
11952,11.178456949823856,25.510314801137724
11953,6.934469818407773,13.773630794038652
11954,0.8421849174962674,2.8285499013879205
11955,7.643895026224507,28.605242266668867
11956,83.04204227066234,36.88190088829352
11957,11.053352472680727,11.798104692887419
11958,6.1199679285780935,20.561692527286446
11959,13.718562528475672,54.7658260425959
11960,31.08609860983242,18.229875543794797
11961,3.0182385028991723,15.570514582893347
11962,0.3872694833391759,1.6790316392463458
11963,24.091886193363393,3.748384000143946
11964,155.71229267411536,36.6122311958423
11965,108.74352764929746,78.58860522198285
11966,2.079804686012052,1.9019948998209069
11967,139.14085412317976,41.47205339707424
11968,38.22056736485118,80.9426683561353
11969,34.9352057773405,101.31924459623515
11970,0.889800425212431,0.29933730117409285
11971,100.98151413465742,21.541137110493644
11972,41.36003534211593,19.604696212303526
11973,17.31682398780453,51.764392827174575
11974,12.488809618377424,54.854234556596914
11975,50.120408824963064,75.44341398459953
11976,7.3984045564224825,2.1123906376633137
11977,0.5934426738774499,1.3654102268606256
11978,66.89786520305204,22.902002209616015
11979,42.7684273901434,80.97958160580254
11980,35.22129633656047,138.6911513801519
11981,39.70766467322184,55.28933731703697
11982,4.039805757175717,3.4326173685524726
11983,0.34972318351278986,1.3292191318949647
11984,5.926287488323121,48.239656922519806
11985,42.05342417842688,194.67600256335817
11986,42.34713289323119,28.247006654583053
11987,5.741967882817562,3.557852934596207
11988,181.28567278427965,170.28643327164505
11989,5.195643641138971,4.979506595737765
11990,54.87228206328484,24.645899932642806
11991,3.303855391245011,0.862674388109661
11992,13.980982797682264,16.7253828625464
11993,5.5293571997884134,5.887826241965671
11994,112.55143747809964,77.13585429012295
11995,21.769760959935056,46.04000392180524
11996,0.7716282184223651,2.5647603270587114
11997,56.607935078839866,32.13978210106144
11998,56.966517067147485,66.23406404298836
11999,9.978676697908815,49.25192019128014
12000,369.40665909316385,90.51406766290107
12001,5.398213265029353,13.289261827034485
12002,1.0430177557777165,1.0537891787505225
12003,31.587206002192826,12.409563934761707
12004,12.197259120496327,3.2253955740421274
12005,152.83584118895396,44.707473923469024
12006,30.42114979510765,10.643294350987826
12007,106.30435356673266,315.73619150616787
12008,159.59772595004733,323.27207269284503
12009,4.192634172433952,5.857530556074769
12010,48.81418073997736,102.67555974535622
12011,11.167304868516489,20.017535416079255
12012,0.30897639948471833,2.6227527571736715
12013,8.988335711647577,2.214247585806862
12014,92.749395635799,34.16949707664513
12015,95.5289238859084,17.753508130814488
12016,31.068154407959845,110.52118508567682
12017,13.744547284914997,108.42967496298337
12018,41.71914460994201,23.573962296707712
12019,32.64388849594755,13.900664827941789
12020,11.504447612639183,22.007172807107345
12021,3.4753459184983764,1.5001498538471045
12022,0.6630099835240568,0.3688100654202645
12023,4.405520506816398,11.19082822369642
12024,1.6072331400054454,2.7987950601376106
12025,464.7104732228605,75.99265132207324
12026,0.5534221971585318,0.22044415052607558
12027,9.031008145459275,55.44784955213678
12028,59.848513048407504,61.63337869361984
12029,113.078544240604,161.2960333783564
12030,395.6130848009388,92.27261915901305
12031,0.38064757695984897,0.6382613220322838
12032,0.07017604303516234,0.1628228796182528
12033,28.657484805925503,18.579693798893086
12034,26.683030209961107,187.55701931299654
12035,27.281876069449304,25.29549519621544
12036,1.8214877373954856,2.332768168308589
12037,2.3307281151097596,1.3083353540721534
12038,3.6512928832960228,24.039111621948763
12039,12.499658616294525,34.600668687151455
12040,53.72580164689703,78.82597782793917
12041,26.455420966016383,62.381529748080915
12042,14.353432813311573,4.220506294838458
12043,42.42815183692345,15.29183017554338
12044,291.1987657692141,132.379456885731
12045,30.93571629340581,39.76968482912525
12046,104.26259705517248,182.15194965371595
12047,2.4139506743327948,23.496864021075968
12048,12.260875978724311,50.59549325853672
12049,35.823456295056786,88.83287308068587
12050,0.33850620158752887,0.5934109269268226
12051,1.5663479268377671,1.6091545280746629
12052,16.837422136419306,4.161475794392859
12053,251.80869989866864,87.441071660942
12054,34.21535947578836,47.939016504949535
12055,22.97705810877722,81.97913996880987
12056,137.99619363117765,59.35619842013121
12057,48.26072962386384,9.848859136207993
12058,124.49885459543681,29.630520704529903
12059,14.213062980937734,11.033697440749862
12060,8.073125062675803,30.25119125957897
12061,301.0413491097097,319.1078800908109
12062,14.764546120080016,10.730073764584017
12063,5.4150482936573106,4.901719440314666
12064,32.96776321593689,91.20765361045322
12065,23.359946610357902,30.701354306720162
12066,31.015535146263673,21.33326704625419
12067,9.17391419735912,3.5020501850500434
12068,1.6063200469338093,0.9003054122973543
12069,1.0978553812881735,0.2903465672974611
12070,35.80333389720238,9.879972217995913
12071,19.239695715013085,5.988167773973893
12072,7.842960215903712,28.913660459052966
12073,306.08821153177894,117.09535109096021
12074,38.693677524804805,27.441048253726894
12075,3.69277381250083,2.3959651396920028
12076,3.6115194896596523,11.96082376661334
12077,1.8323362947527906,1.2632405226470147
12078,141.67339646697218,265.91936296906476
12079,390.0053598684707,77.52005655538363
12080,326.16676209796833,142.46466999388787
12081,234.7747492676222,68.26936167955982
12082,379.80098751211045,134.09769342211888
12083,186.2031276360914,362.25579821972303
12084,39.5163920720898,100.60852989737621
12085,22.42502057664113,78.73407654920682
12086,0.10632098047888561,4.140697330347351
12087,26.021273173047696,47.528802640060746
12088,15.770618981424455,67.55230004667169
12089,2.056113837024375,2.7757501494257424
12090,41.26052458315983,11.291624123899757
12091,22.49109971905254,87.74815383376918
12092,7.515036955899491,61.59881921192089
12093,35.454764758384805,55.14828974511036
12094,219.47173932535495,43.17796636530725
12095,30.011216240872216,33.1162771703552
12096,54.50287426935183,437.6472006950504
12097,14.684521769214008,17.48852394383097
12098,30.794856996310525,85.04515779403349
12099,9.771697924172779,12.32771373874503
12100,86.56398360507065,18.8300646130312
12101,414.5314955425173,104.26317508553325
12102,91.4399748957346,99.64127652321045
12103,0.20590245907873306,0.5442049842666513
12104,20.28343949499102,165.58815055794196
12105,134.94493917137711,77.4773063829774
12106,7.627679163139318,19.035482313709984
12107,79.46993667836487,123.37657403248753
12108,3.9650370511921103,4.848417148480058
12109,137.04100623171703,87.42906610000679
12110,27.461265501145146,82.85596668297086
12111,15.94090564169424,13.111621716749958
12112,28.74317451246773,87.67606319796327
12113,106.46032976283779,186.731517594583
12114,14.735899407247391,33.50014459219564
12115,196.583257933649,220.4027580992563
12116,4.385439274570103,21.81900322343022
12117,0.6074633722182774,2.220667293170974
12118,46.12660930446801,199.35767045480537
12119,2.9095739314110105,7.212736730948569
12120,49.925121421401,89.1238115474678
12121,182.3747745507667,24.336034915765033
12122,23.122161074271578,11.331277661396742
12123,69.53704727522765,97.24184842591046
12124,235.62032194718444,328.0136969800949
12125,14.733837609874662,107.32708011059813
12126,37.080670383403536,146.4554565994831
12127,14.922434127730437,84.12733627351017
12128,53.28166023433811,28.844543758622887
12129,16.655550187610388,77.4651233774683
12130,72.28140579178708,39.974576616722345
12131,4.92915181302499,15.57824822539104
12132,45.13232458742888,58.806652635627174
12133,0.3655705099378834,1.9935676952427959
12134,82.67282062895049,38.93130469188635
12135,21.520333700956215,13.802676505301683
12136,45.325043650323856,8.453622534197866
12137,44.50041485707115,22.50311891919282
12138,28.306659488311848,47.540970641098276
12139,25.77183868148077,7.218359426546718
12140,1.2339359736615128,3.201208062909699
12141,136.76491148004865,49.36156501636465
12142,93.15790257355543,23.967312634977837
12143,86.57722646845312,22.729107761735975
12144,67.10235376694403,56.19155726788047
12145,130.51214502862746,80.20943344055141
12146,4.91653986041845,21.01885468588974
12147,31.808474496928284,37.28754270700832
12148,14.79087311307964,81.77905331192274
12149,0.7436786209728221,3.5396804349818076
12150,129.70651928617553,100.89656263617309
12151,2.228812866553072,7.64110575204963
12152,30.49749319841295,11.252026370106531
12153,5.714172503159815,11.640358953823128
12154,16.01107917239611,36.059460261234705
12155,40.5016791053037,90.32999939764673
12156,117.56095937679504,33.0137603402304
12157,0.46348282404879826,1.0579545429745072
12158,59.59983201451087,41.433223464078544
12159,3.6936418677261784,3.616885896102371
12160,112.55904883227642,60.59265673580474
12161,12.930247492295885,16.823141495156463
12162,18.779198670463558,86.19557268028643
12163,1.6125264086896842,1.4066809135046183
12164,2.0136940207647296,0.321371118562473
12165,24.52254043656214,38.524855857348975
12166,116.28112996320124,46.013517944469015
12167,242.32658329447895,270.70425916060276
12168,29.12213246981972,160.87986645564183
12169,8.447140072624881,13.298714467173722
12170,2.935012606121359,0.9913122362406322
12171,32.61031376111781,23.007029798953038
12172,8.648686338907025,7.691730873831834
12173,36.8555024128135,27.112065947816696
12174,60.712995587339336,22.763159917163108
12175,42.466984405937254,37.94537056943327
12176,183.68714067694071,91.78758474396608
12177,106.79340206856858,195.52243731447652
12178,238.14904557568283,43.04363024795675
12179,63.76401923979787,90.24925999256047
12180,10.137497235636491,43.482047741675856
12181,191.21284625796432,229.0224363263611
12182,30.74042912859357,25.892576910309554
12183,5.433199655086041,0.7794924015078593
12184,91.2112884894043,18.1220416986805
12185,48.70422443229376,117.61657225221744
12186,2.175796455505507,3.7809281825222945
12187,0.5520928493146868,3.2280301066984514
12188,72.27823388066057,8.826047568467866
12189,59.37873197713966,99.17816909332173
12190,227.06375822466333,89.00815253218018
12191,86.57852472876732,87.26902496962202
12192,169.39806272531857,25.16155869945377
12193,0.43540221665050405,3.1634239807664275
12194,1.642842262650759,5.828984113132698
12195,7.0667371943133155,28.231415964225544
12196,7.04811817009549,6.516843081226857
12197,160.85492970414845,25.18014915610155
12198,0.5490640677681984,1.5428933537040073
12199,61.97656634603272,59.35343863556641
12200,33.34690159155069,73.11767450884226
12201,29.988245879283106,9.852703051982138
12202,0.8677066958373696,1.7307496815478745
12203,16.107793992869382,48.486103619691974
12204,3.5243728063800863,16.111255419906854
12205,0.3303815924687501,0.22008933099975558
12206,5.103479900780077,11.565553515083351
12207,157.7358074735243,51.83265374065297
12208,28.434894307975902,59.63425434477389
12209,65.81583617611648,9.276805602549691
12210,146.48992084328856,216.86036041037528
12211,8.543882422677129,48.50418783700523
12212,54.71509194162073,111.83732369840796
12213,7.48411870164185,2.2188913036118967
12214,0.1763221598813247,0.11228294040036324
12215,73.07787969937996,43.14202665392559
12216,294.4074181843232,104.4696416581751
12217,26.838535621409555,90.91422246522892
12218,4.195610560436177,13.567244914537659
12219,455.42978394144023,62.462353384117726
12220,98.62471889817164,158.78054527514058
12221,293.1641084937073,161.92131195012865
12222,3.8654058890801286,9.740160022015534
12223,130.79000706606158,20.429956420310898
12224,3.42868833758118,2.6519592465041955
12225,9.66332923800665,11.589308765070419
12226,259.34668479741777,262.04851820607297
12227,76.17841324441962,325.66568836143296
12228,0.022330046725660413,0.07111940272287354
12229,15.958757445034369,101.12736844054808
12230,16.129579898211347,13.143193642880298
12231,77.34900120104479,57.32233491599601
12232,64.20688898886208,247.7544526650204
12233,390.04920950348844,92.2121163453572
12234,12.450775840453637,112.863285262353
12235,1.4443045574409783,0.6408727896892995
12236,56.15891855563274,53.00418598420797
12237,215.41481173948867,79.30953509480014
12238,2.8466149766126976,2.4769340995875493
12239,32.69221169204671,5.199219968076516
12240,133.0251450754286,223.04023455184392
12241,10.60273325900338,22.70827716386008
12242,6.41086351078299,0.7242212685125125
12243,112.7357637998166,78.72381707339025
12244,85.91298581164762,158.98000735023226
12245,19.864353565222075,26.60404161229642
12246,1.1768787714626605,4.30411639293997
12247,0.22295110480663172,0.33266105347475694
12248,11.56861751036672,10.637842595418608
12249,77.45010710682752,31.823152918169136
12250,1.0336866040802404,4.309153560938217
12251,9.808762053454315,2.115659709533877
12252,86.69088288810799,166.27575674945177
12253,4.011172212245438,6.304602167481847
12254,62.974027956452396,232.48313983286343
12255,14.692549164790254,116.04149279874511
12256,38.45129667769138,58.071030454016736
12257,7.087411874775167,20.011265628686704
12258,2.1143993553280875,7.816520836344993
12259,18.656423325062985,14.28766243220523
12260,81.27232022985048,118.13844125495287
12261,6.747604812484717,8.525343095229056
12262,25.176557146669634,8.115870046488999
12263,269.8961776794829,90.16062883009475
12264,86.99361840953483,227.21104604877053
12265,257.5518013400259,315.28233575668
12266,57.86012127342351,17.621851655159812
12267,37.18043353053185,109.71754285260056
12268,16.19097020757081,2.4624054925237635
12269,164.0422169260312,23.392404039212096
12270,58.60597254873174,38.8117262405718
12271,15.459634256957258,7.760650292194981
12272,1.1455064565578015,1.5771932597690677
12273,42.961029098653576,15.031646300509138
12274,15.99880283482348,60.05775015492854
12275,53.40761008287858,11.507982216132145
12276,9.207419433582668,16.90091869853919
12277,111.89814123200075,103.66270652153777
12278,89.76015490673878,65.4903016709273
12279,57.27137157523171,16.327589037116233
12280,28.143242585599143,12.368019503589105
12281,8.068737740399479,19.674475348240698
12282,86.13169969445497,111.96772347536508
12283,27.27763011132798,73.39567969880123
12284,0.3618636171889813,1.2288163809440578
12285,0.899152670188788,3.8267614964339995
12286,87.45217945832113,255.0556410989356
12287,39.64516706823919,40.54507425637033
12288,19.68512651841144,20.885879735638035
12289,1.9729783911962995,0.4529100980955644
12290,68.14325641765835,23.257998629077356
12291,11.625506515234319,13.869080140083387
12292,8.987351051014704,2.8006681057447924
12293,43.051207930967834,88.92721924051568
12294,68.93161232469572,26.70291250863892
12295,157.653929646633,266.1083931541551
12296,5.486875261138281,2.2711252122898493
12297,29.53615734787196,174.85158125499572
12298,242.57298014062144,213.2222295021851
12299,6.377773976908541,16.70195029889007
12300,11.083732430848952,13.884345871977743
12301,10.768854966469855,6.454133695324713
12302,42.001422016978395,212.6935830804436
12303,64.88335985454687,51.412789849482024
12304,89.1667262113816,38.80838222170332
12305,3.9702395193754447,22.05148343859021
12306,66.0707541457637,179.3477707938818
12307,0.3215005141702063,0.3700118437220653
12308,150.21238993941063,129.11918365453397
12309,13.366353239805406,3.3898708506093316
12310,35.02696503667828,214.1711169997207
12311,9.941312673669731,2.792446707608787
12312,9.37155419196731,28.005571496229322
12313,58.737125669902575,10.104150009317475
12314,80.97785767426308,99.54101121259595
12315,103.92678088097402,148.12923088792206
12316,1.6816979218588484,12.146008711448168
12317,46.161933431296475,167.29436524286535
12318,10.760468798156554,6.611408447664974
12319,53.46194688790639,11.772303118940407
12320,85.74689142527792,114.19082420452905
12321,101.00145767045456,92.7834822014441
12322,32.4551091250017,16.730704926103975
12323,7.738098322613805,3.6546122178717426
12324,6.67448615857401,0.9837330865572737
12325,27.266093257568727,93.6412214127249
12326,12.469488578388082,25.93676188908822
12327,0.5593278652550582,2.4768034530651883
12328,89.41216291389415,227.6019856018213
12329,48.68721013237799,129.65694518105707
12330,252.60699767822655,163.35598715896782
12331,140.73893326986104,31.819138286048897
12332,0.5578200844091128,3.0234689650385143
12333,66.84745887387902,14.196753129050165
12334,11.00118211617992,84.26469661060845
12335,15.375196230457952,54.35805238802766
12336,162.9179695463333,96.69823542451692
12337,8.667555415520017,15.483581485007958
12338,1.979760346030177,2.948725729701575
12339,0.49887313935947586,2.1169084133461746
12340,9.153514081748641,49.57093865209879
12341,13.289037920608594,24.15023682536987
12342,57.033700861752344,333.2286082451995
12343,26.389907374088118,55.429230892452026
12344,150.6861855627549,142.510356239812
12345,11.89022383438017,6.191996200154563
12346,0.7097916851810604,3.4844188411375314
12347,12.38187014860698,6.733461824349868
12348,147.36297831265148,32.54986516734981
12349,5.090773575872616,9.366528446815524
12350,28.2278117372923,4.689756548700671
12351,27.003987022180365,26.750804248684148
12352,98.81771457039986,107.28508960935028
12353,21.972299264357503,23.84576133845663
12354,10.185703117832594,63.058074729631954
12355,101.64503251882066,39.93591323385277
12356,73.76687654840624,176.68269538454507
12357,1.9272367661177703,6.315647566796432
12358,39.48491428867128,39.965345277166435
12359,74.31784498744028,120.98193559175058
12360,289.92076288751707,46.82756613600169
12361,23.21999447249002,8.941375946139372
12362,60.79500014071854,31.580585198756893
12363,8.499836312393555,2.4871663414513616
12364,78.47592059698891,47.76770792199308
12365,180.6959859180462,200.22952745795885
12366,10.986210248852359,6.397530945588036
12367,43.01957139302243,5.048057113176503
12368,138.24119728940974,66.74634543402912
12369,116.15155399731425,239.09114103219804
12370,7.231025729277448,10.405625815504173
12371,78.99609742780719,339.8698512560644
12372,41.22263049403229,40.7062891042481
12373,141.39279325800229,39.170849996540845
12374,31.854351775335157,16.645788640750528
12375,6.82604355298781,34.2718608533938
12376,2.3942262977498947,10.822516680093004
12377,50.87088722409586,175.71917095634765
12378,57.76169460727239,70.74280893129713
12379,13.707676418482988,2.40397173107534
12380,3.7022864494048164,15.92926830307591
12381,142.64063431996544,175.06669070517472
12382,10.914183647055772,11.8377657118827
12383,135.31730927951293,37.61272887847629
12384,138.14994996821622,28.14884562155207
12385,88.5221839744309,83.42619655699531
12386,48.54283108189895,116.64425573691686
12387,1.3448711335315249,0.7757516397950056
12388,10.809256596189584,12.871259429685121
12389,10.429898721023218,42.3273320726567
12390,1.3816229722109723,1.0196813980480326
12391,11.944348155159132,65.58662872409909
12392,8.206891010257047,10.327111604346381
12393,38.64632422189395,62.84775810075873
12394,63.07434976319106,8.98857031514002
12395,12.79203215113466,16.92293690452523
12396,3.757536555428393,6.4962038731739415
12397,31.4065470068515,41.29626038626853
12398,13.227105441069687,21.355548200014592
12399,228.34423816199416,61.65543607000011
12400,82.34595627737319,22.415571605167752
12401,12.535581937630923,4.329077106796276
12402,8.856033732369497,3.5669441910019257
12403,90.40768237559733,274.6325082336502
12404,19.875783081217005,8.143130971458325
12405,321.90790711848865,101.52193187757776
12406,6.3225769625753685,4.85013903209251
12407,195.70770260683494,37.78733364295251
12408,30.127033254066973,93.84564058854127
12409,84.7858606467919,198.15365516434548
12410,52.44498891664013,34.49582897384306
12411,8.223073902828961,20.51562007879802
12412,3.188650404601959,4.652880918085015
12413,130.24995628180136,107.12406031225656
12414,3.2207607347157117,6.885952164010167
12415,1.6175762909282845,0.8389109862931299
12416,6.457415974953799,24.60247614614041
12417,3.5647882918466696,1.4311063420414225
12418,75.44363851232573,33.836946682499665
12419,4.45210658480124,2.9192437568717318
12420,23.64642209040147,23.819604963676483
12421,38.04196980184918,57.26384941187467
12422,0.7239211730177793,0.61507939083243
12423,11.018238046831554,83.3368036028131
12424,64.0834091269198,226.64973017121724
12425,27.374786145197056,28.695980863830307
12426,11.950757007584016,3.4324232323326473
12427,171.4875014435902,47.881491092044115
12428,0.4993682935407744,0.35264779884953
12429,2.0183750699180187,1.5741356837503768
12430,4.057069883694188,7.791190803368843
12431,81.66134898040573,52.075470799915266
12432,51.9763351114687,14.980872109623732
12433,7.383766710532908,51.67430713904135
12434,47.84102920386911,17.926739384314082
12435,244.05320589802074,45.98401784148819
12436,0.5895341187065701,0.3437152187980457
12437,22.614371402477673,5.600667420433588
12438,2.783394389115436,0.6370579373798515
12439,1.1051807576774881,0.8862941730732768
12440,1.5485127077546728,3.384193498314782
12441,5.008345647827707,2.743028473717374
12442,0.44480451394884324,0.9540270784635612
12443,10.405393954964975,44.31179877985946
12444,115.95384261225985,106.86771571607821
12445,0.2645683639028298,1.1251782775461998
12446,5.473486349649195,2.6016669552019502
12447,159.5879381247646,52.31698466777622
12448,132.018074880918,65.9319985141788
12449,122.90615954971997,87.337103955037
12450,16.787298261613543,4.855700440854811
12451,2.0658327990865644,1.1292896881092727
12452,3.968990807191587,0.4738384176213475
12453,122.76651814758776,185.60709442144608
12454,97.43827464672998,380.2484000658068
12455,187.371193332193,88.78972493374351
12456,274.36451241994143,151.6986854911422
12457,13.074100562854614,16.923474745126597
12458,21.835856282402595,58.547210012402296
12459,6.0906430714426785,3.3011960335937216
12460,147.0080541100566,48.58844177449401
12461,7.748009444564857,24.797275116755237
12462,9.591209834313624,1.210944182960589
12463,12.427852816517337,28.491239549634155
12464,5.359333701663772,1.7908631332816378
12465,20.798554062339985,13.074552224424822
12466,12.859935014438214,40.99314612309673
12467,8.928692660825977,3.8409189338821434
12468,8.664988338213579,10.18944815096144
12469,81.19159436334542,162.51831657344175
12470,114.04781220574014,102.32096896843167
12471,148.4943172393494,17.4055592618362
12472,13.194680787118479,10.189726604242809
12473,4.629161183081049,34.94614667240722
12474,14.38749218270186,16.21609695166446
12475,2.338095384534055,1.2140155175725824
12476,47.018856061827606,9.809415446307764
12477,20.804210674377316,5.948672790951813
12478,81.82113568818663,34.09819104424219
12479,128.37738825496012,122.00763289226691
12480,40.57272759307163,36.21835671211046
12481,1.2756303110103808,0.7993086138676462
12482,12.290554892066018,76.92678378878674
12483,8.706783953603503,77.99211646248779
12484,89.22930277151096,35.81720102004474
12485,31.539540482283552,44.86157603656549
12486,36.35497194011567,3.892195395475322
12487,7.062083626283721,48.378657894728114
12488,1.661968094462207,1.1117890472727003
12489,4.310026012615803,18.098355924505068
12490,90.18288384981074,12.233163808709802
12491,126.37983683135946,35.92890965120132
12492,5.200717938265505,6.8918872814776995
12493,17.840786624483165,8.78850384336877
12494,4.068183777097406,8.068632939793867
12495,62.5643211612909,49.70810775561505
12496,90.03338596857519,48.71132700614755
12497,35.86270952079017,83.32382199029226
12498,4.348579698237095,19.46998571484585
12499,0.32281723642383087,2.002076104563267
12500,8.62245228068942,10.586327235108776
12501,45.05517544196426,24.79139256101229
12502,29.55695432143447,106.64394088782032
12503,35.87652448729335,44.16064277176691
12504,49.71914327574076,80.19313449039022
12505,62.0796422749355,82.23878894163609
12506,51.56732973122497,148.37227724418995
12507,3.543844422395641,2.9741154314523772
12508,65.92412287828706,8.17372940103315
12509,0.6868640847237206,0.0767377404346139
12510,0.9339025221249027,1.426235916945667
12511,0.7486418721288053,0.8274229129783301
12512,8.482722936648969,14.806822957489096
12513,211.8481198101784,262.3813726133134
12514,32.258740731394106,99.78320252505203
12515,80.32666286544477,12.000885434157937
12516,50.92606662806572,114.03830675473901
12517,40.09034213744285,20.972146358786024
12518,1.4171110830749427,11.064526089129327
12519,24.66828941566702,17.47357090532256
12520,49.032571555618986,145.57685656528054
12521,25.57498356232636,3.227282739324135
12522,47.57529284469256,140.7098047278513
12523,48.60906678041411,307.01205889939695
12524,0.33361650387404373,3.253216771150916
12525,12.619822554110913,69.69658439999696
12526,14.415258253851388,13.262491444784061
12527,5.6136508949836195,7.0519509495328325
12528,15.065530367286009,38.98307351200053
12529,4.9523270610992665,33.62306183763069
12530,10.022980091797987,10.2696636361852
12531,19.648843359905896,20.755006532867515
12532,50.974110919524996,45.81132348850719
12533,33.0315681680454,12.565842361554521
12534,4.753618795949612,5.53868290157725
12535,12.294556279310513,4.133420238592337
12536,33.22746584717667,29.40336978347858
12537,3.219188747226635,11.663632622259675
12538,12.42581930842128,14.132059840376233
12539,126.90888153077672,23.055195823762226
12540,47.71205676178097,49.265581320316926
12541,56.816322959665825,7.465997885250722
12542,38.44130786127868,46.192972944985826
12543,74.02523197685949,15.63592155098504
12544,59.359432189032574,60.582896660287545
12545,34.76031657805252,5.315480640688973
12546,268.58875055777776,218.21689642204672
12547,15.672853567227348,1.9479510413316623
12548,0.5960994857411379,1.2566071478670349
12549,40.43722437783748,39.79100533398118
12550,24.996308432959566,30.86175538657365
12551,22.31279811344812,50.193626223086454
12552,0.8899725782647321,0.6889557255099316
12553,1.357105389016129,6.433848377235937
12554,20.809278169071007,15.524309964664727
12555,0.0,0.0
12556,30.787763427398684,47.554922327162075
12557,44.907464739362915,27.339533342743362
12558,19.803868715979167,122.51412744364814
12559,15.633506708204198,6.1826233531785935
12560,20.629086127863882,6.5173811626096905
12561,7.041181563176957,6.567030731527082
12562,8.305731531642842,14.6584020606001
12563,145.32647676433814,72.38862964214374
12564,25.23596927034484,161.75067100832757
12565,17.558512069231906,5.143885830752608
12566,19.10122847498265,90.95755946113232
12567,101.0387147829515,24.699934034951514
12568,44.53991025181139,9.005979793395541
12569,31.315817485186862,73.89138786828374
12570,29.421636470771887,8.167059150634369
12571,4.274833578135645,20.231656507569035
12572,50.682041962166515,71.20151025109585
12573,29.530875403204615,34.25244687908713
12574,5.727154559966716,24.256184705367403
12575,4.708822875014468,24.71446154217549
12576,47.63803899243605,47.427910929434304
12577,2.282496867160203,0.9402789864786518
12578,0.7891663213216213,0.5084179660404071
12579,3.8178343395713146,24.024180831477015
12580,1.2565273951996865,0.6824653203821551
12581,67.8541610536944,35.52182263165424
12582,164.92574848838476,51.68739471314454
12583,22.936354855494578,46.47824479689809
12584,1.5240660254080938,1.9675625879236192
12585,57.76046717959177,16.18491845604495
12586,0.24135325342627834,1.0587393305150374
12587,82.18690832118502,253.2886096875103
12588,20.39613055785957,177.89373099965673
12589,234.2422771756991,28.56069429560724
12590,38.91850086932857,24.834178231482362
12591,8.9684102483332,78.65671758773578
12592,29.900551607245372,13.034148832298595
12593,32.870916902302156,58.36900792639742
12594,59.75236520972217,149.13982263375559
12595,9.982972623739924,61.22444074280077
12596,23.651717171075084,19.367117470150497
12597,67.75361965582704,148.49613886171812
12598,13.461219198620528,4.818902954847442
12599,54.124178514257125,77.9607456571311
12600,6.8443484649817385,3.987725423044995
12601,3.39406340783917,5.881241649200636
12602,15.524525068441926,109.93813853699312
12603,61.93468126786042,63.22966483517439
12604,0.12221677812737419,0.7798444529503952
12605,15.223732138838283,4.0655013356479195
12606,44.75117035148398,35.21794934187294
12607,18.351068859207572,124.00734825361369
12608,60.51932103923736,25.07524821363671
12609,91.9842900603733,179.19276695012826
12610,110.54844090382323,39.60323534427686
12611,86.67601418254364,152.30514802458418
12612,0.04145563101647043,0.048720191407498836
12613,12.683724037378328,28.439215620189902
12614,40.028268245100314,46.484196579612636
12615,39.30994737729843,19.170136283613086
12616,47.61112162918184,15.845102370183547
12617,45.430840511836365,48.33393748353814
12618,16.802309200485,5.519923732047613
12619,30.13513318577323,9.94433034411348
12620,6.337566045138993,4.216412605508191
12621,57.378666035770095,169.579017893399
12622,12.596242743726851,20.120814959132463
12623,43.41220107743659,191.44779123773435
12624,10.998821376776597,24.64227195053835
12625,5.283147763037246,12.863774761311058
12626,39.89660696821016,159.19976097852214
12627,14.241261312937409,18.170577574085172
12628,9.105828806178787,6.476301537655107
12629,13.753852449809465,9.865287951425922
12630,209.52223213311333,131.80318824664351
12631,1.3967551788754506,2.7940552715317586
12632,102.08422518022942,20.374477265357335
12633,59.89716432267451,106.41897119663899
12634,83.34557191013863,282.9878856322181
12635,0.39615515843957705,0.32343489058286057
12636,146.44062617785386,96.27091340924137
12637,88.05029338634965,114.41486144102572
12638,5.8474456755147,5.670633248734234
12639,126.42743976644202,70.66298249643317
12640,0.39417604808091555,2.4865047739729644
12641,16.975198755575903,3.2170851089274386
12642,300.582609203551,50.565300107343525
12643,99.36763801689922,88.20684345541912
12644,186.85055422920922,242.99206876165658
12645,6.017224024495133,10.638646678200553
12646,151.00835580431936,237.277594355916
12647,13.602914097046636,5.479822204428011
12648,173.25277654602013,81.87587226563879
12649,21.528800167785686,10.536771294308538
12650,2.156669403976249,3.5191883773077137
12651,61.49223806808591,108.7108417963972
12652,1.0982162127884711,2.2357293959623363
12653,87.0602440125032,158.87307000966177
12654,5.749149305212451,2.9992854193486598
12655,5.790133644267955,15.180142421860888
12656,86.56275138916958,71.11879279300365
12657,13.208835430550124,2.574060762190705
12658,65.49765443669682,248.92369049116314
12659,25.381274959477494,28.367718170696286
12660,153.8761262655018,54.619869821753156
12661,119.84708271037204,31.621413287794528
12662,1.4997483452367357,1.0437148390397617
12663,80.52042855322689,118.64447429157113
12664,47.75009467528035,79.17983363458862
12665,111.32918283180386,58.939858347608954
12666,63.97047797263497,149.2704851466497
12667,14.950714087588032,20.8605473742614
12668,4.816988827723481,0.9476288909203723
12669,100.33945652671206,36.7405420372307
12670,15.098525141041417,3.463684917071083
12671,2.5443280448020467,19.9472053834917
12672,77.00515515989824,187.32666959894038
12673,164.15928267256436,99.67670356359262
12674,1.871778003768504,10.26945737256658
12675,1.212114595206302,2.101114052751172
12676,3.396224015609942,3.2749851421939957
12677,21.801728009795525,127.76921631779399
12678,111.02013574702666,82.6850908223827
12679,188.68243523306978,131.15316746143628
12680,14.353907009566456,15.4263390493707
12681,30.689596168275806,28.84124231909022
12682,141.62701159573845,74.96322078797607
12683,5.016033076499562,3.0638690175374705
12684,14.907961058104794,116.0743729485379
12685,4.618740928650748,2.121437919117861
12686,122.30712755991402,14.057299613005673
12687,7.471239196091837,52.469090227595586
12688,69.23390954913643,10.987971236983176
12689,8.644131780941347,2.7294704107204963
12690,0.14396233639474665,0.10943901719137716
12691,15.772086623774477,15.545712972617267
12692,41.80677936869324,41.80641716611669
12693,55.05799009226749,49.09472871793682
12694,16.142904065644185,60.877303431633244
12695,21.617911465381475,131.16293297481752
12696,46.811409567451165,13.222614021069075
12697,5.528736283391343,21.72893661813741
12698,12.480634679728604,18.310569014882812
12699,3.5232541584446277,9.498598468673759
12700,6.461039788388812,9.61052673787813
12701,27.721118688434988,95.6034887993421
12702,403.28513892381125,99.55661846768476
12703,4.715848391189763,6.087438158338941
12704,15.163011928452004,27.78226304133838
12705,8.963707759028633,3.576932315514986
12706,107.05334205675939,57.101659932249824
12707,18.56943381931778,18.414463027684377
12708,101.11938763891962,280.2607382635997
12709,8.844152520293893,7.426685490690282
12710,11.664840705577811,58.92541916416378
12711,0.3307662393216393,1.5179583625573128
12712,12.161939799924491,30.269395132801513
12713,11.010115171470627,14.202997660236878
12714,5.333279755817772,5.725100390473198
12715,5.261283378167396,2.3766801969921425
12716,115.40175524668918,246.45937459919537
12717,5.854209131632235,14.972032161978868
12718,51.45611432364219,38.73071975786929
12719,1.030163924269162,0.7585258849381222
12720,2.522453508371795,14.78643920943732
12721,64.79080062085296,53.66464680753335
12722,185.26709214020542,230.29314044600847
12723,0.34620989485794396,1.5382353687694112
12724,31.612600720053937,13.201891346153602
12725,82.93985736565114,118.54989591746532
12726,8.235664796237046,8.204342224219333
12727,147.23974987366304,98.98100695433989
12728,86.48762648484873,451.712312167141
12729,25.46145079193453,6.464276413900375
12730,18.856370188528324,1.8306960361695843
12731,6.654598113046781,22.820592929915225
12732,83.3977769677158,37.68220341630726
12733,3.0911282150542663,8.123169034584283
12734,168.38248965424776,313.12554008816915
12735,33.75562715011487,9.0091736329343
12736,22.465757329435142,159.88687533207022
12737,41.270329053474505,8.09945281804166
12738,67.78603176247904,50.41902594202697
12739,61.649021893899906,10.117182157536686
12740,95.12368717072219,303.77362533148323
12741,73.30133288065022,100.99063884751018
12742,2.5798879686937193,3.7271229104233092
12743,83.1607188491379,29.297534554705035
12744,23.097540356031413,155.36081268797525
12745,7.520141675669336,4.108602369155
12746,15.445970418141584,38.840173730865075
12747,124.36220949546103,86.07188703709988
12748,3.62397926721259,5.092405277399711
12749,36.34987570828048,278.89470841674927
12750,11.12607453059344,23.485024790136013
12751,27.386319454343493,92.56304392210193
12752,25.880315672395998,33.47211780479913
12753,15.688047077144958,7.828370393264045
12754,90.67580646357919,110.1202442849012
12755,86.32752001876267,59.300696373069144
12756,7.878234185635545,3.097757673998259
12757,14.755766060967623,29.960394523942785
12758,8.578735657044204,34.71227169383719
12759,5.415820675612633,3.7113959352211943
12760,89.11350361660442,125.69956610478977
12761,21.645207879170435,32.95590123490658
12762,0.44830553311018795,1.2087494950485098
12763,117.17164638847915,99.30955126106996
12764,150.87066938984646,72.19642192604337
12765,277.0424054866172,42.27062282520572
12766,11.041796637729133,6.697604344879294
12767,32.568223228247696,72.74453042271703
12768,10.818701803342432,42.68197607083404
12769,2.2112011029120353,9.003868127924006
12770,2.725156968974493,3.1063236171369506
12771,21.050079548745245,26.974727768350537
12772,186.29190772423863,83.9834800894535
12773,78.18025404557653,119.58460362923852
12774,24.826988145433255,3.0879645875669324
12775,6.641791260353401,46.37788790413025
12776,18.56228646383049,44.416065631967406
12777,32.927971919323305,48.1575853410123
12778,8.619474902135249,2.097192211288645
12779,8.654328530089686,8.964526817521367
12780,7.2070170417827,4.820336253913612
12781,196.9618380213994,33.73566867157334
12782,4.530379974506827,3.334425854397313
12783,7.72500236476557,1.0983931694926186
12784,17.375955244771394,25.459906681736495
12785,12.390554454289173,31.027842758835313
12786,28.52613059418522,24.18386364501842
12787,6.010348196027156,20.666494191275103
12788,8.532217092020147,31.869240914011552
12789,127.51709264745661,32.56041821896751
12790,255.19039850340033,198.7683799813314
12791,3.3560820235694866,6.992416647250625
12792,76.62331140811688,92.86113288502155
12793,9.041702377963523,3.831823868600836
12794,13.218623717625459,3.424676807951787
12795,49.294456582180615,40.06833862252124
12796,12.33155402334295,5.738792699500282
12797,35.18902502514359,42.04485311171316
12798,101.09230743993922,376.9502784303696
12799,10.515621539105393,3.9491037245216667
12800,51.991729046749505,18.293579689089658
12801,19.690565569798938,17.200908004141937
12802,39.65210327771551,4.785555838255927
12803,13.253703667638712,7.366522527272255
12804,173.90708558111427,319.106477855665
12805,112.92799821702043,90.550237441983
12806,2.0977146706595584,5.714037927456573
12807,0.10510423264448576,0.11700580152649065
12808,71.29426223028359,263.54229414445297
12809,75.58559550318338,323.7424411541559
12810,107.67470464906103,25.046414786617397
12811,60.03223913744242,8.18579407904502
12812,2.093749267475107,14.284760719511748
12813,76.64740008524572,29.64674317375933
12814,122.8235155378146,46.6391339216582
12815,198.4450449919734,180.75416287446555
12816,53.24774145263286,98.05220508607002
12817,202.95698168140683,93.96156647920353
12818,20.390300557593203,7.096909006515652
12819,310.319991664768,218.09631577731514
12820,11.277346495914255,15.002090250259473
12821,20.307414345637284,13.622885663518442
12822,0.6475951807904521,2.624690300820699
12823,18.574035737484667,8.25984217075515
12824,79.06559395932344,13.653030759176685
12825,27.960951847762516,100.37675970324125
12826,65.4131313247147,47.54861808298114
12827,256.7218187829179,125.65840079740431
12828,428.59100010704526,110.90986091432761
12829,147.19136936034542,437.25639550511687
12830,127.7046500291784,83.76098427370108
12831,14.224122152281174,20.36191228387497
12832,3.7877082364373313,15.987274188542944
12833,49.09273582187064,245.65595430655372
12834,35.373652847250256,74.76890907292756
12835,4.3449650621850395,36.450891527117314
12836,30.44937869303752,196.87761846535238
12837,100.64340279318672,34.626443861915554
12838,95.18422312557936,301.2703236163878
12839,5.498422811665749,26.323844302712693
12840,30.89589532938215,196.42227718316946
12841,37.28832795338914,20.022674080241373
12842,77.60854249265401,49.93161177291326
12843,12.466087447254415,32.26327729776101
12844,8.540416342989646,8.355811247351319
12845,28.678262756027355,39.057203828319565
12846,12.523045652029833,37.80135875817468
12847,125.71053588175297,105.4918494938722
12848,21.78836692054642,49.716290344660436
12849,2.567669222095655,11.86708157150132
12850,75.38235768579517,41.5490625711483
12851,47.235722238299644,71.49324025463054
12852,54.47734782472841,24.655772217538587
12853,3.717594618655073,0.3917889125671684
12854,0.4540630444208247,0.2351521947028109
12855,10.986812322132796,50.87357780739115
12856,0.43737597707769105,1.2237120125993195
12857,54.18456488455626,53.24826157946599
12858,3.2263386147515885,2.919186996688173
12859,29.794506585745445,64.58419946255144
12860,15.464988797513305,1.8667122488956842
12861,55.61278664814355,32.35499036869057
12862,68.88946828492207,108.28494302512726
12863,2.4008925742688083,3.4409708024678713
12864,4.30809321592034,2.786031275269373
12865,33.09472806997051,50.5839503251141
12866,380.38885964137665,88.77154376376082
12867,189.8235157633114,156.13247683970937
12868,53.489662303511,21.25300416705225
12869,88.6243349074125,37.270560025552655
12870,5.510635410861801,1.1746846536599787
12871,47.055779375224965,11.105244569279058
12872,3.2631150341734703,1.554201576834511
12873,15.748512163196722,16.487521196514532
12874,2.1346957563585143,0.9524842657513024
12875,0.18809111823219649,0.16529071061044842
12876,2.117215803394818,4.465021878874121
12877,24.74412910053377,84.36877609218334
12878,89.34842948114205,62.12664983223856
12879,5.215195900781632,9.551476218904014
12880,4.234029267930831,4.591678329859029
12881,2.283737095604799,7.365513823531905
12882,23.189281291778258,20.135033743413913
12883,213.73834694753893,234.723305066821
12884,47.44091522599342,12.893054982287682
12885,22.372390016042036,117.03548406295656
12886,74.67815669772789,11.739699377738607
12887,256.2924942166543,331.8581175198728
12888,159.0403478738622,139.65031495243664
12889,56.235765268118485,30.695467916810077
12890,53.156629411753535,13.459323233016837
12891,0.9043638928027598,2.1545210193869604
12892,75.17926257284299,83.35922717920062
12893,8.330518343017628,12.181394022942282
12894,14.795163239941555,63.830262735131356
12895,2.7058646422426076,15.451273001511852
12896,8.514154152035422,4.474844491235469
12897,65.46207162063358,99.44806797833868
12898,2.3686318773352397,3.9377894397308713
12899,0.5205785936261162,1.2343518938409601
12900,211.977806539067,66.80407229114142
12901,1.704465213192209,9.94119607143922
12902,44.6598558442512,90.2163515030678
12903,4.194971789442953,5.743566673075984
12904,6.158540940116852,4.196552991711622
12905,98.1102124482747,27.12165963736999
12906,7.432686374350386,17.63827005822951
12907,21.798115823532743,5.1303033399946045
12908,1.554091394963948,4.314489088105464
12909,35.44128072843138,78.66808655059431
12910,66.55687585797463,174.93360625567243
12911,34.25882627195651,44.22610227192836
12912,0.502882032038698,2.88435085282131
12913,32.36319930200106,44.71392723872604
12914,314.62709679171473,178.31309241682365
12915,3.8697246939667145,5.506334731852809
12916,4.2994856066119524,8.369047019629319
12917,17.788553154156734,5.652185594516739
12918,21.28894913618933,23.541240441906858
12919,16.050435280181787,40.62914583638829
12920,2.1337385221831147,0.39586321487009146
12921,7.916845069644783,13.444843809786516
12922,103.81738709673505,434.10567137257135
12923,35.22990068803506,16.863570147642477
12924,12.995806816792898,10.419229668725839
12925,28.098595538814198,43.012208672590575
12926,32.95546685238209,193.07076842630173
12927,132.76518696290356,94.13092229820619
12928,212.90314804281286,165.92947320565125
12929,284.23156018710534,36.61366045753213
12930,60.89063448473303,17.929356505341744
12931,67.31249391780878,114.43337570646196
12932,57.47314519417767,423.20632692981223
12933,3.782157104547371,4.096382520141537
12934,22.477010656280974,8.329739366845622
12935,10.960632243735954,61.574478087291084
12936,12.400127027917923,23.843614137132455
12937,87.72040402885571,421.96639232187954
12938,1.6868151673739078,10.563765310128062
12939,0.28990807400175567,0.5364331567889724
12940,53.02866896852852,23.306441645575063
12941,14.274214489842569,14.70256811033606
12942,167.70275079000206,198.13820355980928
12943,46.70334503807681,37.06196915440849
12944,5.9659621809464465,20.986302887938205
12945,9.8698021919725,57.52680403047199
12946,4.061629989721683,25.147754611213653
12947,38.55412873614067,6.151237237079904
12948,28.13820591919169,19.295972008856655
12949,76.65883157753643,7.95851199623496
12950,28.360413787105287,69.66323086178286
12951,12.642238698811477,10.15566144082749
12952,13.66150015636974,32.53108503286993
12953,8.33621155522999,14.31562957698099
12954,11.355595101423289,80.4102714115621
12955,86.96908699750885,77.62282027369996
12956,26.621382999527455,16.069406012729548
12957,0.08806087669286145,0.5530125052434589
12958,20.710960225142166,32.47367191854911
12959,232.81866801969255,255.99754606415354
12960,9.21538766000954,5.845709025488286
12961,28.4220688400629,128.62051754445804
12962,4.002020132986729,20.090322975627423
12963,37.55799838842317,12.30570673948355
12964,82.20730814740561,231.3029881054426
12965,4.901638448260338,7.711376062743559
12966,222.12042365724074,25.37758768632355
12967,290.9548261886132,83.8055189839386
12968,4.652162523082877,6.32768495148321
12969,116.33075483412975,24.321555404044876
12970,66.54830078832674,68.01667568571358
12971,0.059973944377690325,0.2697867767586719
12972,3.130647734263677,1.940390737643558
12973,69.82550041383013,12.428847659492813
12974,125.33719834860477,104.73275895633472
12975,6.25372043646057,3.983178105924078
12976,158.22483416548033,217.81392858991128
12977,9.478658252634627,14.905814689482863
12978,65.8908060929151,18.314337043214962
12979,56.55370328169066,164.0340064558298
12980,48.719774338222756,22.978311626382446
12981,58.65062822293347,104.28023604190409
12982,115.68528640429881,49.03142612943641
12983,22.18001728429909,4.667610550126668
12984,95.67174583326508,200.62775766800434
12985,4.022771863940247,5.601390516904206
12986,2.1184305108396826,3.7094958892040117
12987,1.6756272390197582,13.309115823538665
12988,52.59747271104423,61.126532212569366
12989,29.87276931450599,100.88694089581251
12990,1.052374684733482,0.6480674543475076
12991,0.1597970105421922,0.7737538533635716
12992,26.385109917874587,21.377120033442335
12993,48.398058325632576,20.132158108249854
12994,48.58823386071257,22.34285545764734
12995,54.47849363826149,14.438366168468896
12996,12.414926543190248,9.291163946423792
12997,9.58931676605933,3.8230765751033156
12998,5.517801363867613,17.720705462912726
12999,85.68463663048652,52.317627298672086
13000,115.11734784493845,62.68116083257827
13001,49.14912202576379,16.358125914944985
13002,7.41177127139155,3.556851170030349
13003,198.4744623665796,41.37871664299611
13004,123.83881657922632,299.8794499262989
13005,13.967757288155164,4.1468546224294744
13006,32.31212143776325,8.528006303595953
13007,21.839554641757225,6.5507730464334974
13008,62.33521658363592,15.210351055235165
13009,63.56419964876446,20.906557680878713
13010,88.77115308801393,45.52752728367415
13011,3.4742782227225715,4.47520196759001
13012,16.8484313373499,41.54138300014149
13013,71.0830923670843,48.00697715209043
13014,158.5412325878184,125.21970150022581
13015,65.2628645118002,48.47951560851722
13016,7.0030233720243675,3.314507271486423
13017,9.101893659520607,60.56733246477588
13018,210.95371617308075,110.34242585158749
13019,77.20274861713949,14.112076379115909
13020,36.10542299653583,233.6138932167797
13021,135.22523803474587,162.74724308289007
13022,22.160369750660347,49.26020310295666
13023,0.6315079314550591,0.08159775963945981
13024,10.74950220367936,1.130121082829335
13025,112.84495413933375,414.35620353506147
13026,22.96080854090221,30.24906734610767
13027,12.323221330550076,5.316036702878348
13028,53.897816626263754,39.30159073964808
13029,28.05088881868894,93.61915004895761
13030,158.77522236714182,45.04617241410364
13031,145.12251983384576,275.711817813211
13032,41.628852017620154,22.11354445028445
13033,51.14827545871072,32.05003674967084
13034,9.075278286673637,9.123333333982536
13035,0.36600564035510663,0.6002277855198105
13036,170.55718259318618,42.12243369521093
13037,33.160502463112195,54.53500075587936
13038,2.6768109998676737,8.252631218788563
13039,5.859835146036964,12.929944760429384
13040,16.837534564309152,43.01538741476342
13041,1.3290277048441232,2.858985035704029
13042,103.68373714142291,62.467654300160106
13043,7.935657165179982,22.834527216109393
13044,14.284772573170399,17.856174355541196
13045,197.60065750195173,59.594562232620014
13046,93.34221343900225,65.85272880949086
13047,96.59618126025921,277.47594769541627
13048,4.481185900537809,4.0433621669566975
13049,25.512757698430896,6.127748571426983
13050,159.07375837133029,80.42936067067916
13051,52.006372132374224,134.92320927482533
13052,15.115919885164985,2.0866239437422816
13053,30.701200955128893,12.535918966774457
13054,32.74692348105918,165.24719631403826
13055,1.4239367827801679,1.5034860385106625
13056,3.73576625962398,8.659664168079546
13057,75.28585573412205,34.957152352739996
13058,2.13357796654714,1.3422337593479876
13059,280.5887447981966,89.36338405954804
13060,6.005534192102991,5.7469887374215975
13061,91.19499944410552,16.393949227223395
13062,5.815128345147349,37.384820538176875
13063,0.5859329024346913,0.0744836736495339
13064,3.616007997636605,10.745086124555629
13065,6.324997478320581,3.2830498021966146
13066,51.871515920944766,367.25533322667843
13067,302.3660037316025,140.78786396026757
13068,34.62321240057306,13.97209407538876
13069,29.627791191287788,74.0587418576736
13070,8.112154456809868,2.617994615968544
13071,15.611919146666333,28.830401929574236
13072,67.54849072088507,80.88535996696083
13073,0.24754405103154364,0.2341351893833632
13074,112.28223818896655,102.92145368928495
13075,9.590557105186381,58.143109758874495
13076,12.156975711024412,5.022050501908005
13077,1.5339673796205542,0.7934849289084147
13078,2.670651720120827,13.462278207073245
13079,8.034637776769646,1.523279030756174
13080,129.38545715576063,31.349188483187703
13081,10.644593476945804,12.164680733574183
13082,2.7654759316469804,15.733378738721262
13083,18.97989873135205,41.41090135994701
13084,17.880692025328724,27.109835892769933
13085,1.9269063627375318,0.2436345391061041
13086,2.473878032684441,4.553130762320825
13087,62.30675610805603,355.80556657946187
13088,26.736789289507332,81.18830911751071
13089,13.273732554054883,18.57634491177543
13090,16.058594801246404,21.22896265762021
13091,2.9183377748696753,4.12608809958718
13092,99.52659047580758,89.74642164043112
13093,13.901795738595537,14.685421738694165
13094,32.63959965795864,43.47623575229197
13095,8.72523673498964,4.3030005574915435
13096,11.738876369227249,88.29039540859722
13097,2.0101300242635487,3.9105724518770053
13098,123.96012779692072,26.45933899660829
13099,7.686891823061032,5.315062915814874
13100,35.408192429316514,89.69889395807282
13101,10.908979719724869,27.37732123196437
13102,11.716484635889808,11.88946803842238
13103,1.171873919655998,3.316960237081747
13104,26.041983405367727,224.03330635901585
13105,5.087420919900211,38.11134061696988
13106,19.165447518372133,8.540321755979578
13107,14.703509163171812,35.19982322133623
13108,65.97986431564388,194.18709241669384
13109,11.85041883383954,8.162914952141225
13110,9.159263122810685,2.7806708880791855
13111,66.70523979505745,83.59084588304664
13112,18.907614895814927,36.909048925637585
13113,7.891408258618327,24.00962656368798
13114,28.42094851549068,20.847610477679535
13115,2.04671093146115,4.65400701979934
13116,50.77344312327525,41.63740843733502
13117,4.227679267798986,6.798726267580941
13118,5.221850123809326,5.395438019892947
13119,203.87368761641042,153.64384018660644
13120,33.76240479519136,47.17050830417357
13121,19.954795516558434,21.363107578564815
13122,27.182648301075798,17.185514410013546
13123,1.5300377441307706,4.3743092782685515
13124,300.2454381656549,33.97472330903744
13125,7.486371643165345,30.540508148689764
13126,21.380833051793367,14.006195887745594
13127,36.69617320993521,9.625545663483893
13128,30.714556022000227,13.877678687092082
13129,11.530613868895616,12.770427866002507
13130,247.72915662252524,73.71596660998527
13131,1.745267488302649,3.2208624845875544
13132,13.998207373835761,26.30158458543125
13133,311.62574250985426,144.3988160378107
13134,134.15069381718763,33.16680445904316
13135,120.778003690705,30.965006673397106
13136,5.854905739242504,11.589202537441736
13137,4.937351633955187,2.2925314768578087
13138,52.114344669121024,39.422010935164764
13139,98.49214603785572,133.46920498786648
13140,133.8774420843139,153.79532073974576
13141,5.563756200754163,2.961107251482393
13142,13.424453995843411,8.080725246148731
13143,64.61361628976054,38.26314755773255
13144,11.780736618675181,9.934443411299535
13145,5.336131175932238,2.0690001775587765
13146,28.022931582519867,9.41110057307097
13147,31.32380594970751,98.1814788122957
13148,104.08344226717608,138.71317896933994
13149,198.1339952008073,43.778767192527425
13150,65.34090873154793,179.52068545511767
13151,210.6558049869629,127.16230905955922
13152,256.06346530050104,117.43457488222421
13153,1.7611892510630507,1.9945898436399194
13154,1.087551085823279,0.5714393938723913
13155,118.38669967626828,229.78088673514634
13156,34.987712068237244,114.72454557254541
13157,57.79775472905956,26.542774313547604
13158,2.129480812140833,10.690848873416144
13159,157.03157821711477,112.32187403787123
13160,0.8097738087760791,10.44866169565925
13161,139.0943962183415,24.2909047943551
13162,7.486156629283995,17.543063435357883
13163,157.23125732865014,118.55932001879025
13164,2.6090711611272424,2.2340087078985835
13165,96.10414312306911,51.61579557141989
13166,4.606735143218531,2.6809371758915126
13167,51.20066613537458,36.99827910072199
13168,20.629794508460783,45.093750080640795
13169,1.2650116598226462,1.2670684436221076
13170,80.08698567719641,272.85542536307787
13171,31.62428005397229,44.722446559472
13172,7.666283593159587,67.40606493135238
13173,6.3077800503493116,2.867516306779602
13174,119.95736455942172,103.0373476496653
13175,241.63903855408984,94.27281662735588
13176,68.95205133925761,146.01506311971974
13177,9.240175273270108,2.1566768769039446
13178,33.45766017065992,20.47149454114048
13179,1.865402514659524,9.756872137935972
13180,135.8628874571716,92.91187009431911
13181,1.1463014574018204,5.096981782371483
13182,4.809283424235229,2.114878864020333
13183,58.08138190233218,28.566446219897067
13184,89.6182461309395,24.61172011062331
13185,254.02052886635767,46.51632405299337
13186,192.70841782975646,369.95054996516194
13187,60.87912416578607,74.21644070897541
13188,5.371826653952201,9.10786711899089
13189,120.91361698495277,43.05106518500506
13190,6.022794075411541,4.707766453973922
13191,41.123872731573734,16.19092057103641
13192,65.7099775447931,12.063876323843008
13193,137.76693685407793,148.6235516580034
13194,2.1384843662654287,6.608894476310304
13195,111.2328281843927,175.28590685151428
13196,11.363124634023897,7.400071358624868
13197,10.749227197773232,3.3544220556635684
13198,156.79750503682146,38.93645283089866
13199,82.81440262259977,39.10666045004813
13200,168.36083603140486,41.82337896617487
13201,183.6521932448811,38.87820101181029
13202,2.3266769900503896,7.753729522029965
13203,44.977948793018086,29.405360551229382
13204,9.154918046557174,1.331537625893017
13205,1.6890671870426155,12.178298119992046
13206,1.4857560586354117,13.390676387442635
13207,11.01418915090472,62.25242080159282
13208,3.8871398029263684,0.6936985791111192
13209,0.7103873467327666,5.2158483047637665
13210,7.0503050245355645,3.5329328112408884
13211,49.41420263597344,67.58734501544468
13212,113.12317143212715,70.37928534045992
13213,0.028943450163371187,0.15996417948188124
13214,131.11641346575902,213.22831797557888
13215,6.399590868696938,22.892513803190752
13216,35.07695656813835,6.944127597929386
13217,21.982642838026575,171.11034256901274
13218,206.51103028471698,134.7324549835866
13219,21.321075290622666,37.62186386773551
13220,58.5263095608809,27.883653623885422
13221,21.465636283753565,13.581130616444739
13222,67.1692613745493,25.10171395237734
13223,12.610222373096342,53.02911417042119
13224,249.1292635999289,272.86695985213163
13225,0.82985172570054,0.8667108299575663
13226,20.26689016111327,17.463119725087136
13227,7.513777892685276,32.33979116854412
13228,0.32142090378005594,0.6665029623321029
13229,56.96240763583411,122.60964595060989
13230,146.88850259120065,192.9735770494646
13231,165.75117577761637,41.55492191937619
13232,7.71193385791669,29.3126384118767
13233,43.00312094282629,7.434698506588593
13234,47.715507983899926,19.016292310238843
13235,243.7594649754202,134.93906989852712
13236,144.3163791340963,246.84998891767202
13237,233.83975025555162,89.20499226753931
13238,13.138003661209543,1.9401160658135248
13239,52.93655803358113,54.77304626582
13240,72.19576404005763,21.705666915770536
13241,7.588908822295282,12.119996204611365
13242,31.617962035009416,44.93045141341913
13243,13.758029986258768,70.50463214613507
13244,46.53964775991225,18.757263602207406
13245,17.519155372307985,29.284220417195645
13246,5.4469527224556105,31.71439778623807
13247,0.9607686662849559,3.954291709205086
13248,0.9854338685356507,7.5613519866252235
13249,56.765842347690665,166.8775757571716
13250,244.4708962897451,45.58220607456537
13251,29.540910358736753,99.59284065823714
13252,97.33998457381875,55.2685088644247
13253,5.996918640803722,0.8802631574115003
13254,15.786330080534466,2.5442832141243255
13255,29.2579134532638,8.617683031354591
13256,265.7087265273632,156.30163631533412
13257,207.26970056356555,32.97073935343053
13258,224.6078760090417,71.99171041665068
13259,7.70713820298119,1.3907982372535506
13260,22.95862549517993,8.278900081585645
13261,232.1854014633824,173.698488481261
13262,10.64044190724639,6.512160509966497
13263,435.54263681718294,84.96569712768286
13264,6.937511554772746,3.4551681834940107
13265,58.58496176780921,77.30238887287732
13266,38.28567910870505,74.8735381982773
13267,12.01493184224886,9.027479653725486
13268,165.78808484484347,90.57702249233598
13269,49.700321788620684,81.96160923312583
13270,70.8575195823131,30.368000280479343
13271,280.9557064670215,153.0577593931272
13272,2.499289843263341,17.899095691125922
13273,215.54554948922006,26.038777557287283
13274,299.5772396724077,51.62254068815425
13275,165.05313257334544,105.70869004523655
13276,0.41791246718308117,0.8263984792647898
13277,27.786045429533022,45.712525339838834
13278,26.393497888018707,8.3968068509549
13279,71.21916456855539,36.60335057806867
13280,151.99855379547137,26.731449717305225
13281,15.299143447635629,5.720957795661098
13282,14.998905831027093,14.16333942321894
13283,265.9465789253644,86.69940183570804
13284,45.42235807695377,120.74979476241845
13285,13.879582075945272,9.387164365134685
13286,7.614985760434299,27.085076137179733
13287,17.37431024568708,23.63559381887182
13288,110.1651701263984,67.79404151060064
13289,2.8437241541651392,4.3038428769027215
13290,1.2689905865457107,5.642690773755003
13291,21.76876343630421,12.754770653482044
13292,80.29383400196332,40.307515984805434
13293,71.05800157964548,26.09071986761216
13294,21.84437421654038,2.8888369102975586
13295,129.44343563483815,28.68898268635092
13296,38.529205982397826,15.61992112844571
13297,54.67760782001207,25.30819963429362
13298,170.13397694973457,294.67904825244216
13299,106.18923375017128,88.15322949778368
13300,7.5920191506618435,2.7730733203825237
13301,1.833191710213848,11.187586230818615
13302,19.245483823191705,50.84472457828282
13303,93.85751374846876,97.89023001546919
13304,298.8552393842997,112.70725802732063
13305,18.439035484768393,13.248008750670051
13306,63.0563479025047,43.109586278754904
13307,10.150707497733103,1.604045694474988
13308,23.551125620676668,34.94289420552326
13309,84.04832434685811,29.827784453853667
13310,11.863981625651984,1.617331802439534
13311,91.17638035574669,37.3937971658639
13312,1.6620930033866572,6.89889753925915
13313,7.758296646219336,2.0136346969553025
13314,24.953879509511605,42.4687594323337
13315,18.84480239133325,5.669645394206103
13316,4.764140314382802,1.9612727555094138
13317,5.910950353819939,7.0939862833350755
13318,12.360046606206637,59.91872270078258
13319,20.723839534791846,10.553238111920741
13320,24.36715031548996,7.56484778001127
13321,44.42092908817118,5.35388385760964
13322,32.57297180207948,21.421498130536683
13323,169.78073187033212,166.9419671229452
13324,81.44303068593442,119.12620606511197
13325,3.1887328681228286,1.5194801812013528
13326,100.82124882350253,246.48403228021817
13327,23.867845995774246,109.92456586056898
13328,9.799531917831763,5.426177813812504
13329,140.58279010928223,69.43699759496813
13330,26.864182316332,3.650154157394845
13331,15.311570515967103,3.4322590204890107
13332,73.00532580905072,171.290712097877
13333,100.32453644061606,32.238614184232276
13334,81.4027896859433,16.358860965397554
13335,17.029569156762058,8.804785945180233
13336,77.08681115472464,36.77611575949684
13337,88.8396295506367,81.53355711755445
13338,181.62698368851625,188.75498938954868
13339,152.0422793117208,179.63746251184816
13340,65.54018047463407,33.70241739542106
13341,9.17935001493678,52.13305020164063
13342,1.1944424894551022,1.5878227049645153
13343,72.82471160296298,142.043206917523
13344,21.285880754686087,117.22530470373454
13345,139.503041315382,183.18843667654568
13346,3.701267886636377,9.112004312968756
13347,14.972938895687292,9.150252884852957
13348,192.8317394203299,86.68994420484701
13349,80.67643444729077,17.62411731686739
13350,25.60694561532321,34.353941584937665
13351,24.211397301725416,20.8526231489366
13352,26.57052971060892,22.351014851625862
13353,46.38880504515551,105.64900271623769
13354,1.5979694769076633,1.3232994911448892
13355,56.7655104070494,8.926839172047384
13356,74.76395120906918,85.35959171959792
13357,22.83626798653075,46.25395974717248
13358,25.39375526126213,21.243777494050647
13359,230.80618542828086,211.73841960160482
13360,27.3776516572921,28.29340306366428
13361,18.10702010353217,7.045389424882739
13362,65.77304747744472,58.9271427033124
13363,136.08749334490815,17.67552389057556
13364,49.95891028395391,158.8156106876899
13365,18.636918534466478,51.59912740970664
13366,14.905278767993831,76.13515919622691
13367,44.122463858830706,6.308728191286986
13368,15.471225617704574,13.591442506587452
13369,41.30473568823693,55.119057726017935
13370,99.39937103442772,34.821659191961864
13371,6.936199602259386,3.10607241542553
13372,20.693270729621613,52.643986460891256
13373,39.37866772763369,173.22669021820343
13374,89.11477095673817,49.66197722875581
13375,12.814376610348681,10.818533821256457
13376,5.078768639118105,3.254710021258093
13377,50.512896429389606,111.45198787175752
13378,48.6751793738704,110.82334685418084
13379,88.39498440675086,77.56112205742419
13380,10.929942882325335,3.958484040063885
13381,11.527175207257319,2.2454104759984665
13382,7.735441493923696,31.811149769528022
13383,18.391850958082795,16.845993880833614
13384,7.175521241314209,4.882568831791584
13385,215.2804177760962,28.554259387055478
13386,80.6459245052262,28.75537370397183
13387,51.55004149205671,9.488979769964136
13388,36.45278119982693,18.415237115828607
13389,62.393647675268575,66.27543418355668
13390,32.793141801488716,15.217902659320055
13391,31.157625724447914,23.082129462803717
13392,9.1557868637817,4.063492302158514
13393,6.567943713801201,1.7350508498094033
13394,2.1875782671071278,4.500848752591999
13395,165.59648424648972,21.367131432344188
13396,3.5953460576354197,1.0125224048413601
13397,179.7609892197491,301.9305561814135
13398,23.23114209768428,3.823315207577012
13399,0.49784830667092717,0.8852879157702821
13400,132.5829014674447,395.30923806247154
13401,54.36482163020758,7.555366652516816
13402,22.28017021643668,5.254903507407697
13403,237.47413224792945,182.20893419136303
13404,56.728263611308705,16.503513554722538
13405,3.496560158007764,10.87693043067235
13406,0.9253769760426036,1.3676693805603795
13407,220.84322557909996,235.82114118040067
13408,301.86581589391744,156.89904934117692
13409,52.15070569118508,28.113239251076404
13410,234.37009194403572,51.73140739890129
13411,10.333625813206384,25.68152914659062
13412,137.30294646762187,29.608850322012586
13413,16.133255597822973,38.11202418572821
13414,1.6618536508237056,4.830752458261202
13415,116.6620664793936,233.94798960010013
13416,0.7830494447265492,2.7603794390556757
13417,33.307522487218954,3.5970812885838184
13418,16.288774106446382,23.713832212519545
13419,3.229737662235376,2.07773989939187
13420,14.837257216666734,10.276098231579676
13421,12.905770755607618,14.201087367422193
13422,105.06814275317828,34.337328811995796
13423,11.064280973930723,2.425350562999554
13424,106.65226273329213,139.81187062697055
13425,30.018012986328465,71.38520257923726
13426,124.14864144146634,76.19773316942116
13427,16.178143426440386,13.99924876724442
13428,89.21712736201255,92.37034700387107
13429,22.15550774319898,130.348074688729
13430,126.90375430654414,56.07162829703586
13431,226.04129357243474,32.97257362947875
13432,2.12067160664526,1.4569291029475264
13433,1.615961697346699,2.0412341237677314
13434,104.36547797802947,35.398481606285706
13435,231.36453197588455,101.1322007472154
13436,138.83513573558844,172.04510622960586
13437,59.41740822764398,447.65906679420755
13438,3.853765764380645,0.42670021576252426
13439,1.075051755318277,0.9341346380977744
13440,24.859694102503006,25.564666067899985
13441,59.487394254512544,150.23423723684854
13442,1.972969834445773,2.5092251322558257
13443,2.6919227682037867,2.8634418994058723
13444,393.21933738644157,156.45972734932252
13445,94.19800759415112,84.11380802155487
13446,1.920709135033952,14.259612430921653
13447,2.6973207458704067,17.726425857968067
13448,33.03609461251572,102.41515697288054
13449,53.30404775077007,24.7815568316467
13450,1.615755044584727,1.1648991862420133
13451,7.650923185000661,23.739020530730386
13452,8.035151556020585,3.8632718302163944
13453,69.10144534107779,70.00297310304245
13454,57.90114268028184,18.580057348340283
13455,164.95102333166562,43.20434602910375
13456,0.9939990622946933,0.5035333706103274
13457,31.182175872733147,5.798399788573673
13458,52.99719319503281,214.6364447368355
13459,29.29438831911401,168.47775536566783
13460,20.92446091962907,95.24959368127935
13461,25.148875787261204,5.561870298416659
13462,6.29665528728426,1.5360874033356242
13463,35.32447277447166,17.862351065345788
13464,10.157955734920304,80.53957773461212
13465,21.697479338972915,121.84928912409673
13466,29.511547783582255,11.091973365766812
13467,224.8970647264954,34.43538095099012
13468,36.786080984932745,15.651648655369641
13469,28.842376615869487,54.44609293939061
13470,13.35755376620719,2.8496215833249794
13471,107.5956825913672,188.95347403711597
13472,23.613468565669145,3.8797503411515937
13473,17.453464478633638,112.79320166707652
13474,11.579826285217745,60.17520413603709
13475,0.3533501587323482,2.2060972500509743
13476,70.69659260518078,87.49050993910035
13477,27.95910694295943,199.3791715982187
13478,3.911841262177078,30.257491468558094
13479,76.33460421274455,13.953775071064538
13480,147.19005171566286,117.12384360344315
13481,43.02281784012444,47.940788591301825
13482,0.4919771324356603,5.3717520264148515
13483,8.839023321170497,1.0089561661546123
13484,32.644339249463364,19.01039819991761
13485,0.9349049449254239,4.176226461348829
13486,158.43958061221338,53.13949928360449
13487,22.038577415480667,48.52044745558577
13488,95.7678381107678,119.9927557923057
13489,218.63623852715705,47.120344145135704
13490,10.597427879655825,13.45625266045192
13491,59.52997085541327,115.80937205698542
13492,0.8351039757585439,4.827108301461518
13493,4.507291617161757,1.422101284061101
13494,4.675038856668115,9.318106942084372
13495,73.44058697594808,282.2015966004187
13496,1.8250696989828372,0.7769475583154549
13497,38.99856123786495,8.004667803801397
13498,26.327797892149388,12.161203410034725
13499,16.01221188060489,14.117144642547473
13500,1.1753032892640827,6.522690472032963
13501,18.091050694232315,20.533608658145873
13502,3.3007595837854726,9.738127661429365
13503,315.430936496413,172.76509932704252
13504,189.59638205605663,173.36976391395297
13505,37.24933222569643,32.010131798129656
13506,9.212619307401438,54.2648651345039
13507,7.56923521053682,26.796759218401995
13508,54.97127717580701,412.1487596616675
13509,36.093765884593324,18.948439604960086
13510,22.76453513931122,45.73148995907761
13511,350.149700682128,69.83676933740168
13512,16.13803499371071,6.603829637736521
13513,26.951454632005106,72.20970591299859
13514,0.31159662410237354,0.18532031578655184
13515,119.88439441896816,37.51964388757152
13516,209.28978102486815,32.079911093203364
13517,126.49596107689538,191.88313779521152
13518,66.58926230809612,56.79267290801172
13519,49.18245339565395,234.79680654742975
13520,54.816203720646484,10.374833327531125
13521,26.251318807263488,120.47468035497239
13522,201.99140044874576,37.77044656980319
13523,53.32017348153828,51.13976268589537
13524,83.8010083973142,150.0001494036834
13525,12.4268449798201,56.764338730819524
13526,20.730746202042,112.51019964066407
13527,19.427917321257556,104.99274169419809
13528,1.5230885978666677,6.206111773120852
13529,54.08751100221604,77.61720511569847
13530,9.881946456468562,43.97087926415897
13531,131.54669224097333,173.76099248756617
13532,1.563646131627507,0.6753007233263053
13533,47.82349471002345,33.63432546047653
13534,207.80831462487785,45.5666587478137
13535,4.107206638208956,4.852213090100755
13536,0.6404002088768157,3.3071842524708956
13537,7.433266028697688,15.808458365278563
13538,1.769114525332267,1.4983666316561042
13539,45.22230423490874,173.29991072511336
13540,132.7760414218684,29.825846071450627
13541,32.252414941226625,16.65419466211348
13542,0.7595416043924879,1.4596291984945138
13543,89.20416976152852,152.6798155957874
13544,15.506825945014242,53.520064380736024
13545,16.502719724031422,4.702583094559894
13546,4.552495539917845,22.9982242045283
13547,0.5696756278868769,0.5234902398178005
13548,39.28299131635262,16.35639081387641
13549,7.538014252536197,8.663070556200202
13550,0.7115938740589309,3.5008936524966607
13551,9.531944424692794,9.3628159611224
13552,1.8232800947591612,4.847570497542802
13553,86.64338365039433,97.55043534814918
13554,0.8810278408863841,1.4259888795451934
13555,6.477716237197325,53.89738815633942
13556,78.50821260690608,71.50303961239948
13557,77.82021694116672,75.2590106869404
13558,5.900659605122417,5.958809725391008
13559,0.7380994067617344,0.2419406761505989
13560,28.125420011802625,10.82368102981038
13561,253.18969330160508,181.8021472498395
13562,8.55650861279699,8.587839834486115
13563,27.43723457877537,50.0317462116942
13564,13.796613955232239,9.195941460600993
13565,15.916492279413037,12.0716439803309
13566,164.37922572743966,73.93833655275635
13567,31.441064318758684,5.969723022059733
13568,91.18565560928418,143.53673285705332
13569,42.119106554469234,16.95008641218036
13570,86.55080119246728,36.87173111109805
13571,60.71763880989074,40.00099935908084
13572,4.671169120777078,7.606954011540813
13573,285.11729034696356,186.95428277565014
13574,48.18613838818166,170.55799732555536
13575,1.8296067235766078,0.9572911528881745
13576,110.30518393281383,20.542063810502665
13577,342.94047783399805,84.24766936415418
13578,23.685176343473675,4.241340567528616
13579,73.58616220632523,45.042515712652396
13580,3.026938986093537,13.247032171878345
13581,32.08374499487096,28.929739503563113
13582,5.739741519810484,0.773029812076958
13583,1.0353398362583393,4.168495846522231
13584,129.20528813435376,51.409923406904504
13585,120.11029201355703,139.56553977849134
13586,187.42809907699942,45.64262659326852
13587,18.091288262562042,17.828035555315562
13588,1.8391013910256873,0.5393940818132182
13589,1.5404920398176845,12.942626761059548
13590,12.148739360388337,5.706530438115581
13591,33.98625613714197,20.44819994482064
13592,149.52165067899884,252.49938359095586
13593,0.6630502232048487,4.66572804259193
13594,43.250759982271134,84.95439309884107
13595,227.98542072556938,31.554813947359676
13596,34.0151887296136,13.826563192456197
13597,37.49589489342067,64.00738118733936
13598,184.01377971601286,79.6949254830403
13599,17.3392122603873,17.635292008609415
13600,62.08823291492394,104.01915423417765
13601,166.16951209882882,28.513366161797624
13602,115.9685403003247,26.8705926205456
13603,22.656650423583425,33.098459973256034
13604,89.73883303160154,247.66274267922694
13605,57.25999069124327,44.19312045212504
13606,71.19190694313446,104.13316458332149
13607,3.800567095788492,3.3051390408695913
13608,105.69388795372592,13.082041400077024
13609,91.91109021137014,29.571752405766297
13610,80.68306323633973,23.45307059485482
13611,24.983097769087582,37.09007322872339
13612,1.4630848535076442,0.5497421816321578
13613,28.930997221419833,72.5550717094571
13614,7.8879654404439385,40.02264073829338
13615,10.577835280571023,5.697976749750712
13616,81.88245840828418,131.18771048684584
13617,0.3330260630372426,2.1321284295683185
13618,75.47350864490426,75.68920956725911
13619,0.28847619461662877,0.4493538103767982
13620,3.5514955303925664,11.486541059092739
13621,3.077813852230204,5.166217416907305
13622,14.494252289804479,3.8618682329404583
13623,55.43810037364933,46.038032088580195
13624,39.81041724493571,15.126074257879715
13625,2.1929189080722598,0.8405535616753976
13626,17.388058425983917,2.056949380909923
13627,6.786654164775818,7.38175082818968
13628,4.565888122490378,22.48546205621443
13629,4.547417348405571,11.652376872101033
13630,118.95057255246584,59.07446189209702
13631,39.00389342600985,36.42403631643466
13632,151.93436030755706,194.66830001185863
13633,6.590141110423303,12.279479927259159
13634,81.34872882564677,110.63882958280163
13635,14.020611099126546,18.958127089832175
13636,10.465869032267005,34.104319969909696
13637,13.697606567876393,26.718375017534857
13638,1.5695120466170205,0.6907037081976579
13639,51.690133733987054,104.92771031422726
13640,41.32395709710714,41.17620153227293
13641,312.6413964200617,149.91249742489316
13642,73.98123538838637,62.447556260462534
13643,22.11595996814674,36.968270122783686
13644,79.44686102824346,189.06547181153687
13645,11.880157425389237,5.916244294471047
13646,0.08248082128480583,0.46418026580269023
13647,0.6617132394562377,0.7630619708501671
13648,9.579874968538228,70.86088595252869
13649,39.84281902153911,54.780475223375745
13650,101.17037668164897,304.22385423734534
13651,3.9299406583963954,12.062573949621719
13652,66.8783018344027,171.51265716960242
13653,3.910776856170111,10.539790906931032
13654,87.55296050069961,91.28577845608655
13655,3.5720978078139907,0.8410158535432165
13656,29.75773282825552,51.18936513524841
13657,81.23361394272672,17.879584192191892
13658,268.6485973201402,167.23907677526833
13659,0.6095759059509747,0.660368530956072
13660,32.87483078066902,56.8701945781816
13661,6.57529684445023,8.685254792210605
13662,117.90940096046268,26.99247034425865
13663,43.533014943515504,141.46542234177213
13664,63.32782274694509,18.567529089606982
13665,63.43834355659509,85.10919183490336
13666,2.2602189098084167,11.422508276811966
13667,50.08549433759609,260.744207556405
13668,8.265779073263854,37.656589410877224
13669,147.8139127821797,249.0408932357805
13670,59.86183658854053,86.5580414354284
13671,27.057123072681783,22.274323356987797
13672,18.082732275438097,41.43015934667264
13673,11.005257975461591,6.360516713688832
13674,90.41121129906175,105.88902190256672
13675,51.13297130295404,133.44964364428645
13676,24.76368982562938,12.545542357295286
13677,27.644997871800378,3.904902647657273
13678,82.59666984270882,20.0294243345548
13679,12.604231035590647,2.093561260813595
13680,8.089560254322036,9.952636244623275
13681,36.179964856063336,19.088195209906814
13682,11.163960120629008,65.6008821021224
13683,39.33318196373407,4.178104372660666
13684,42.196048435288375,6.963778328284241
13685,52.68669773013445,229.9283763692416
13686,1.9782179254595023,6.565308039736015
13687,12.517068215373339,39.33810759760312
13688,32.12683611674516,164.98359968462526
13689,147.91004662244717,28.56405147545857
13690,28.91189268497684,50.16044478316168
13691,34.79135552903449,41.93569603078625
13692,0.038936723065104095,0.03916621611220117
13693,218.36494210954885,30.016814420010576
13694,69.74258125407673,18.121256796707364
13695,28.948209012279612,58.912482931727745
13696,289.53164216316077,92.11967134309843
13697,0.930121999204639,4.212978856839561
13698,39.88948293601973,5.671257975934388
13699,72.21079819568973,100.89368232841326
13700,59.44587523055757,35.24832778887324
13701,77.89736773618645,119.59433862505274
13702,7.9062418118180435,24.715347369421146
13703,0.4625126375097859,1.3872643169759775
13704,3.7858365772593148,17.390336522204706
13705,14.83432458124765,31.812721666584522
13706,45.415372524308914,39.8593059454178
13707,265.43171937176214,41.91954345112071
13708,61.64683439618607,41.446661819260726
13709,0.8626867910988147,3.6143086818853534
13710,2.6233671186376952,9.020631863118242
13711,55.561773209323874,129.85678919668274
13712,2.5906325254669884,12.033485323277809
13713,3.3027565428026513,0.7980200930908421
13714,49.66811649180195,46.81928417797424
13715,40.39191739148387,88.53747041741435
13716,35.39157125850467,108.20109923412387
13717,2.049856377355156,11.18619914984626
13718,63.895883787835594,238.42861955227448
13719,261.57243000200526,123.08709607054209
13720,2.138821535374002,3.7179035531460816
13721,48.100261195761924,176.17685343720143
13722,12.638334680883204,2.5018795989893334
13723,5.084607892156331,2.5589833617338806
13724,85.77200010574774,94.2191202622599
13725,170.18182713345794,97.95530148278016
13726,137.16545953464623,135.24854047770395
13727,8.137425804340667,34.292333017488296
13728,20.72979475578137,159.5030174945283
13729,282.31210933693757,38.17508881380508
13730,66.61641931755986,27.011541253085706
13731,10.794333592045529,29.486146637590505
13732,46.367015461746846,108.58703133803924
13733,87.02038845056869,269.84766730091974
13734,6.335598969386546,22.92181555540371
13735,99.08143283493041,47.13293241648587
13736,30.991601877038953,12.396705004112977
13737,36.940557846436654,18.45379508919056
13738,4.484690346893565,5.434854490502952
13739,36.351512140398654,19.924279397248043
13740,5.205520127784043,5.734512291018148
13741,33.737946604202854,23.64035418823863
13742,66.68278884777457,14.02311764900924
13743,129.03645965323787,95.81006232275308
13744,76.07083302624162,25.380121361792007
13745,242.8403163479892,51.63895613016476
13746,0.20656384719825693,0.06769680527324884
13747,17.506217525589236,5.190788393322564
13748,21.732475946891284,30.578466383577318
13749,117.43954928982595,94.01168977037855
13750,329.9639349076606,142.0867627646091
13751,3.669230348619056,2.7458938976097103
13752,113.80546441478913,101.77916951505513
13753,1.936489180531532,1.542838862966534
13754,13.713832952489971,3.375676021296959
13755,51.920980375089314,40.796179711900706
13756,95.61155528084714,73.91149053611672
13757,66.03136529224342,37.414405114855455
13758,6.36086715765971,7.992146742402161
13759,2.801274489004971,9.607321598939691
13760,74.9907011345409,90.63125663506483
13761,122.49831307499676,84.70154106944284
13762,21.75289484996776,16.295434124895035
13763,21.16865702116784,18.725139597051943
13764,90.1238489485722,26.369432405612496
13765,11.930728946998055,2.5254334075605094
13766,11.38705530611643,4.64814299006364
13767,113.14529922512084,90.92433337288625
13768,226.09178186880533,61.31226102776041
13769,181.50388633824352,130.61460041872084
13770,1.6633910578828082,3.071524340834483
13771,66.77488990106512,61.25017850674143
13772,150.57283553132368,86.9369004895313
13773,26.002404406820933,43.44032323400746
13774,21.32164545514031,69.21208426791354
13775,91.51734386618975,111.78000428639525
13776,32.23997332187753,53.45204501111215
13777,0.21207067554030545,0.16194918659953927
13778,27.879032885332613,32.56301117564949
13779,207.20140433737038,86.48898472129495
13780,2.0272590484677178,12.096202681367963
13781,22.349913596270497,2.25604990198312
13782,6.342436311413345,2.899601542086442
13783,3.634071440764242,21.26599344045842
13784,13.377004481467267,8.455223212307189
13785,24.72441811490141,93.16881100077444
13786,3.058887412603985,4.00235081199988
13787,11.913106478777285,1.5894870712961677
13788,14.351115752485903,3.983491391224731
13789,81.49577374288582,168.14179707738876
13790,6.411094942406878,48.357302313980725
13791,5.0300949140938,0.682904622048753
13792,235.08877554756032,159.59919949551355
13793,0.6167877481230772,0.3208315603638717
13794,14.25116033557668,2.7189171869956112
13795,215.24506851306555,34.83319564814953
13796,145.1417852589438,337.4943892127629
13797,3.245547335152585,12.620750804786622
13798,1.3958828758764008,1.4876463654487506
13799,10.93837887904265,25.801510908416486
13800,21.028548981015227,19.156298563041013
13801,64.74743310800828,194.2564218376628
13802,1.583287837110712,5.495897857073341
13803,7.973369019036644,2.343690312708837
13804,5.456209721992068,14.827367032291754
13805,142.49771967631082,157.94517438140448
13806,10.385441018774632,64.0214647221429
13807,22.06887826159219,43.75359795957003
13808,35.638870153205986,40.56469266592605
13809,111.32012829493593,289.3179332731953
13810,134.48828823270492,45.7242315933269
13811,5.582131616782349,3.507264227652433
13812,3.691155123495429,1.9258165422043043
13813,13.163268690973364,4.759434980580787
13814,5.047269911103704,11.367077336497314
13815,111.20071692427962,278.9222175078788
13816,2.927799744784738,4.207147217516179
13817,204.38927510286123,141.815240465273
13818,4.340214956538141,1.4352101106517918
13819,224.97799600615312,323.7959562876149
13820,20.495980528969667,57.99286548218857
13821,3.476146723605388,5.749377298853047
13822,64.21488201610983,290.8566358746259
13823,10.032790916279213,22.88839431608972
13824,8.423982088469106,2.6105605123883624
13825,4.81144180476568,3.1278628166469646
13826,96.44817225471164,66.77460491634088
13827,54.83373154406031,146.10305339821377
13828,2.8298623286291926,0.7060204519339429
13829,21.55705066466726,165.4409175080888
13830,64.08052322551082,49.941189528556315
13831,3.525435546359528,12.363094158758278
13832,8.173135224973866,18.879352199736118
13833,10.754581688347393,6.409872499854878
13834,0.014097922080110958,0.011985769802391744
13835,52.27782777340586,127.8448601848232
13836,49.52104344762553,15.224884885961108
13837,10.077734841563903,27.981547913650296
13838,179.16979755945155,147.89515554078565
13839,43.69715330942969,24.684665354027675
13840,0.43787274628972384,0.14543577897944104
13841,17.08293972010993,7.160268818489628
13842,37.265634079857335,117.39242893433169
13843,41.9354669553785,66.05302357852725
13844,84.15856279457836,87.687200739606
13845,28.767182089187905,15.893935324544396
13846,11.637674468949037,62.26532595656012
13847,55.07391765905178,270.4630727459156
13848,96.35014598089384,123.9887436412909
13849,3.201214421931413,26.073382814785706
13850,2.4856378054273778,1.0993575006274847
13851,67.00848803514612,123.98154660976564
13852,5.127884598177243,19.770374736946142
13853,36.75820412449818,5.137997752125383
13854,8.664104382702208,44.63089442551837
13855,14.754698235464698,13.071565165653924
13856,11.858807546495374,35.02909610830133
13857,164.6692738809142,141.84219003336048
13858,186.2314217278439,108.00026842438696
13859,42.216597941144684,19.892339843300203
13860,27.47528327944991,41.2990067732177
13861,82.76203535463378,51.206728082874164
13862,77.63819464321945,80.38681558141496
13863,54.597615169407746,118.56801872736115
13864,150.56851846569475,63.072885675672545
13865,146.73617821488585,360.02072441125057
13866,6.644049724529245,6.00402243492784
13867,31.632220954963802,13.582165904776183
13868,297.8407784437627,110.40982584098737
13869,22.32618926236084,158.20535655629567
13870,31.617133446000718,34.029608221261725
13871,137.14829282245503,189.9287082830161
13872,12.6281282831249,5.60304076287698
13873,33.683930113293236,182.05378947370403
13874,3.509434374743406,0.6023956559633419
13875,95.91010885737568,95.8087939464303
13876,4.213687793491494,3.6033354470619816
13877,58.99647346530722,8.151636781556634
13878,90.76452708165576,62.865996574708795
13879,14.610109529510309,15.810980335799139
13880,1.9343938357735155,1.321864031584215
13881,13.946166471006379,59.76092353715152
13882,21.16426261886799,18.960867845092558
13883,173.56378246794606,75.9946152512883
13884,22.559912703683914,24.587855018801953
13885,212.08586866377698,104.72087155111706
13886,18.764038272397148,4.504608321379578
13887,261.4789381602271,57.41372211951335
13888,15.706349528566,6.129773443060357
13889,24.766503443654926,23.868282516541573
13890,92.45644912903282,59.724212390303464
13891,49.87685151760264,35.62557238944371
13892,10.346168416882804,70.83262420898485
13893,12.293579945494322,27.235351025283958
13894,24.993049087623596,11.28410483618853
13895,1.3673777791039052,0.9922829899393198
13896,111.14740760671376,37.1604392191721
13897,28.916561945763736,31.91756344524646
13898,20.32090972303537,138.9458739226548
13899,11.014181757445453,1.233353692565812
13900,5.649901965794539,25.86310728754485
13901,2.24274910089154,0.6728522893261673
13902,45.57896486217926,30.192425972012526
13903,155.85391776631747,236.9062502471748
13904,24.051417279758965,93.87312235182765
13905,53.648986046665996,114.36146947789514
13906,4.708532459657806,0.4244407999231107
13907,6.545078784874177,9.641828957990118
13908,1.3185117978352558,9.975535408814379
13909,35.42013272461577,44.055552694220815
13910,158.67177114406957,310.1428180108069
13911,277.8340985087173,59.61741682684716
13912,3.997652776919226,4.264001218356509
13913,5.751597258649843,1.2651042504778427
13914,24.835973543951145,23.629174382895446
13915,0.8026189608832786,1.0274489780617093
13916,128.47370634234767,243.5409252570919
13917,54.456744902085546,264.76229534796465
13918,0.9182947579842504,5.7183495406423095
13919,53.92836426824169,155.38298857569544
13920,20.00706637588572,178.30244383817745
13921,117.16831343463242,64.00324270900924
13922,8.418434246291145,8.649252717095496
13923,21.080677760615817,39.27432199255915
13924,7.242955932433144,12.27713667468997
13925,1.7159086208727432,3.6476188699197243
13926,69.90448868989873,78.53281104611688
13927,20.86092781273171,34.04059861873274
13928,239.58529119849436,87.52692443022613
13929,62.75505543677703,41.968759436093535
13930,18.316853502145097,4.009375710830816
13931,0.7909652206205495,4.871234452730922
13932,1.0585477789917086,1.8377449258795386
13933,96.61091894125677,178.18524577823814
13934,11.835346552502553,63.374852295319975
13935,6.056908500924,9.869688541490968
13936,25.839712435423387,7.074021199779082
13937,6.861521921112956,5.688912437520205
13938,61.99789790205828,93.91528436423904
13939,113.28551525137117,195.89722743373642
13940,13.135273400688856,16.05184353474002
13941,0.35730449077001025,4.001440575302753
13942,184.8291885132537,70.16919259344554
13943,23.05555688292116,15.967905630450248
13944,86.62749183452999,62.106155038624316
13945,15.766720128168885,20.767209805646853
13946,220.42356604995152,82.95053551824438
13947,78.26331620938649,245.958608488798
13948,7.879294315117399,18.48175369298231
13949,149.9513519459514,54.86303629790717
13950,17.757330284630548,5.476418360223118
13951,0.6647809483972342,0.31835650721536934
13952,23.80732229376615,3.565081067751127
13953,329.71781689506486,222.41155335190265
13954,119.33218206098599,197.32385802770673
13955,26.654462499556846,118.30315999087523
13956,2.051894870984383,2.313764785677381
13957,17.249492814101238,3.8313176805835694
13958,90.09928113181341,170.2282714289767
13959,58.63723343996921,11.746091537770617
13960,35.52507432084019,22.805320425389844
13961,1.9899741203933468,8.837599853594114
13962,33.930968468538424,236.69308987911793
13963,295.95915045208886,40.86891128622732
13964,81.14934888122255,15.256349189163249
13965,3.2737650160873573,22.326402282276764
13966,48.7950651306844,140.30204929522122
13967,33.34102629252305,102.65814846724614
13968,8.614580187197609,4.079160248533822
13969,30.394716864052363,13.144699371915522
13970,0.31195619603316005,0.9699651572447741
13971,26.61124040387719,7.114502124903835
13972,221.63503887410963,61.19254709290813
13973,45.46158895812187,18.092049620579076
13974,10.218354263690138,13.406614771164513
13975,15.560817307821765,9.943419193944914
13976,16.025857640545816,10.715821040757502
13977,20.32357082311702,51.33001704935776
13978,63.73492533062045,20.469232375697196
13979,0.4498840631696255,2.0795477466227292
13980,4.432654644294231,18.684226255193252
13981,48.78143056171251,105.70219864807078
13982,45.58778095851639,12.046279156631389
13983,19.762891516166235,4.737176978450828
13984,19.397018513206717,45.98280893927028
13985,5.0172136899049695,2.918686205034203
13986,35.665482187253254,6.175161000822929
13987,1.629474259587431,4.724498504017477
13988,177.64883197133423,33.637867035883716
13989,285.29428324163416,90.0118284210882
13990,69.80607626726837,311.06092816872035
13991,36.396646995614034,23.591192177814587
13992,17.30346436135828,113.32769399947745
13993,11.065576183905357,49.405521214037606
13994,13.190179815169632,14.222417780768764
13995,48.69642080911125,49.33800134164888
13996,38.21251670453614,53.867652199300316
13997,106.70609941800248,120.06972721869086
13998,30.531477172467156,62.93278970383952
13999,53.27717246126829,195.0841857996851
14000,53.97382924889411,102.22959090028584
14001,3.2913648998320557,0.41013184094163124
14002,7.646944146398965,5.4356469692583875
14003,20.352140666001983,8.40493930724938
14004,5.231685826015336,2.741937974218985
14005,14.486899723753067,33.67591959520863
14006,38.264060793987404,306.30289313969627
14007,1.1926451827831015,0.4978624664902782
14008,14.444091723485784,2.5212813795090696
14009,48.04486018026203,225.2787394681257
14010,15.42035599445491,59.53024837508079
14011,51.729496433891356,49.00345000702205
14012,39.38160191338832,31.261532371717333
14013,63.405391754215756,12.17750247102728
14014,29.093049579854828,190.6563814476578
14015,409.6207537509166,72.29839261096117
14016,14.223523518810063,1.5467991717598772
14017,36.202570719862756,50.93071804740281
14018,10.225767086562117,11.643079796427319
14019,15.30619958350213,5.4437783245674005
14020,17.53808117140093,20.270355998769823
14021,98.19604869933333,77.83916441799589
14022,12.696483288461762,16.320886272360248
14023,14.101533965464613,8.400830925176953
14024,11.88940233865277,52.91546052792299
14025,32.40912656785049,40.91886869517932
14026,19.06335450051436,20.713997585765636
14027,240.00679296615755,223.0374700444401
14028,80.75504192983031,47.484343150317535
14029,4.149532836452181,15.514647385829246
14030,20.592985921165873,3.52885185662288
14031,20.9597901398754,13.8058859012154
14032,56.33082296424779,17.996235435399164
14033,37.101012065389625,17.03466265167019
14034,0.6896115695339697,5.592059990103852
14035,304.5060439210737,34.141064525748924
14036,79.64210982405143,26.969261404635056
14037,162.64992811489782,27.735939231915612
14038,45.90855953584505,139.57742214267697
14039,36.723688669505734,163.88027192207647
14040,0.7993578724156818,6.634212235405402
14041,20.49526228686959,19.17252129457723
14042,0.3575769598187506,0.04680961216308843
14043,7.811628747706529,38.036561643402834
14044,3.005315972465178,7.644848467261565
14045,140.63126046452567,224.10243038613265
14046,35.90773435904963,34.719363801067495
14047,1.30969094328623,8.876902939757908
14048,85.85519202528265,17.461894418144013
14049,60.71028264477959,10.788888729864915
14050,24.046988888221115,11.43865370547791
14051,1.4213712249389692,3.584287042779712
14052,37.82701575725227,21.52302778763842
14053,15.940831718137767,57.47718596356357
14054,327.7057606266968,96.56616071452333
14055,33.28093783244179,55.42027074708359
14056,72.9082052412212,107.40665953705941
14057,0.5879332204672068,2.115556574359416
14058,6.526151643457328,6.410031816800562
14059,31.986433237871015,23.23960417737468
14060,14.488611985310213,99.27477630922752
14061,336.1066932178687,74.82738991314848
14062,8.538142871313163,27.232169066995983
14063,238.32780782428645,108.94269025525443
14064,149.4004029322432,326.59532720246796
14065,4.783451518566134,2.363979278133238
14066,10.576776840859722,8.935519865293871
14067,1.743284757438739,4.728150420754469
14068,46.15802768674586,224.7360221445942
14069,116.59303879277599,35.77969786289634
14070,29.39670273911646,23.22690347897792
14071,19.298288326403167,10.426432456036686
14072,22.89640343109681,19.297513478078887
14073,10.83977836945514,5.024326572424902
14074,37.31848709847483,226.8169639804708
14075,75.57231083505509,204.51968975815015
14076,36.477180353431756,129.25988713824157
14077,50.813530424311125,49.54460893610515
14078,128.66835215499913,73.6863361468339
14079,91.40462220158051,69.26891096443751
14080,12.526061666357979,57.29996612281386
14081,11.68878561232907,6.26398939310611
14082,34.02877805475602,13.891908230682262
14083,23.016851620593183,114.04003876189702
14084,4.094418722309707,10.673745246512176
14085,49.66741753046521,14.17252056692617
14086,4.218214755373694,0.9913866634118432
14087,32.06186595832073,37.23761725775889
14088,93.06817928667779,58.396267811845775
14089,9.185457584643364,13.718323840037291
14090,8.493578623803451,21.69245311710958
14091,125.87251752843557,67.72136434804004
14092,29.76708806924733,44.74836586891299
14093,46.010878190124785,28.7705272503944
14094,1.3576272748557663,0.7420247900444544
14095,84.2254102529672,62.613363356798246
14096,3.239624898485808,11.185127897247664
14097,48.75360313412991,22.164682482689123
14098,14.087461113505142,21.341313964007625
14099,19.126091484709157,25.522732170196498
14100,5.669577687442336,2.898622532574114
14101,27.625644959025454,168.30177639167363
14102,92.87586734659811,142.32133647265016
14103,137.09219584153914,72.87788044633508
14104,30.167895811103065,104.90350787585544
14105,0.47433172333486495,0.40386964592345787
14106,0.835139191417896,5.595601373175991
14107,33.455295581621435,5.638436674759598
14108,29.30536227920668,160.20680753328878
14109,94.0077978137968,79.2292341863744
14110,4.479137105498211,1.0663090218264177
14111,3.6710641140365565,1.4781451236837768
14112,122.69278165610268,14.801488883014184
14113,93.15146779407611,223.1654937524253
14114,5.8917951266086845,8.867554239648946
14115,52.04505390525803,34.99536472661081
14116,14.178786415709428,1.9527721918801748
14117,5.118114218764061,12.023761078982265
14118,16.214327360474737,73.708472431477
14119,83.35292623290967,79.35166256516953
14120,25.035489402477157,43.061731815029574
14121,11.99014805677685,60.735663489951534
14122,120.79291276605787,35.97954878935368
14123,5.995201878328506,43.58831585787476
14124,5.673697163613191,3.685497414383571
14125,69.59092661265198,176.55981992713455
14126,111.36037974066251,21.706305586027863
14127,10.853402989547138,71.09942140734617
14128,1.289979590506544,0.7071124867061124
14129,52.04187847054099,295.16243026583675
14130,44.66375386515465,51.428427619869744
14131,214.42182448788185,61.36391183223019
14132,27.22570494025057,19.14142568152975
14133,108.07459835658472,258.005748042371
14134,55.74359349873652,7.642583529094036
14135,51.029254821340714,16.50887455095648
14136,4.836139636281708,27.567386648785607
14137,158.0341399526013,89.67550547311184
14138,131.24848815961022,27.6277082632785
14139,1.6557107284906563,0.9561875123868471
14140,134.4514097276252,15.373600880626498
14141,402.22274600307287,120.09477257251343
14142,13.635311454992554,102.12135572533714
14143,30.84758794364755,245.53049376858456
14144,6.313557272454215,7.74348350813286
14145,118.09079502829661,178.24695648487528
14146,48.29524586605851,19.80803609938241
14147,13.44149403609143,6.127520983688154
14148,28.048131654827657,22.87425711888552
14149,2.0212907705929823,3.583060652460727
14150,37.316537896817394,46.024063868025095
14151,219.37262739094774,193.93566035245505
14152,9.807141796057362,5.4967386219211045
14153,174.60347852578198,140.89321343547397
14154,1.451743536993624,1.6026109301876463
14155,197.35959038793695,66.29959994281923
14156,54.08746249002813,35.49702798621175
14157,25.543844721101753,6.206855188871149
14158,120.71229639070523,16.63374873339456
14159,14.479207801145904,26.379521000543765
14160,59.14108041703,43.576031753029895
14161,3.611540363880621,4.947753787488001
14162,87.7579083714175,49.6723377341444
14163,2.1395839358642923,0.7356266351220991
14164,124.9111702106416,97.34213464433668
14165,4.265186897526917,18.37522375237918
14166,41.85313007819978,311.338740380836
14167,61.908278547343365,22.7102948259005
14168,13.963273688026089,81.71598020098901
14169,18.165717124498677,10.018465007806336
14170,258.8755689599956,66.35237772341813
14171,29.696549272401803,165.2784800313471
14172,9.054051057735364,2.4098291314512625
14173,22.67822603741051,25.66385070327881
14174,138.35294844014487,58.512179618792636
14175,11.658991668039928,18.335554646091207
14176,33.677880143450174,72.06189809403031
14177,10.276889612219492,51.122976909008926
14178,12.045038561091035,61.677259802382906
14179,3.76648943020174,4.46445448553659
14180,0.8631640679132533,4.589059575824657
14181,2.550478454325272,1.2873313011158676
14182,23.06591438537462,184.02265596246113
14183,1.9421166406175525,7.256613736256548
14184,87.53070558430852,50.72699112049533
14185,6.941158148044554,16.16470677211226
14186,73.51441967601905,224.36378709845903
14187,19.842446229687965,27.399630875263686
14188,155.01331224789982,78.15153023217235
14189,10.457278602382992,9.818082915625412
14190,33.45061396140476,109.20178632063195
14191,7.342642269394989,5.2888410267122445
14192,27.15322252078364,93.27740539513772
14193,4.4204195814203375,0.7277487000572472
14194,20.206701758370507,110.01520503996596
14195,48.52092303584927,7.335366950666647
14196,82.55045732179556,11.12346883234293
14197,145.09551650871094,30.87372134724686
14198,13.563716281069489,2.845397902381805
14199,89.4435282263774,357.05279861973156
14200,3.9373230192524304,23.771278912666077
14201,97.75430148099937,103.81681779700631
14202,39.26683562043816,139.31972179916528
14203,157.90341523073835,43.605704576689575
14204,126.16546639577082,317.72773043186896
14205,17.851354077093003,12.42767834390305
14206,236.0637768790907,52.29456036853681
14207,92.76531313275127,26.45377553839624
14208,21.806901399480573,9.514314611090901
14209,6.427238613034705,4.296655980981203
14210,32.02175656180306,31.16637346451852
14211,204.91509731004794,224.86966378558324
14212,0.34195311343974955,0.05567104258956501
14213,150.9734042534581,206.8053971838297
14214,238.94452392162464,67.21658238582135
14215,51.11831904985666,65.15389838653985
14216,1.4430665820747266,5.534086836407433
14217,7.654060308665779,14.541878977389594
14218,229.0643685740833,31.414527767451126
14219,39.51717373630853,52.07047515003485
14220,4.083132156292578,2.8514421162231836
14221,62.28501370902574,33.92202755083365
14222,9.042247972973154,6.583275869194503
14223,5.439175156835042,1.9869083572405912
14224,35.06240157639731,5.767275911446666
14225,115.15698327506082,38.98075562568462
14226,31.76950299985956,24.288507813316066
14227,8.395102485624054,8.11795454584301
14228,56.79725726022433,94.43197248034555
14229,1.241317223349087,0.5177847537224188
14230,51.87928720600959,13.093944940490784
14231,5.003394406614185,5.166456251933247
14232,6.611779226967567,0.5835783076156261
14233,4.662861305314337,4.825903237910407
14234,33.376993534451955,14.120615562087917
14235,2.9354412497040316,0.5111624019963105
14236,99.11003753755534,83.64474595285739
14237,2.417938025009474,19.886145069143897
14238,24.114368669493764,32.28469978287818
14239,72.83832577758251,102.38681952997752
14240,3.0555002917838707,3.8821395394980183
14241,8.431940284166044,4.3480936163105195
14242,127.87067187731823,21.086252004798038
14243,29.129275570329504,11.946425966257834
14244,88.50955519333095,138.73722968989185
14245,213.46078450744807,39.180086022431254
14246,49.883556268493834,44.31656855159656
14247,10.763437712050772,98.3931294738745
14248,51.65052863818582,74.75561398340253
14249,29.052805176759733,37.29562103894836
14250,128.68632499572328,226.53082471835916
14251,3.8242956727888275,0.4108803899536084
14252,11.657157476771427,45.46139686739212
14253,6.983046282053244,5.1358457204668415
14254,20.158315672167422,142.60696953486251
14255,31.62166376154995,23.89568179059948
14256,25.159432585875784,15.29970421370867
14257,108.59590207091975,97.95949288620128
14258,4.472554600361658,5.847444294097946
14259,99.95944333864841,185.83634268248647
14260,5.179974671909266,5.2689885391695395
14261,44.40173416976968,43.07800811492056
14262,1.9798339527821283,3.3234676044833935
14263,21.892937928769758,11.62455736075038
14264,2.5765672778605255,8.356034688706393
14265,221.49183261667508,110.42362848365525
14266,263.2191611540408,298.7319035210625
14267,116.22232081614325,23.340447739803412
14268,44.41168107539033,7.5428027857560345
14269,47.16823776920318,35.70244351916501
14270,55.957884722683666,41.646428152586
14271,3.300545885673434,13.61551124120674
14272,5.894882785282147,5.365822888308326
14273,14.885916898929127,2.755552209624637
14274,188.81274675159176,52.849551098890245
14275,65.96744382020646,52.94661892779146
14276,48.94274886753212,85.24306115439822
14277,213.88709576316506,65.68787061829445
14278,133.55177190082094,315.916305581409
14279,9.693858833377336,3.6326635692149414
14280,66.81641576194691,33.08904381565739
14281,20.83285935591938,4.350910191788106
14282,15.224509940332911,5.351799513840532
14283,55.37104539507672,28.973543139258222
14284,11.763785733466293,50.97788370576439
14285,27.0793382723832,96.1843888989565
14286,65.23190861929477,9.273588573810912
14287,0.7366533284612391,0.3408398569778437
14288,63.72688376389587,14.254841528554632
14289,40.709066972602216,165.8575400512056
14290,9.705054326200658,5.530833030099242
14291,94.67134455112115,38.634312333328744
14292,53.57211047026191,149.80668468795844
14293,77.83211586507667,41.65665073614454
14294,4.123765405408021,3.849160843620382
14295,28.342131256521284,10.88735039214218
14296,2.4016317255530337,9.759219847236265
14297,34.1037742078711,28.545067918948504
14298,27.26099126949324,63.04545301953821
14299,36.38608235372176,59.001323526339974
14300,15.33953466365501,44.08420981951103
14301,18.658068711558293,13.116238046464954
14302,89.47756551248787,81.0609912550386
14303,1.894928819239165,3.036576966474333
14304,175.08181452248795,72.55482196390868
14305,10.013037334068686,82.10477878658453
14306,82.03134577552414,15.636885929012227
14307,0.5764943021945446,1.2923641955920409
14308,62.122360688059054,58.755943310872084
14309,14.167890754144118,15.091638359566442
14310,72.22002576189107,29.799167379719883
14311,135.565080460444,51.951693715407906
14312,191.40651353605284,249.02720569828102
14313,10.012874714950833,5.623616873043712
14314,24.116220192566047,27.618909333639415
14315,82.46959824932264,339.9333373154368
14316,99.3625028310375,61.59310147441421
14317,2.028973719710452,3.1076574015429133
14318,0.7661727631786224,2.4599235513542665
14319,66.69450268424373,58.43468679217099
14320,19.976860168369544,3.041942438892272
14321,61.350406548820956,453.2125257507322
14322,82.15705685308724,378.8888004706597
14323,5.02765184351526,4.284114761101134
14324,2.0914255977491463,5.7457605222138755
14325,23.78822105337163,5.419928598086693
14326,33.83365709555797,189.33591423220975
14327,2.7947021397171876,19.38463423002703
14328,1.5301988349139601,0.949090810695788
14329,11.855545933816144,69.67929978969248
14330,12.1759919308547,16.16643238257263
14331,106.20943507477752,33.43521294550039
14332,245.77295581020584,35.20434304906092
14333,50.009978021013104,251.17690801115052
14334,10.980225996665133,8.263567562298368
14335,77.99702206354748,223.05026824995753
14336,46.82609177069896,13.76084417459141
14337,0.15087148489436442,1.6269054917492662
14338,16.259542588571943,114.566387409452
14339,73.83856168010058,456.518104294307
14340,14.955032593051396,51.22515790735455
14341,21.202656314854597,12.894559722158352
14342,166.73687626119477,141.549031200302
14343,158.82246489171058,81.55708199015875
14344,12.045102009808716,9.797387270749097
14345,12.084913934218754,8.042880348356949
14346,124.99215362482866,97.4061336948953
14347,52.371016368587476,204.52507801035347
14348,1.0258757410834622,4.768421361391719
14349,86.95067840550442,67.56918432216727
14350,33.29819433351181,6.477594088268766
14351,92.79625755370088,26.83422185883447
14352,97.21309487129763,22.656533295599772
14353,0.7938278616473169,2.9452652582727086
14354,48.25840715590172,29.44167046904719
14355,15.289874399941677,14.995544857750268
14356,4.2066478793266935,11.809804768336459
14357,97.13072108204821,27.13381105542052
14358,6.533967242576694,9.203471973827636
14359,289.5088073139956,195.16738902692066
14360,6.381740246857516,5.556006669477447
14361,270.6254638248737,110.00691351784766
14362,71.71434322817088,60.55458992452826
14363,26.59248982175928,73.85076089512314
14364,301.9934561598709,182.98651863731618
14365,75.07207391886276,44.61839047854968
14366,139.97691261996147,47.528390741303376
14367,37.93612460206139,35.12651389356302
14368,13.774272063836998,3.381669475647589
14369,27.63810683206524,105.92368546621643
14370,0.06693229297081782,0.16220002245917808
14371,25.87411238344987,22.535602214262365
14372,16.183215821349364,6.541644924761739
14373,3.7799416181410814,5.049955881617624
14374,2.4905796297958256,0.5298671200567008
14375,164.38245558251052,129.3215152854991
14376,49.63100708783212,44.369694113156974
14377,21.954576265808868,21.00785679626193
14378,4.381202449623748,15.995614899149778
14379,12.002328644721906,26.834393730462914
14380,1.1478973745893561,2.0535611502750752
14381,361.9824289777076,89.25895376612418
14382,18.329700662216034,17.34081537037383
14383,4.7279572541037975,1.921961199346435
14384,67.5061318948264,40.024486284437835
14385,16.45674046164197,63.007396515049884
14386,0.253067763042359,1.076246059194599
14387,79.0438493789936,445.7532047578305
14388,39.952806704523255,88.60185678686041
14389,38.04454000141472,5.798935627579004
14390,100.47050704394698,57.962528983523626
14391,1.2315437507818785,0.9088570909229505
14392,85.5389430928028,128.33653338372173
14393,56.23934144388066,45.42171478292794
14394,65.71598413102035,43.562176838922746
14395,2.418123298962749,1.7196806649671885
14396,11.079869822871384,9.610524190710303
14397,151.6183850179739,213.83316995996574
14398,107.53363382459507,41.60201794855628
14399,14.562054224363644,9.001367406769905
14400,3.4034388326179608,21.77379789627583
14401,9.052707254436315,10.553620642859691
14402,110.51182518126211,278.7199192321875
14403,0.9352491929168161,5.118099118503075
14404,7.159382747979082,56.01380167923297
14405,11.193587216190862,8.739915851612704
14406,291.50927287608334,38.180145133678074
14407,42.33323158277466,22.30155027846194
14408,65.89251606446624,101.63722943852684
14409,28.999146943881772,57.931758730358794
14410,28.184990214310517,61.049920193671966
14411,38.38238719831679,57.246524920494814
14412,21.778226271231556,32.009382411019
14413,3.868409780539769,4.896573327645722
14414,141.8679344114172,130.72545793716648
14415,9.69413655385137,22.928546366690345
14416,20.643393854755143,24.748881563133416
14417,14.125499916803637,61.158361710051174
14418,19.90907531324235,105.73199076271541
14419,4.0358450762948905,17.096211933431153
14420,167.59134505229028,62.67766857378159
14421,41.967414757723915,81.3113541853727
14422,230.3189623779254,204.2742288081765
14423,7.502986535388789,14.37459994529151
14424,44.645072768528856,98.59515390582501
14425,32.4666636871462,33.563183855347724
14426,68.18117994921236,127.66374240999019
14427,45.80707453276795,30.348385555441048
14428,61.80892417500505,142.24307443940282
14429,3.6073533978925205,3.338268628341208
14430,285.1103090450147,121.89654547441
14431,8.092063071506352,44.19342989077267
14432,81.86504929728925,131.42938665228442
14433,14.580837227761183,2.8592464366836268
14434,74.94271909328722,65.52765670476788
14435,31.516106810541974,11.98338858244517
14436,20.76604465827909,15.342206347975116
14437,2.355855265860832,1.741671906762027
14438,25.328747887019528,47.29499840002766
14439,81.0908341549657,26.811061798871357
14440,231.53468580495291,100.39901252484151
14441,5.980890041008492,2.5252908341135867
14442,45.21660862875697,127.55571600548913
14443,2.257092648932582,7.7792327119532345
14444,76.25626183852293,414.1255751225797
14445,13.340875630462541,2.085036129489157
14446,59.559939885754886,21.42254186656177
14447,1.6966778330306393,1.9915144679612844
14448,3.6008557040932954,11.0890765047746
14449,0.8105099023203786,0.9374503443121366
14450,5.964879323177523,21.90921906094999
14451,42.66168461164668,62.69259511942265
14452,10.710566011692716,2.6373563266222835
14453,2.6079389660143866,9.21630234725237
14454,23.806718428302478,112.20757261878794
14455,125.57514709770068,137.78414719959954
14456,28.957904587747063,41.96697091115648
14457,329.02706428334807,70.87039655725945
14458,347.00394718673783,182.83000646781446
14459,7.958696960054885,1.5745442326534964
14460,12.00532006903907,60.47794740863114
14461,2.1959727709617938,0.7940800939377917
14462,156.97042864130623,141.73764824110336
14463,11.764142931341075,42.280647398699394
14464,6.079144084124481,2.701429818117374
14465,1.6686376979208564,0.3885905129433517
14466,13.835455726046535,11.985986907810583
14467,17.85008424011691,3.0728751153375455
14468,7.182380793286663,5.256522809679671
14469,4.960315960329046,1.060637555269545
14470,5.8007753680580585,3.8862861822382637
14471,4.4544965065071604,28.186740672246184
14472,55.545869680103216,187.58438350719075
14473,25.39366738383302,59.045370626340656
14474,34.911120225399785,68.49484115038233
14475,41.97962236724043,45.65166388432617
14476,23.909665969232044,6.80675877667345
14477,2.4338003808045343,2.080405060671221
14478,37.31580019072447,28.82045290958215
14479,2.6771897809621503,4.804344485939569
14480,26.12284992033177,26.130079155511172
14481,65.82441242957083,152.1941976355688
14482,37.6111943491893,107.68415254253257
14483,38.5848613972021,9.089613655951922
14484,3.774783250344581,22.893863313449636
14485,190.8781743605356,28.241821566369904
14486,13.416337553777948,9.435199162365803
14487,1.4205077943582842,0.4496588544605217
14488,20.785031657722726,27.85230054037536
14489,135.40651369516058,257.18973822708654
14490,11.062608518070151,68.02645992552668
14491,46.21050573683642,64.86478593957337
14492,2.121232998786465,3.6344616064307136
14493,17.333111683637984,94.88069548353629
14494,32.8514025413646,95.39203075765822
14495,29.110770217045456,3.938624396313736
14496,55.50241371300871,41.5519316775905
14497,91.59497522699897,26.220047792896928
14498,96.20692461865367,89.07340295839437
14499,226.59900125815284,118.09672224703493
14500,120.34755247145468,239.78955552820082
14501,48.7789041513489,8.201999329019536
14502,38.05131814653032,134.8111358563006
14503,9.445505503261879,1.5188808712991932
14504,42.82959225826364,9.847159173908533
14505,10.85963698475949,1.54442508928829
14506,11.503299813084132,7.040930189515579
14507,24.45146074174225,12.00272200393374
14508,24.686980995513856,9.573775018435242
14509,27.757548067845516,6.979201051538676
14510,280.3849176941516,233.70077209876038
14511,31.998635529888023,58.991138817201694
14512,0.5187348726623109,0.1404718611698509
14513,222.49622719619632,247.2206854029164
14514,47.0689937130009,214.80970998230876
14515,140.12518816421175,93.5571844332573
14516,134.93513267970837,71.58195654690704
14517,72.61851426797493,27.76088929452329
14518,330.3096978548068,91.56719449699538
14519,134.98377036112973,378.8798981369018
14520,176.52680007252758,75.78807454177655
14521,78.9753155083254,140.58134296925448
14522,0.25646678070402995,2.063877103693777
14523,78.67264881433171,193.81084988528323
14524,50.08587601618396,11.58446436535544
14525,192.05019012509842,260.24470626651015
14526,38.853886900511974,48.70302813155619
14527,5.799969368078663,5.812078276340693
14528,119.47382802963625,149.85216409117604
14529,15.41952901826817,49.55512174526447
14530,26.64845528250937,22.950720049296113
14531,140.45894929891986,54.88939213750374
14532,4.220832834471882,3.694559449038046
14533,26.243244511786152,91.37307362647527
14534,0.8486899759891664,1.3813192910510987
14535,5.1441993544988405,4.220614394939227
14536,140.92693896319366,22.78024910099071
14537,7.502888544907943,22.158920028418738
14538,0.8901792762078096,3.6098569309445114
14539,236.42966197735285,36.12285419312193
14540,247.33814460705267,75.18869443472796
14541,1.3972851729611717,1.5596826732086828
14542,22.15120424317837,41.509433237043915
14543,10.66865767254852,7.855917733951696
14544,46.80702356980561,28.197321834803635
14545,11.998618908486188,27.908717388009023
14546,27.48397154678075,73.77357321446317
14547,26.27501592127571,58.34972050605231
14548,18.865596906827967,129.35344636343257
14549,5.895618246394335,6.737818026387139
14550,83.89892851672121,130.8006171493269
14551,100.90958251212957,320.97731217205205
14552,32.16361972155434,6.896394723915935
14553,75.25529161167938,105.32184241167617
14554,18.130317624354678,18.472288743845656
14555,91.95662098196128,99.56067479722067
14556,16.13457559355566,14.834293579270883
14557,7.739394819590382,40.177255223530864
14558,21.122631320868663,188.98825950992097
14559,15.945613817140229,13.559666253054548
14560,63.957002257766426,81.76720014430833
14561,10.637890015811928,46.93872922019628
14562,2.3664133120430986,3.2453424610566577
14563,72.16030377783014,49.949686314977015
14564,29.971827088008848,76.19117286756554
14565,78.2298876118685,297.1003596619731
14566,119.81456648728204,28.45486794641432
14567,3.1951966362766115,2.410287434032595
14568,95.13747980725162,49.72202261422982
14569,5.168269838863298,6.302524484822322
14570,16.62827149307541,20.49344723242448
14571,1.5967350241327738,6.429567686902665
14572,0.04812310705142786,0.4668456995134117
14573,168.10591265996774,152.91886941341312
14574,40.75549258718985,41.57257236042413
14575,1.7295731570262758,4.550516979674111
14576,15.130942710684753,33.50947545989011
14577,79.6178471691946,33.01828168619267
14578,8.43948220841227,5.558566475454694
14579,171.61427892616757,84.07995956171627
14580,25.24162687348645,97.02177718068637
14581,3.4323501090881194,17.18000081100982
14582,55.98874863287483,27.68494654174596
14583,3.142229300863072,18.23943834249042
14584,0.4262175380314497,3.956017297012588
14585,85.89185502541996,201.48821555594162
14586,86.28560464839937,178.2125738145746
14587,58.58797004774914,75.09228000322943
14588,5.18488560192322,4.530898414183353
14589,44.90125763251535,7.0426021695012375
14590,14.101047825319354,11.556295534400252
14591,14.094398719157299,83.02178570652103
14592,59.376998317696184,7.99008820416811
14593,59.271569099097974,53.05655008454374
14594,77.6983512368828,229.46708477031737
14595,156.7981328820602,170.84394857282732
14596,44.964774770359,166.58480303551323
14597,37.09477368609102,7.8575429747820085
14598,4.294391768655025,8.20006597205797
14599,49.998375400210804,15.444678800320547
14600,72.07775895604519,375.09413784150115
14601,18.582996314805964,19.45399874694558
14602,23.44115077385977,4.7285950484143
14603,70.32475884411467,27.801717267572574
14604,7.975236723334665,49.19520167617325
14605,211.04690604800356,135.4201760784847
14606,127.6814553989216,129.94684108018072
14607,51.63374792751944,58.21017459669769
14608,0.21315334664000885,0.24879868225644675
14609,84.15407908672697,309.2330213989185
14610,129.51794586694845,184.45815628007657
14611,17.04185984858768,1.4073248711260842
14612,122.59978328861818,70.33082352918889
14613,201.75125703983826,87.42064189656261
14614,2.0586955235910454,4.95637523935533
14615,8.9469279475199,16.381578246607734
14616,35.613766557029095,75.85009533994786
14617,1.6627215428920652,2.8487034389698085
14618,0.355955235096612,1.2281942119738964
14619,60.2832294359696,18.279139321147763
14620,212.8446744674015,96.55976398377915
14621,0.2819883333012314,0.20104234103006624
14622,164.6579148767849,58.10497110410641
14623,201.89906162783768,46.36142532252699
14624,25.434753312585702,104.98736618038346
14625,57.89884548365384,137.82845644213086
14626,86.03393708977411,31.00068940123101
14627,68.69485242242204,87.84878018066826
14628,5.995288810929236,9.189322785734905
14629,26.818160298926813,2.8345717168682176
14630,254.24237124767,141.87286721227656
14631,137.19222023013447,120.36562902966278
14632,1.222611588322577,1.9981943261779063
14633,23.164812114860872,101.19794535039314
14634,26.242934470141854,12.013673726503516
14635,11.562623363253664,16.351831110189252
14636,138.99273453140796,105.72819283343156
14637,297.38930774599925,38.77238780356537
14638,19.63608829681049,4.12826544708372
14639,111.07676971025548,84.55368687051087
14640,19.70042816078856,57.40892189308964
14641,21.605177678742596,127.2009164782113
14642,21.44913813980931,14.990994064936743
14643,20.05041514782701,2.6735492969350405
14644,35.08063109119583,59.70573925522588
14645,20.69550564679511,37.89679119933221
14646,19.73002658829244,23.898858544193647
14647,234.90128713319268,60.38231706478459
14648,1.0810665436550595,1.9763744166783122
14649,21.358146289210957,62.443527581504405
14650,15.911058764491042,19.575805663075027
14651,36.760754473414025,7.453452250706855
14652,1.8767241386566447,0.6045217965620704
14653,116.24136653822185,250.58643796576246
14654,40.21077661195318,26.191494214770135
14655,0.5903024932998944,1.0892815163650234
14656,16.287078927237747,10.743384895309273
14657,46.33734005666871,75.36832620917293
14658,52.30690751183141,182.31863048867854
14659,3.3301323362198865,4.740807676319236
14660,48.683453121163396,29.717739191363112
14661,148.74457601370352,59.01134943592303
14662,1.4209519128921804,2.8600571635882455
14663,54.76285601617213,12.241307750217079
14664,2.5447703857223516,2.102131300571558
14665,12.352148846618034,51.47337345096294
14666,31.762209281582837,67.26743657674717
14667,17.90662237633577,20.68533881226956
14668,53.962374495978224,36.44872892409894
14669,119.66591233494051,99.96317498507477
14670,32.99693359580363,20.735647242124454
14671,6.549749244538161,0.8819194199015185
14672,49.701341486119965,96.46729426205712
14673,23.67639912155182,35.128444131714254
14674,80.11585873211926,78.10958879780759
14675,56.30543546038275,402.0838789797426
14676,53.359352982612464,23.581578113853062
14677,63.923829049484326,153.30128277385217
14678,7.570322110567616,4.795390744312748
14679,16.211382717289585,115.93769637666675
14680,121.23744631923167,50.831208432078135
14681,93.58803835933801,50.560804798231395
14682,164.44514281006096,366.29725605746796
14683,2.7934632140593534,3.1691618099273473
14684,90.71987659396308,121.73232052986444
14685,104.47412358572917,66.15016826992846
14686,5.041856259910867,5.831445003737118
14687,63.17565165494698,147.5487358465803
14688,10.263532924377678,5.00348864851625
14689,87.1494257424234,307.1146019051424
14690,105.69683286730302,24.85129580854318
14691,1.135514818574207,1.5115936450910605
14692,151.42493517782057,145.26007891858353
14693,9.48438778544343,10.745304257191542
14694,23.93326164607837,17.184800077605217
14695,1.8807210525039793,1.0560898282399918
14696,33.48512110265837,24.897481397160362
14697,93.24519582616584,58.87485832800745
14698,51.865185779121994,27.209636309034536
14699,9.740907299592326,1.5111912779102161
14700,5.752464036289505,6.2408071578551425
14701,123.90201934227453,75.16100055497455
14702,144.67507173665908,264.18577570396303
14703,51.52909949433511,111.7539367939593
14704,5.4937422436044665,8.610261687239888
14705,46.74307988452951,311.59273970699985
14706,18.14206568651339,3.774174788162356
14707,35.33657247023383,85.58691055198983
14708,32.12986173772624,115.69124296656216
14709,74.92132662699471,41.79077822647464
14710,1.440517476789539,1.7651067980707702
14711,50.162228760332376,22.11317655718182
14712,60.18363820954562,81.52226954514651
14713,104.82017406587107,274.7429304299805
14714,8.984250929840236,44.515612049618426
14715,62.76923923335232,131.4498318720362
14716,27.81378405634682,4.352686250611647
14717,2.5082714753813065,3.857689629866088
14718,2.3829498247049035,2.8129907313237505
14719,9.048754143923636,8.220701360416546
14720,84.46717439854503,38.74784723564162
14721,58.62842798962443,11.012446630941596
14722,83.00037760579437,30.832545297814224
14723,13.36361136948707,3.203171477698188
14724,2.0739892487012375,2.4641848039014245
14725,129.27887459350302,48.16171165534056
14726,1.7390405578521422,0.4011022365664718
14727,40.97623111465581,38.75027417283129
14728,4.613062247396213,3.5211977616724006
14729,59.18065403016298,20.70105012084305
14730,28.229118405830892,10.183768923292469
14731,80.45835077433725,43.95735787645856
14732,334.7762362203941,166.42098535509194
14733,19.85398987050785,31.00243832072498
14734,37.43991936006128,4.622295924669191
14735,6.72182302521551,1.5773979702134802
14736,48.94669343186081,53.709774114212486
14737,1.971459997236079,2.1722852033975633
14738,1.1295564546790213,0.4912004404858603
14739,22.7186186737457,17.59273875754395
14740,33.76278266758005,188.22827713276953
14741,46.80146106122881,17.349950958591172
14742,122.32269204918413,291.7181445676512
14743,46.32494102742306,12.942306617221579
14744,30.43384271966548,28.895193264152354
14745,35.18587141671669,42.6321322359858
14746,11.222693926108068,9.238759574084613
14747,51.92649537428403,116.16799273943728
14748,385.5376563598138,132.3314997512652
14749,31.099775032749058,7.915069788707165
14750,34.97574737445022,8.431927265706062
14751,117.15162609237196,66.72475112397737
14752,0.5292402217457524,0.9481795685382021
14753,14.407627099303138,20.74451819581462
14754,0.7400886678653875,3.6471178127847685
14755,10.19022272027472,2.2612744000295515
14756,4.653748090124955,14.76843201946016
14757,6.76168488931258,7.644622247690347
14758,9.8152246307188,9.671302727569103
14759,76.83665746535927,10.203093494784804
14760,6.382382215699396,6.226605977924496
14761,233.89197452759322,38.33148579047018
14762,55.014594596160364,214.52824052707444
14763,4.568936714270733,1.0844668632934136
14764,17.586809362661157,49.70027398638677
14765,24.92578855565681,130.62984701948488
14766,50.33417367041139,274.8946591116355
14767,1.5470801175225892,3.9396537292124414
14768,12.872542338042978,103.9467841692767
14769,137.08590591731695,23.816632108371078
14770,8.089717336522288,2.5738971731234477
14771,141.8449958957885,29.533683721303028
14772,0.6063470779687758,0.9173375852504027
14773,15.304559468307096,8.07314831130982
14774,0.19282368280168338,0.6171388856373697
14775,15.164031360437125,28.142431533192457
14776,94.59741339329835,334.53697314684507
14777,8.834347285401702,11.180180162113947
14778,46.31985987475774,9.426203212772437
14779,137.38703221597382,26.531979179852065
14780,187.92834159120838,42.260559916774746
14781,38.60102659997412,17.781402314950437
14782,18.94366887470594,32.85712514366401
14783,34.65882062704509,121.52209225437868
14784,256.57827338679454,76.2462686714629
14785,50.68750280937975,44.72725653631827
14786,221.08836343773476,25.048334312459026
14787,170.35480182360914,58.0320814927653
14788,16.872498788550935,5.419672379519238
14789,168.2012418172871,107.26953995318088
14790,74.46332840858227,417.0551260613149
14791,105.52026214943874,55.7703762670226
14792,69.53652859813744,166.95237153263452
14793,2.3692646145210903,4.705187233610586
14794,8.792363138869149,57.00209701837523
14795,9.54842506248188,34.55571653821751
14796,232.69822704625744,53.04996094087035
14797,28.39787495618365,35.25983057455665
14798,49.670065448925214,227.25627550558391
14799,11.027393110434005,56.97352203140241
14800,9.771223410759045,74.12817598362041
14801,7.515710710616875,11.662453980584425
14802,27.4652288766754,108.31944553483368
14803,117.17806839246957,39.47895533477229
14804,12.230027305817416,38.387869434884166
14805,45.88438706378106,43.85030761040823
14806,67.33695934398163,442.9623361377244
14807,50.36964420791079,18.690318811725746
14808,54.18393577630433,16.61270430994287
14809,37.109246100617646,19.84414157963708
14810,24.094786043996923,28.838725575700384
14811,232.92005532004515,118.25960850157611
14812,4.639028602911748,6.246389872836159
14813,0.6026486476218926,0.9099910009207024
14814,9.507012997348701,4.374891339943018
14815,13.301786661670175,4.608255219402445
14816,5.614378526835456,3.578768649518031
14817,17.258413002626554,37.55615973243995
14818,92.39341596841672,23.29764631407323
14819,12.679646255344224,7.295481729129984
14820,4.377003474666969,12.065211397129286
14821,75.99581469317462,141.48733751282262
14822,55.53950221850705,44.59627723193722
14823,9.17895532271789,65.5740218645167
14824,25.291024534848823,34.470981504382976
14825,27.335215924119634,88.96250889904366
14826,3.2804112697806516,1.877318664238285
14827,45.04957870688592,15.051023186101503
14828,19.414547031977712,11.397114156120166
14829,21.173141828553412,17.303376812774772
14830,3.477789278900111,20.77739407710101
14831,4.4626420863302245,20.708401614870546
14832,152.28228828392454,18.33049650158003
14833,2.415967040276854,10.597297292468111
14834,60.34892894587639,33.641919404165314
14835,7.940678308872778,31.58914613187475
14836,4.204175392323701,32.22163292163581
14837,101.56429870164314,187.75964494656603
14838,75.5333594041654,10.665460192184437
14839,127.126873812268,123.34660419609563
14840,16.075792229241728,3.1337837235199677
14841,6.043717715502456,1.3335019329241473
14842,38.94456147728081,24.522202037602
14843,82.61650934556843,244.8342850836196
14844,22.785145580779844,67.738350693222
14845,57.024917694599964,229.8492105982339
14846,298.7241856050206,106.96153477071644
14847,6.528292713608844,6.971710094885515
14848,132.98634916046012,209.74859143122532
14849,230.4023682726508,235.3963310815778
14850,5.636027181133554,41.906241207023356
14851,27.42885268826934,27.943360680793457
14852,5.574672676363331,5.198153259773601
14853,6.821067750401088,11.965867228064726
14854,20.833956609271965,8.30633198239519
14855,383.3962917006228,171.9007560181838
14856,13.921313058212762,7.271530899547618
14857,34.462419945427996,21.924498811330608
14858,48.25372429659127,7.2353553398128065
14859,262.8304362760929,47.805347955349745
14860,82.41337376220056,57.64564551792136
14861,268.24829988622247,87.94316663288429
14862,8.410618080387144,15.726926287655303
14863,18.432870612772156,82.85235340931254
14864,167.49948715908312,168.77126336320302
14865,55.81564051405907,131.9348112517297
14866,3.046500189274288,5.391235186803248
14867,2.8082553230146554,1.3340444621635927
14868,148.6984099863029,45.640948745240365
14869,3.3480543665577525,1.4005827476544006
14870,34.227034349033104,19.859060881095907
14871,0.8659058345649857,2.9611576362674135
14872,41.58791747314265,24.70027803823412
14873,374.9862378488464,117.71065183986312
14874,56.58787717977366,25.81144842972668
14875,8.013749536835629,6.58589968895846
14876,15.172465728810966,41.94069692882425
14877,12.357011808386837,9.017924644061466
14878,289.4890886992291,147.01375505612253
14879,19.189267343811906,21.803295725241824
14880,27.640011385242612,52.30212804762914
14881,3.4917568468512483,4.963297269545484
14882,56.42425768903487,45.49278105743849
14883,3.7383556477235826,5.0209702220732755
14884,48.81671170321128,175.44150286745992
14885,39.61986827704962,60.30306266363168
14886,53.0226207938248,126.09337533664399
14887,18.80656704625316,51.852550984888786
14888,6.948191594565083,4.371392345949664
14889,5.546013680873909,26.630064291824485
14890,14.230749780950248,118.81356705340308
14891,51.47367467128279,210.8314263870971
14892,8.873116445779376,12.31848395749505
14893,8.538936681705849,12.798581680745912
14894,68.1557855874575,203.96891062853132
14895,0.8408702922243194,2.223582900558781
14896,0.8259549884931687,7.387298417191051
14897,15.505158477408527,17.861147537290528
14898,161.60403540740586,145.36265793914436
14899,78.4616445747776,169.18834060036144
14900,34.23895998689329,7.532025627238942
14901,75.36613643397925,19.624150993064994
14902,12.450468491006808,8.864212814685585
14903,36.11413056727015,14.81867616510361
14904,2.465727397138509,3.21901988332705
14905,31.747404691198128,14.09707789019134
14906,88.65808157789303,68.9547699298905
14907,66.22828445981925,241.02258629489106
14908,99.34594225788138,83.56013684778269
14909,50.717133502403456,18.58314592153358
14910,219.08262440142,61.82324075164479
14911,41.84115994329534,67.84693967243942
14912,8.943296531038163,27.75609592478865
14913,30.72896415878055,37.290958118023944
14914,23.606640156232174,2.9297757995211544
14915,17.867256601774297,5.643889200990995
14916,28.57344385281533,143.2825695119945
14917,12.90484435295701,71.14881019537766
14918,14.754281553717576,7.234925783265202
14919,60.25298609415277,13.64373834803903
14920,17.445871990478818,94.4230645167886
14921,5.258950359592529,16.06873203585168
14922,12.16292285601397,35.76820022481249
14923,29.37530036853819,18.583618898404158
14924,43.87850175853163,50.163425579023546
14925,33.45833514478691,54.96761733346251
14926,84.41902950163995,20.29737652489174
14927,5.731398004732478,2.4906364772660488
14928,59.04533502085213,90.03370963138164
14929,4.0529374216384095,1.730939013943794
14930,42.484220658328496,120.7997933393264
14931,2.137515069764325,4.649122307900914
14932,17.0323762453545,7.0566912175301395
14933,14.591611283345108,16.001821334828588
14934,15.417430552266243,7.244114794853386
14935,69.0499418050202,207.41599191856707
14936,91.09915879296423,120.42891999778188
14937,22.87366439185778,10.94119117398057
14938,63.637972526592776,115.77808952262893
14939,2.2604725878651135,15.743836720740076
14940,29.196807903113672,8.730707814070477
14941,10.461739988846022,80.00723309489618
14942,15.479364298167717,2.580210492866535
14943,10.41150395210401,5.646639367842737
14944,102.03403687588953,351.53419477832045
14945,452.9069573821663,147.05848919615656
14946,9.822079110656073,1.179317937569616
14947,28.415082491225387,52.19674639969193
14948,148.82737296055666,66.33626197320342
14949,0.5038777966456789,0.4256047423580296
14950,9.522005443813663,1.8585745564565
14951,10.488440288727025,22.247242401034125
14952,10.44754391561737,6.193997501950225
14953,2.0788038304696057,15.191864602378205
14954,0.7247454981620958,5.491958972782532
14955,22.0435515086619,51.36147265069238
14956,138.2611439998477,55.87599466750089
14957,0.7109620362912956,0.6298199956767556
14958,38.96913741569098,66.05172064517812
14959,16.747218199333503,138.25051514228636
14960,17.37955073813164,58.26851306363875
14961,241.38466682156513,37.487937788250235
14962,190.25044299874276,158.33893009202583
14963,38.30922438572211,153.36394056003704
14964,2.4858941451512577,3.836476847976668
14965,122.12433411239884,144.42560641969106
14966,23.067491754974142,118.05200545626874
14967,0.37982947001761813,0.578396090315562
14968,0.0862252773931933,0.740063181457864
14969,50.98908886782831,190.78382563893643
14970,159.06720657118717,116.63784605094257
14971,64.80913387706191,165.2045314378973
14972,8.851108035730874,6.894681686354476
14973,7.296002135887876,3.660058901307121
14974,30.474768788495663,49.788849536743385
14975,3.6900391869453095,14.083507464671632
14976,7.588147168877793,6.611482679519771
14977,36.86520115671758,132.01828207380228
14978,2.690425815509972,23.09074839509501
14979,5.684629433887208,7.393102366229233
14980,4.060068580183328,18.612104992795427
14981,76.28872154444424,357.14053839019596
14982,1.4338066798668476,3.3145099607736137
14983,99.56952615807039,295.10084971196227
14984,65.75180848772698,31.11495164379663
14985,8.92428831007662,4.3255203919914615
14986,36.40997406113475,58.1214653689145
14987,19.04046999087943,11.434168268699736
14988,127.68710613973433,29.798820709982714
14989,19.77535071086192,22.76502806772113
14990,236.54316236590478,30.259477214200256
14991,1.8042108513866806,1.9988004948254536
14992,6.918174847006679,11.69631101700644
14993,22.871221447212058,5.400144596049438
14994,155.3829388325807,345.43885366851384
14995,7.638808597151931,67.15229607587783
14996,25.88011940359597,76.6241427577932
14997,193.46204399547008,133.4383060616148
14998,2.3223789302867592,1.9179977273255617
14999,24.163889950400296,27.821242503133384
15000,24.242635617842247,32.91329507742878
