interaction_strength,cf_ratio,priority_effects,strains,proportion_sampled,false_negative,disease_mortality,transmission,latency,recovery,sim,cumulative_detections,total_facilitation,total_competition,competition_score,facilitation_score,diff,cf_cat
0.004400293352890192,0.4383692246149744,true,39,0.7612507500500033,0.31342089472631507,0.27135142342822854,0.03352890192679512,18.386159077271817,0.04030268684578972,5,0.07692307692307693,1.3858067832825938,1.8559029279684003,0.0012201860144433927,0.0009111155708629808,-0.0003090704435804119,neutral
0.43192879525301686,0.8782385492366158,true,36,0.8211214080938729,0.3819921328088539,0.20781385425695045,0.017827855190346024,1.2786852456830455,0.00043336222414827656,66,0.16666666666666666,245.5021754811729,33.87922520335844,0.02614137747172719,0.18943069095769516,0.16328931348596798,high facilitation
0.46036402426828454,0.8609573971598107,true,49,0.5445696379758651,0.3286885792386159,0.3488565904393626,0.0245816387759184,2.617641176078405,0.08075871724781652,77,0.12244897959183673,465.38035097671445,73.50589346821478,0.03061469948696992,0.19382771802445417,0.16321301853748424,high facilitation
0.4909993999599973,0.13440229348623242,true,12,0.6185079005267018,0.42442829521968134,0.2597839855990399,0.029428628575238352,2.7367157810520704,0.05333022201480099,85,0.16666666666666666,4.405920896538602,27.048721706195472,0.187838345181913,0.030596672892629177,-0.15724167228928382,high competition
0.46623108207213815,0.15808387225815054,true,22,0.04233615574371625,0.4283618907927195,0.10277351823454897,0.07329821988132543,7.621308087205814,0.06323088205880392,92,0.09090909090909091,17.092174984648857,92.02960100523721,0.19014380372982895,0.03531441112530755,-0.1548293926045214,high competition
0.4626308420561371,0.899146609773985,true,48,0.5548369891326088,0.0967064470964731,0.36049069937995865,0.02569504633642243,15.240816054403627,0.026441762784185613,98,0.125,463.83135686212665,51.25794201610025,0.02224737066671018,0.20131569308252026,0.17906832241581008,high facilitation
0.396993132875525,0.11440096006400427,true,42,0.24334955663710914,0.02513500900060004,0.25321688112540836,0.09273951596773118,14.0754050270018,0.08105873724914994,120,0.09523809523809523,40.00849846670532,307.69394574742705,0.17442967445999266,0.022680554686340886,-0.15174911977365177,high competition
0.20211347423161544,0.5125608373891593,true,26,0.986732448829922,0.060770718047869855,0.36242416161077406,0.07730515367691179,5.8161877458497235,0.08993932928861924,126,0.11538461538461539,32.0490807111465,32.45568668685468,0.04801137083854243,0.0474098827087966,-0.0006014881297458294,neutral
0.4709647309820655,0.8919461297419828,true,12,0.2784852323488233,0.06267084472298153,0.10360690712714181,0.00645376358423895,7.744182945529702,0.01577438495899727,128,0.16666666666666666,25.667688337087846,3.2466064501623806,0.02254587812612764,0.17824783567422114,0.15570195754809352,high facilitation
0.3927261817454497,0.4979998666577772,true,24,0.15007667177811854,0.21328088539235948,0.06690446029735315,0.07083138875925062,9.575905060337355,0.04268284552303487,158,0.08333333333333333,55.471818294060405,55.022496242466104,0.09552516708761477,0.09630524009385487,0.0007800730062400979,neutral
0.41156077071804786,0.8794652976865125,true,36,0.2017467831188746,0.1180745383025535,0.21221414760984067,0.08159877325155011,10.543702913527568,0.006893792919527969,172,0.027777777777777776,232.35775205760274,32.35360695484642,0.02496420289725804,0.17928838893333546,0.15432418603607742,high facilitation
0.4631642109473965,0.8461830788719248,true,29,0.7571171411427429,0.09010600706713781,0.28358557237149146,0.03284885659043937,3.0166677778518567,0.023221548103206882,181,0.1724137931034483,158.57032047833525,28.153411669021473,0.0334761137562681,0.18854972708482193,0.15507361332855382,high facilitation
0.49576638442562837,0.849703313554237,true,39,0.6267751183412228,0.37469164610974065,0.4955330355357024,0.08101206747116475,8.79685312354157,0.07635842389492632,190,0.10256410256410256,314.32504962352533,56.16348313368204,0.03692536695179621,0.20665683735931975,0.16973147040752354,high facilitation
0.4321954796986466,0.8863990932728849,true,40,0.2634842322821521,0.017001133408893927,0.3992266151076738,0.09802653510234016,11.5089672644843,0.03188212547503167,208,0.025,298.47223979123225,38.667759939070564,0.0241673499619191,0.18654514986952017,0.16237779990760107,high facilitation
0.008633908927261817,0.5599773318221215,true,40,0.2986199079938663,0.433195546369758,0.2285152343489566,0.0727181812120808,12.370358023868258,0.05962397493166212,216,0.125,3.702375706887973,2.8338344784310086,0.0017711465490193804,0.0023139848168049833,0.0005428382677856029,neutral
0.020368024534968998,0.5045069671311422,true,38,0.0216014400960064,0.0015334355623708247,0.09973998266551104,0.06663110874058271,11.98779918661244,0.028388559237282486,258,0.02631578947368421,7.548695927038152,6.887170753958917,0.004769508832381522,0.005227628758336671,0.00045811992595514925,neutral
0.27878525235015666,0.5133075538369225,true,18,0.8726581772118142,0.263150876725115,0.16261084072271484,0.010687379158610575,15.513167544502966,0.05311020734715648,272,0.1111111111111111,22.734124347850702,22.488941389886385,0.0694103129317481,0.07016705045632933,0.000756737524581233,neutral
0.4364290952730182,0.11285419027935197,true,13,0.5376358423894926,0.35655710380692046,0.058870591372758185,0.03165544369624642,8.301553436895793,0.04505633708913928,301,0.15384615384615385,3.647087554043531,29.48677941067494,0.17447798467854994,0.02158039972806823,-0.15289758495048172,high competition
0.05063670911394093,0.5264284285619041,true,11,0.8786585772384826,0.019501300086672446,0.3092872858190546,0.07268484565637709,3.0420028001866792,0.003726915127675179,362,0.18181818181818182,1.389251978980937,1.3662730748036078,0.01129151301490585,0.011481421313892041,0.00018990829898619076,neutral
0.05823721581438763,0.500026668444563,true,45,0.255817054470298,0.4239615974398293,0.2761517434495633,0.03271551436762451,7.884792319487966,0.0656777118474565,443,0.06666666666666667,29.02259620485763,29.157418261870944,0.01439872506759059,0.014332146274003768,-6.657879358682242e-5,neutral
0.4722314820988066,0.8910394026268419,true,16,0.052536835789052605,0.22814854323621575,0.2596839789319288,0.004666977798519901,2.5859723981598775,0.07743182878858591,461,0.0625,52.39616229206031,7.361427271363834,0.028755575278764975,0.2046725089533606,0.1759169336745956,high facilitation
0.0035335689045936395,0.5196546436429096,true,23,0.9393292886192413,0.16574438295886393,0.3963930928728582,0.0038469231282085474,14.465564370958063,0.09249949996666446,462,0.34782608695652173,0.4830693565131905,0.4349063148975669,0.0008221291396929432,0.0009131745869814565,9.10454472885133e-5,neutral
0.4749316621108074,0.8366891126075072,true,30,0.15674378291886126,0.030302020134675645,0.38699246616441096,0.03534235615707714,11.856057070471365,0.020841389425961733,472,0.06666666666666667,174.1088090661429,31.46090336313851,0.03495655929237612,0.19345423229571432,0.1584976730033382,high facilitation
0.0012334155610374026,0.3513767584505634,true,42,0.484165611040736,0.19947996533102208,0.40246016401093404,0.03248216547769851,19.790986065737716,0.020994732982198814,483,0.21428571428571427,0.35975459749617733,0.6864789166057335,0.00038916038356334097,0.00020394251558740212,-0.00018521786797593884,neutral
0.42259483965597705,0.1235215681045403,true,22,0.12794186279085273,0.46919794652976865,0.4774651643442896,0.08429895326355091,14.02980198679912,0.016481098739915996,496,0.09090909090909091,12.715545992125385,88.98648136233669,0.18385636645110887,0.02627178923992848,-0.15758457721118038,high competition
0.31202080138675914,0.4896259750650044,true,12,0.29668644576305087,0.236382425495033,0.31555437029135275,0.06061737449163278,6.18607907193813,0.045556370424694986,519,0.3333333333333333,10.726056935000901,10.794718793711287,0.07496332495632838,0.07448650649306182,-0.00047681846326655397,neutral
0.060904060270684714,0.49762650843389555,true,42,0.8959930662044137,0.22908193879591973,0.23061537435829055,0.0046936462430828725,5.0840056003733585,0.0003333555570371358,546,0.21428571428571427,26.096887159052514,26.363320875448085,0.014945193240049936,0.014794153718283739,-0.0001510395217661966,neutral
0.48559903993599574,0.8409560637375825,true,23,0.5189679311954131,0.45566371091406094,0.4208280552036802,0.06401760117341157,19.393226215081004,0.08134542302820189,556,0.0,107.15845560176214,19.46465493372392,0.03679518891063123,0.20256796900144072,0.16577278009080948,high facilitation
0.22691512767517835,0.5087205813720915,true,9,0.2627508500566704,0.46209747316487765,0.07037135809053936,0.05265017667844523,11.901660110674046,0.09095273018201214,558,0.2222222222222222,4.052625016200161,3.9729699638293825,0.04904901189912818,0.050032407607409395,0.0009833957082812164,neutral
0.008233882258817254,0.6385425695046336,true,19,0.46903126875125006,0.038302553503566907,0.17321154743649578,0.02728848589905994,18.25061670778052,0.07878525235015668,593,0.0,0.9414473038035109,0.5874889131095924,0.001627393111106904,0.0026078872681537697,0.0009804941570468657,neutral
0.4978331888792586,0.8874124941662779,true,35,0.5184345623041536,0.2593506233748917,0.17434495633042202,0.024921661444096275,18.236682445496367,0.06011067404493633,641,0.11428571428571428,261.7093426396889,33.47068401625371,0.027323007360207114,0.21364027970586846,0.18631727234566134,high facilitation
0.014467631175411694,0.44567637842522834,true,30,0.6913794252950197,0.25981732115474365,0.424228281885459,0.08641909460630709,16.55063670911394,0.050463364224281625,662,0.2,2.762397442186566,3.578114606855464,0.003975682896506071,0.003069330491318407,-0.0009063524051876643,neutral
0.010200680045336356,0.5824854990332688,true,36,0.4820321354756984,0.38822588172544836,0.3257550503366891,0.03754916994466298,12.275351690112673,0.08524568304553638,671,0.05555555555555555,3.7710803814313025,2.6232029006522435,0.0020240763122316694,0.0029097842449315606,0.0008857079326998912,neutral
0.0006000400026668444,0.6532635509033935,true,28,0.2496166411094073,0.4974331622108141,0.28578571904793654,0.08207213814254284,5.21068071204747,0.09608640576038403,674,0.03571428571428571,0.1506043996384785,0.08138711392652109,0.00010381009429403201,0.00019209744851846747,8.828735422443546e-5,neutral
0.4488632575505034,0.13584238949263286,true,48,0.040136009067271154,0.4633975598373225,0.09887325821721447,0.03247549836655777,5.205613707580506,0.06113074204946997,675,0.08333333333333333,68.00078658949158,443.6844692133051,0.19257138420716366,0.029514230290577943,-0.1630571539165857,high competition
0.04563637575838389,0.5177345156343757,true,46,0.8033868924594973,0.056170411360757386,0.304820321354757,0.09611974131608775,8.863990932728848,0.09348623241549436,678,0.1956521739130435,24.25099456378904,23.038619969718805,0.010887816620850097,0.011460772478161171,0.0005729558573110746,neutral
0.12800853390226016,0.5039202613507567,true,45,0.9597973198213214,0.43139542636175743,0.2145809720648043,0.08057203813587573,4.766051070071338,0.0549236615774385,685,0.06666666666666667,65.29192379780378,64.53351305444406,0.031868401508367436,0.032242925332248776,0.00037452382388133976,neutral
0.4428295219681312,0.11434762317487833,true,27,0.010467364490966065,0.4540969397959864,0.08043869591306087,0.03255550370024669,1.9310620708047204,0.030048669911327423,693,0.0,16.400604165742436,135.4097675534234,0.18574728059454512,0.02249739940431061,-0.1632498811902345,high competition
0.2319821321421428,0.5208813920928062,true,10,0.23648243216214415,0.2586839122608174,0.3046536435762384,0.029075271684778987,6.086005733715581,0.059897326488432566,718,0.1,5.178121592018984,5.201482944496645,0.05201482944496645,0.05178121592018984,-0.00023361352477661163,neutral
0.0052003466897793185,0.31441429428628576,true,46,0.08507233815587706,0.28085205680378694,0.12684178945263017,0.005667044469631309,6.203813587572505,0.08875258350556704,723,0.0,1.7123828500001432,3.739537549239375,0.0017672672727974362,0.0008092546550095195,-0.0009580126177879167,neutral
0.19271284752316822,0.5222148143209547,true,29,0.016401093406227082,0.1825788385892393,0.3033202213480899,0.05797053136875792,2.046336422428162,0.056783785585705716,743,0.06896551724137931,39.62596281660997,39.05466265045656,0.04643836224786749,0.04711767279026156,0.0006793105423940696,neutral
0.002866857790519368,0.38727248483232213,true,35,0.09607307153810254,0.002166811120741383,0.19497966531102073,0.010147343156210416,8.690446029735316,0.002200146676445096,751,0.05714285714285714,0.6585337107895528,1.0577848783272192,0.0008634978598589545,0.0005375785394200431,-0.00032591932043891144,neutral
0.0035669044602973533,0.28587905860390694,true,13,0.8291219414627642,0.3418894592972865,0.19517967864524302,0.0010667377825188346,4.557037135809054,0.0017201146743116209,758,0.15384615384615385,0.08074821809279586,0.19413150424389214,0.0011487071257035037,0.0004778001070579637,-0.0006709070186455401,neutral
0.19497966531102073,0.4986932462164144,true,36,0.9131275418361224,0.2650510034002267,0.43746249749983335,0.04744316287752517,4.145343022868191,0.09385959063937598,761,0.1388888888888889,60.073276325871305,60.09371225420817,0.046368605134419885,0.046352836671196995,-1.576846322288994e-5,neutral
0.002066804453630242,0.17653843589572638,true,43,0.6797119807987199,0.22134808987265817,0.45543036202413495,0.041269417961197416,15.915994399626642,0.0746516434428962,778,0.23255813953488372,0.31614247590317146,1.5791952422835551,0.0008540807151344268,0.00017098024656742644,-0.0006831004685670004,neutral
0.3131875458363891,0.49223948263217554,true,43,0.09567304486965798,0.43286219081272087,0.2568171211414094,0.04652976865124342,3.347289819321288,0.045856390426028404,806,0.046511627906976744,141.31446145016346,142.79900032682158,0.07723039498476018,0.07642750754470712,-0.0008028874400530656,neutral
0.012600840056003733,0.522001466764451,true,13,0.2516167744516301,0.48496566437762517,0.3338555903726915,0.09453296886459098,12.521101406760451,0.058310554036935795,831,0.07692307692307693,0.5261917442366608,0.44950248439880935,0.0026597780141941383,0.003113560616784975,0.00045378260259083683,neutral
0.49869991332755514,0.13472231482098806,true,32,0.6273084872324821,0.17247816521101406,0.3978265217681179,0.052863524234949,1.196346423094873,0.028455230348689912,844,0.15625,31.82176254525241,219.96594403959725,0.2148104922261692,0.03107593998559806,-0.18373455224057111,high competition
0.28115207680512033,0.5035469031268751,true,8,0.11620774718314554,0.15797719847989866,0.02120141342756184,0.07395159677311822,17.745183012200812,0.026328421894792987,866,0.0,3.8665128628592464,3.846583433970146,0.06010286615578353,0.060414263482175726,0.00031139732639219597,neutral
0.4783652243482899,0.8750916727781852,true,17,0.1850123341556104,0.2213814254283619,0.49296619774651645,0.05765051003400227,19.05753716914461,0.010914060937395827,870,0.058823529411764705,57.49908375192904,9.225330435020272,0.03192155859868606,0.19895876730771295,0.16703720870902689,high facilitation
0.44489632642176147,0.10186679111940797,true,31,0.5837055803720248,0.009133942262817522,0.32555503700246685,0.05139009267284486,12.555303686912461,0.06272418161210748,880,0.12903225806451613,21.838162891390663,182.9343453272058,0.19035831979938167,0.022724415079490804,-0.16763390471989087,high competition
0.30468697913194215,0.4849323288219215,true,15,0.907127141809454,0.13140876058403894,0.34112274151610106,0.06930462030802054,14.845589705980398,0.03821588105873725,922,0.4,16.05234556794234,16.092182616900317,0.07152081163066808,0.07134375807974373,-0.00017705355092434427,neutral
0.014167611174078273,0.5527768517901194,true,20,0.23454896993132876,0.41992799519968,0.243249549969998,0.04850990066004401,16.46956463764251,0.011554103606907128,923,0.0,1.42057632299483,1.1978153691462774,0.0029945384228656936,0.003551440807487075,0.0005569023846213814,neutral
0.12920861390759383,0.5148009867324489,true,45,0.2889525968397893,0.2037469164610974,0.46639775985065673,0.05482365491032736,11.831988799253283,0.044996333088872596,924,0.044444444444444446,63.709333848374015,61.958679716219606,0.030596878872207214,0.03146139943129581,0.0008645205590885989,neutral
0.0001666777785185679,0.28737249149943334,true,24,0.7349156610440696,0.46473098206547103,0.4683312220814721,0.0019201280085339022,14.436429095273018,0.040482698846589775,929,0.25,0.013544814253062532,0.033629035069980495,5.838374144093836e-5,2.3515302522678005e-5,-3.486843891826036e-5,neutral
0.0015667711180745382,0.14336289085939063,true,42,0.4138275885059004,0.07043802920194679,0.16087739182612174,0.06285752383492234,1.3204880325355024,0.05202346823121542,932,0.07142857142857142,0.19923838447336872,1.1777019217678046,0.0006676314749250594,0.00011294692997356503,-0.0005546845449514944,neutral
0.007667177811854124,0.5633908927261818,true,31,0.8624574971664778,0.28265217681178745,0.09237282485499033,0.023861590772718183,1.0152010134008933,0.033655577038469234,940,0.16129032258064516,1.8896024686758823,1.5479848370902738,0.0016108062820918562,0.0019662876885284935,0.0003554814064366373,neutral
0.05243682912194146,0.5142676178411895,true,29,0.2253483565571038,0.3340556037069138,0.09410627375158344,0.0722181478765251,10.501900126675112,0.03881592106140409,958,0.034482758620689655,10.641783984909097,10.09677225858437,0.012005674504856564,0.012653726498108319,0.0006480519932517553,neutral
0.4810987399159944,0.10789385959063938,true,14,0.7283818921261418,0.48269884658977263,0.24408293886259083,0.07331155410360692,3.802053470231349,0.06309087272484833,960,0.07142857142857142,4.155493671273059,36.11505343098756,0.18426047668871204,0.02120149832282173,-0.1630589783658903,high competition
0.3799586639109274,0.8994132942196147,true,8,0.9060604040269351,0.2540502700180012,0.35645709713980933,0.010767384492299487,11.871258083872258,0.015221014734315622,998,0.25,10.812869166063336,1.2076248148432045,0.01886913773192507,0.16895108071973963,0.15008194298781458,high facilitation
0.00223348223214881,0.42087472498166545,true,15,0.4332955530368691,0.3106540436029069,0.015567704513634243,0.04063604240282685,10.230815387692513,0.008333888925928396,1023,0.2,0.10456149894673494,0.14684973346066743,0.0006526654820474109,0.0004647177730965997,-0.00018794770895081114,neutral
0.4942329488632575,0.12448163210880726,true,8,0.07493832922194812,0.07223814920994732,0.33468897926528435,0.033788919261284085,1.012667511167411,0.043849589972664846,1047,0.0,2.0904804700398847,12.138237044378364,0.18965995381841194,0.0326637573443732,-0.15699619647403873,high competition
0.48223214880992066,0.16587105807053804,true,10,0.6873791586105741,0.459263950930062,0.4453296886459097,0.058270551370091336,17.132075471698112,0.05883058870591373,1058,0.1,3.17388098675979,18.714587434018064,0.18714587434018065,0.031738809867597896,-0.15540706447258276,high competition
0.20034668977931863,0.5023734915661044,true,7,0.6788452563504234,0.09890659377291819,0.4712314154276952,0.04632975531702114,13.659910660710715,0.010287352490166012,1067,0.42857142857142855,1.8433725587475225,1.8381861201150376,0.0375140024513273,0.03761984813770454,0.00010584568637724001,neutral
0.03063537569171278,0.5303220214680979,true,45,0.93132875525035,0.37195813054203614,0.08113874258283886,0.03163544236282419,1.4800986732448829,0.03681578771918128,1075,0.17777777777777778,16.121167890155427,14.252571589305397,0.007038306957681677,0.007961070563039716,0.0009227636053580389,neutral
0.4862990866057737,0.846929795319688,true,17,0.7667844522968198,0.2656177078471898,0.01803453563570905,0.0733715581038736,3.76911794119608,0.05631042069471298,1076,0.29411764705882354,54.547501679115186,9.736901210149858,0.03369169968909985,0.1887456805505716,0.15505398086147174,high facilitation
0.44786319087939197,0.1074138275885059,true,24,0.4866324421628109,0.39769317954530303,0.06917127808520568,0.04826321754783653,2.2312820854723645,0.06741116074404961,1077,0.20833333333333334,14.757684713433951,109.93406486212909,0.19085775149675188,0.025620980405267276,-0.1652367710914846,high competition
0.453330222014801,0.8573838255883726,true,31,0.1938795919727982,0.19751316754450296,0.3211214080938729,0.00709380625375025,16.815387692512836,0.059430628708580575,1080,0.03225806451612903,182.92578199515214,30.456549422503773,0.03169255923257416,0.19034940894396685,0.15865684971139268,high facilitation
0.04140276018401227,0.5203480232015468,true,44,0.20408027201813453,0.016334422294819656,0.432728848589906,0.09696646443096207,8.633442229481965,0.06310420694712982,1086,0.045454545454545456,20.271029712867094,18.978150453592775,0.009802763664045856,0.010470573198794986,0.0006678095347491305,neutral
0.0061670778051870125,0.4664777651843457,true,11,0.4782985532368825,0.3271551436762451,0.22788185879058603,0.09615974398293221,16.54176945129675,0.08900593372891526,1156,0.2727272727272727,0.15584026057670397,0.18590297050701232,0.0015363881860083663,0.0012879360378239997,-0.0002484521481843666,neutral
0.4552970198013201,0.8748249883325555,true,15,0.15987732515501032,0.2412494166277752,0.033002200146676444,0.060370691379425294,6.400160010667378,0.03524901660110674,1176,0.06666666666666667,40.367508783098906,6.40510333829867,0.028467125947994092,0.17941115014710624,0.15094402419911215,high facilitation
0.466831122074805,0.16816454430295352,true,45,0.25955063670911394,0.15131008733915594,0.2307487165811054,0.005760384025601707,6.986665777718515,0.03564237615841056,1193,0.13333333333333333,80.46408650329107,391.4358691214745,0.19330166376369112,0.03973535135964991,-0.15356631240404123,high competition
0.4735315687712514,0.8955730382025469,true,27,0.4327621841456097,0.058670578038535905,0.19307953863590907,0.012260817387825855,4.114940996066404,0.014320954730315355,1207,0.2222222222222222,147.80680195415547,17.399900495798068,0.023868176263097486,0.20275281475192794,0.17888463848883046,high facilitation
0.42939529301953466,0.11082738849256618,true,6,0.7664510967397826,0.06607107140476032,0.48343222881525433,0.04882325488365891,5.727515167677845,0.005740382692179479,1210,0.0,0.4215653618765911,7.183876807173957,0.19955213353260992,0.01171014894101642,-0.1878419845915935,high competition
0.07107140476031736,0.4864790986065738,true,28,0.9020601373424895,0.08820588039202613,0.23701580105340356,0.08167211147409828,10.094006267084472,0.040829388625908396,1218,0.21428571428571427,13.417586793304814,13.884092556505752,0.01770930173023693,0.017114268869011243,-0.0005950328612256868,neutral
0.41196079738649244,0.8628241882792186,true,17,0.7833188879258617,0.018967931195413026,0.0652710180678712,0.0005733715581038736,11.098539902660177,0.09183278885259018,1238,0.17647058823529413,51.36350153438698,7.30585037000976,0.025279759065777715,0.17772837901171964,0.15244861994594194,high facilitation
0.48489899326621777,0.1406427095139676,true,12,0.4204280285352357,0.11857457163810921,0.026635109007267153,0.010054003600240016,2.0640709380625375,0.03306887125808387,1250,0.08333333333333333,4.159780607349551,28.282623925653436,0.19640711059481553,0.028887365328816323,-0.1675197452659992,high competition
0.43429561970798053,0.8271418094539637,true,10,0.3384892326155077,0.4582972198146543,0.1792119474631642,0.0024334955663710914,15.960330688712581,0.006493766251083406,1251,0.2,17.91224374206847,2.907943868358918,0.02907943868358918,0.17912243742068468,0.1500429987370955,high facilitation
0.4970664710980732,0.8810120674711648,true,39,0.78258550570038,0.4351956797119808,0.4118607907193813,0.05778385225681713,3.011600773384892,0.07384492299486634,1270,0.15384615384615385,323.67145880944446,43.70967352670823,0.028737457939979113,0.21280174806669588,0.18406429012671677,high facilitation
0.47363157543836254,0.878025201680112,true,32,0.7443162877525168,0.48319887992532834,0.04426961797453163,0.07173811587439162,12.495766384425629,0.09030602040136008,1286,0.1875,203.63699552639213,30.76426606921871,0.030043228583221396,0.1988642534437423,0.16882102486052092,high facilitation
0.20144676311754117,0.5002933528901927,true,21,0.5000333355557037,0.025901726781785452,0.016601106740449362,0.061210747383158876,12.001733448896593,0.06387092472831522,1308,0.23809523809523808,21.49166781959864,21.55355889797263,0.04887428321535743,0.04873394063401052,-0.00014034258134690974,neutral
0.0025668377891859455,0.8381825455030335,true,38,0.23994932995533036,0.055503700246683114,0.016634442296153077,0.07433828921928129,1.0367357823854924,0.0823454896993133,1327,0.07894736842105263,1.4992794330892112,0.31717747170918353,0.00021965198871827114,0.001038282155878955,0.0008186301671606839,neutral
0.2112807520501367,0.5121874791652777,true,29,0.2763517567837856,0.10204013600906726,0.42506167077805185,0.012620841389425963,17.37529168611241,0.02736182412160811,1328,0.06896551724137931,43.11341250043608,43.44370494551142,0.05165719969739765,0.051264461950577975,-0.0003927377468196727,neutral
0.02976865124341623,0.5547503166877792,true,19,0.04173611574104941,0.31352090139342625,0.31752116807787184,0.06245749716647777,8.473831588772585,0.02552836855790386,1331,0.05263157894736842,2.585645645504049,2.3739639395579406,0.006576077394897343,0.0071624533116455644,0.0005863759167482217,neutral
0.4669311287419161,0.8819187945863057,true,42,0.18587905860390694,0.0035335689045936395,0.2243149543302887,0.04336955797053137,14.541569437962531,0.006607107140476032,1359,0.07142857142857142,354.83008910158657,45.66763661546398,0.02588868288858502,0.20115084416189716,0.17526216127331212,high facilitation
0.0025001666777785185,0.29430628708580575,true,42,0.4667644509633976,0.317854523634909,0.411194079605307,0.029468631242082804,16.92432828855257,0.06384425628375225,1375,0.047619047619047616,0.6316580035309982,1.5448212993173076,0.0008757490358941653,0.000358082768441609,-0.0005176662674525564,neutral
0.017067804520301353,0.535709047269818,true,34,0.2892859523968265,0.30278685245683046,0.21074738315887726,0.07355823721581438,1.0354690312687513,0.029035269017934528,1399,0.17647058823529413,5.0626017250976485,4.36334001751989,0.0037745155860898706,0.0043794132570048865,0.0006048976709150159,neutral
0.43902926861790786,0.8710914060937396,true,20,0.1882792186145743,0.12634175611707446,0.41569437962530836,0.09914660977398494,5.09793986265751,0.01484765651043403,1422,0.1,74.5916403239297,10.88542810185438,0.02721357025463595,0.18647910080982424,0.1592655305551883,high facilitation
0.05020334688979265,0.5039735982398827,true,18,0.3644242949529969,0.3939262617507834,0.21564770984732315,0.06548436562437496,17.23088205880392,0.07796519767984533,1435,0.1111111111111111,3.6118315365425975,3.607788527063539,0.011135149774887465,0.011147628199205548,1.2478424318082201e-5,neutral
0.035435695713047534,0.49239949329955335,true,38,0.8560570704713648,0.25691712780852055,0.22421494766317754,0.00490699379958664,3.87172478165211,0.07283818921261417,1465,0.15789473684210525,12.526307763603127,12.730256639598874,0.008815967201938278,0.00867472836814621,-0.0001412388337920685,neutral
0.47069804653643577,0.16469764650976731,true,23,0.4486299086605774,0.4631975465031002,0.036435762384158944,0.04680978731915461,18.94352956863791,0.013920928061870792,1500,0.17391304347826086,19.322127229732853,107.03043064085594,0.20232595584282786,0.036525760358663235,-0.16580019548416464,high competition
0.011967464497633175,0.4236482432162144,true,42,0.4158277218481232,0.2317154476965131,0.2807187145809721,0.07249149943329555,4.950996733115542,0.07924528301886793,1514,0.09523809523809523,4.549104586954799,6.026111863542901,0.0034161631879494904,0.002578857475597959,-0.0008373057123515315,neutral
0.41812787519167943,0.10192012800853391,true,43,0.6381758783918928,0.08210547369824656,0.16701113407560503,0.039249283285552376,3.2092139475965062,0.0433895593039536,1527,0.13953488372093023,37.94891428527328,342.6911982192454,0.18533866858801806,0.02052402070593471,-0.16481464788208336,high competition
0.44492966197746514,0.12570838055870392,true,47,0.5728381892126142,0.2378491899459964,0.4495966397759851,0.013060870724714981,18.393759583972265,0.03838255883725582,1529,0.19148936170212766,60.60807848730881,420.9811154444362,0.1905754257331083,0.02743688478375229,-0.163138540949356,high competition
0.4967997866524435,0.1746716447763184,true,20,0.6003066871124741,0.25081672111474096,0.47233148876591774,0.08387225815054337,15.643642909527301,0.006827121808120542,1530,0.1,16.221106176423614,78.65036829973016,0.1966259207493254,0.040552765441059034,-0.15607315530826635,high competition
0.08027201813454231,0.526588439229282,true,19,0.20021334755650377,0.29515301020068,0.07063804253616908,0.05531702113474232,15.181278751916794,0.08453896926461764,1533,0.0,6.596053004383265,6.523203927529288,0.018069816973765338,0.018271614970590763,0.00020179799682542438,neutral
0.04880325355023668,0.46583772251483435,true,18,0.14547636509100606,0.23151543436229083,0.4063270884725648,0.010000666711114074,19.823921594772983,0.07082472164810986,1553,0.1111111111111111,3.723641422912879,3.9976329780069007,0.012338373388910187,0.011492720441089134,-0.0008456529478210531,neutral
0.4700313354223615,0.8617041136075739,true,19,0.20008000533368892,0.26255083672244817,0.49573304886992464,0.09459297286485767,1.9918661244082938,0.08460564037602507,1557,0.15789473684210525,69.0793773724466,11.532112117662638,0.031944908913192904,0.1913556159901568,0.1594107070769639,high facilitation
0.4903660244016268,0.8418094539635976,true,35,0.404560304020268,0.2611840789385959,0.4919994666311087,0.021481432095473034,5.038402560170678,0.09565304353623576,1570,0.05714285714285714,244.33383364375095,47.04525999206073,0.03840429387106998,0.19945619072959261,0.16105189685852264,high facilitation
0.18981265417694512,0.4867991199413294,true,39,0.8130542036135743,0.4835989065937729,0.2706513767584506,0.029215281018734586,16.43409560637376,0.04100940062670845,1604,0.1794871794871795,69.5459695100876,70.76752817532189,0.046526974474241874,0.045723845831747274,-0.0008031286424945994,neutral
0.0003666911127408494,0.6497433162210814,true,9,0.2218814587639176,0.46846456430428696,0.16267751183412227,0.06602440162677513,9.345356357090473,0.05415694379625309,1630,0.0,0.01061203973638114,0.005721212344025228,7.063225116080529e-5,0.00013101283625161902,6.038058509081373e-5,neutral
0.011567437829188612,0.429568637909194,true,44,0.2130142009467298,0.23038202546836456,0.0176678445229682,0.09884658977265152,8.580238682578837,0.08251216747783187,1653,0.09090909090909091,4.712861889842033,6.187853891255116,0.0031962055223425188,0.0024343294885547694,-0.0007618760337877494,neutral
0.010634042269484632,0.5766184412294153,true,45,0.45996399759983997,0.22734848989932663,0.21801453430228682,0.0555637042469498,7.547836522434829,0.050956730448696586,1736,0.2222222222222222,6.044962714077091,4.334299363312015,0.002140394747314575,0.0029851667723837486,0.0008447720250691734,neutral
0.14594306287085806,0.49383958930595373,true,35,0.23174878325221682,0.45273018201213416,0.3639242616174412,0.007687179145276352,5.6147743182878855,0.004580305353690246,1753,0.2,43.54036632772296,43.32889230122731,0.0353705243275325,0.03554315618589629,0.00017263185836378925,neutral
0.22474831655443697,0.5011467431162078,true,30,0.2832188812587506,0.36272418161210745,0.3556903793586239,0.09350623374891659,9.976198413227548,0.029288619241282753,1808,0.06666666666666667,49.53844350111353,49.74044032627099,0.05526715591807888,0.05504271500123725,-0.00022444091684162976,neutral
0.0319021268084539,0.49954663644242947,true,21,0.9920661377425162,0.4297953196879792,0.39845989732648845,0.0920394692979532,15.622108140542704,0.07907860524034936,1811,0.09523809523809523,3.4859307316681387,3.5681407980127906,0.008091022217716078,0.0079046048337146,-0.00018641738400147767,neutral
0.45276351756783784,0.10309353956930463,true,40,0.5393692912860857,0.2074138275885059,0.39162610840722717,0.043876258417227816,8.490299353290219,0.0938795919727982,1824,0.05,37.851205608252315,307.75747557194336,0.1923484222324646,0.023657003505157696,-0.1686914187273069,high competition
0.4521301420094673,0.10864057603840256,true,40,0.655377025135009,0.07893859590639377,0.3680578705247016,0.06550436695779718,10.724848323221549,0.07919194612974198,1834,0.05,36.98126904234417,310.0762768670793,0.19379767304192455,0.023113293151465104,-0.17068437989045945,high competition
0.02866857790519368,0.48109207280485367,true,31,0.9245283018867925,0.07973864924328289,0.03213547569837989,0.0974998333222215,16.48096539769318,0.06233748916594439,1839,0.22580645161290322,6.524654668713583,6.579453942503875,0.00684646612123192,0.0067894429435104925,-5.702317772142765e-5,neutral
0.15014334288952597,0.47554503633575573,true,14,0.4552970198013201,0.3495233015534369,0.44362957530502034,0.037195813054203615,13.577571838122541,0.09575971731448764,1842,0.21428571428571427,6.707494816812943,6.516773024305804,0.0332488419607439,0.034221912330678284,0.0009730703699343812,neutral
0.4817987865857724,0.10234682312154145,true,42,0.007800520034668978,0.1210080672044803,0.19344622974864992,0.02186145743049537,5.442496166411094,0.0326821788119208,1847,0.023809523809523808,41.022451086467505,371.0167389506379,0.2103269495185022,0.023255357758768427,-0.18707159175973376,high competition
0.47283152210147344,0.8713580905393693,true,36,0.7101806787119141,0.3856923794919661,0.4860657377158477,0.04874991666111075,4.712847523168211,0.08540569371291419,1852,0.1111111111111111,262.10944123915544,38.58702191815784,0.029773936665245245,0.2022449392277434,0.17247100256249814,high facilitation
0.36292419494632977,0.4829055270351358,true,16,0.8102540169344623,0.16021068071204747,0.19781318754583638,0.06629775318354558,17.08393892926195,0.004026935129008601,1861,0.25,20.80102087259902,20.878480187740628,0.08155656323336183,0.08125398778358993,-0.00030257544977189965,neutral
0.4935662377491833,0.8101806787119141,true,32,0.8191212747516501,0.09863990932728849,0.16381092072804854,0.07305820388025869,2.0906727115141006,0.08169211280752049,1883,0.15625,204.12757330917893,44.111008052041754,0.043077156300822025,0.19934333330974505,0.15626617700892304,high facilitation
0.057203813587572504,0.5748583238882593,true,7,0.797253150210014,0.16037735849056603,0.14890992732848857,0.08899926661777452,5.011800786719115,0.043782918861257424,1905,0.14285714285714285,0.6490951693846692,0.6703564725805256,0.013680744338378072,0.01324684019152386,-0.00043390414685421166,neutral
0.0008667244482965531,0.5217881192079472,true,38,0.1308753916927795,0.005433695579705314,0.11697446496433095,0.007487165811054071,14.074138275885058,0.05842389492632843,1929,0.05263157894736842,0.3193100006500762,0.2866246412601422,0.0001984935188782148,0.0002211288093144572,2.26352904362424e-5,neutral
0.49106607107140476,0.8980798719914662,true,22,0.5307020468031202,0.332522168144543,0.28531902126808456,0.04937662510834056,12.005533702246817,0.04861657443829589,1942,0.045454545454545456,103.03579764442703,13.447270060847137,0.027783615828196565,0.21288387943063436,0.1851002636024378,high facilitation
0.3884925661710781,0.507440496033069,true,26,0.9951330088672579,0.472764850990066,0.39685979065271015,0.0035669044602973533,11.94092939529302,0.08413894259617308,1959,0.15384615384615385,61.109072425604374,61.391002989742596,0.0908150931800926,0.09039803613255085,-0.00041705704754174677,neutral
0.4305287019134609,0.10698713247549838,true,11,0.1266751116741116,0.28118541236082406,0.15311020734715647,0.026341756117074473,1.743582905527035,0.08158543902926862,1966,0.09090909090909091,2.9516719979649206,21.594030108517167,0.17846305874807575,0.024393983454255544,-0.1540690752938202,high competition
0.4654643642909527,0.10810720714714314,true,21,0.7843856257083806,0.30318687912527503,0.12977531835455697,0.0026668444562970863,4.18967931195413,0.04282285485699047,2000,0.14285714285714285,10.782945721968067,86.57351827987434,0.19631183283418216,0.024451124086095392,-0.17186070874808676,high competition
0.3230548703246883,0.5044002933528903,true,48,0.38349223281552103,0.270251350090006,0.03910260684045603,0.00753383558903927,13.538302553503566,0.054476965131008734,2001,0.14583333333333334,188.07248415170653,185.90156895642292,0.08068644485955856,0.08162868235751151,0.0009422374979529552,neutral
0.48586572438162545,0.8289552636842457,true,42,0.5790386025735049,0.17197813187545835,0.1595439695979732,0.08582572171478099,2.184412294152944,0.03932262150810054,2008,0.09523809523809523,344.69819491006825,74.69962469759207,0.04234672601904312,0.195407139971694,0.15306041395265088,high facilitation
0.21864790986065738,0.5010934062270818,true,45,0.9785319021268084,0.3075871724781652,0.18024534968997932,0.07461164077605174,5.550170011334089,0.07263817587839189,2027,0.15555555555555556,107.90899113601472,107.87672019452529,0.053272454417049524,0.053288390684451716,1.5936267402191784e-5,neutral
0.42646176411760783,0.8852256817121141,true,49,0.2052136809120608,0.14640976065071004,0.46943129541969464,0.046989799319954666,18.90046003066871,0.03690912727515168,2040,0.061224489795918366,445.6643525733624,56.41687636553553,0.023497241301764067,0.18561614018049247,0.1621188988787284,high facilitation
0.048636575771718114,0.4728781918794587,true,15,0.08033868924594972,0.16551103406893794,0.08720581372091472,0.08198546569771319,7.067737849189946,0.04262284152276819,2080,0.06666666666666667,2.4842970137955414,2.5688635259123265,0.011417171226277006,0.011041320061313517,-0.000375851164963489,neutral
0.0015334355623708247,0.554056937129142,true,18,0.7183812254150277,0.3572571504766984,0.10294019601306754,0.05226348423228216,16.781185412360824,0.08037202480165344,2089,0.16666666666666666,0.13472276766114,0.09733937194771314,0.00030043016033244797,0.0004158110112998148,0.00011538085096736683,neutral
0.025735049003266886,0.5151210080672045,true,47,0.15101006733782252,0.20851390092672845,0.3011867457830522,0.05655043669577972,8.844989665977732,0.05111007400493366,2095,0.0425531914893617,14.325260177096954,13.513335236787388,0.006117399382882475,0.006484952547350364,0.00036755316446788946,neutral
0.43949596639775984,0.8666111074071605,true,49,0.01126741782785519,0.36652443496233084,0.03423561570771385,0.06020401360090673,4.988999266617775,0.09275285019001267,2110,0.04081632653061224,451.5934609263692,66.65436121022165,0.027761083386181447,0.18808557306387721,0.16032448967769578,high facilitation
0.46159743982932194,0.140269351290086,true,41,0.14027601840122675,0.36405760384025604,0.14564304286952465,0.0864057603840256,16.119941329421962,0.017954530302020134,2117,0.024390243902439025,51.78033491072583,326.62409558847503,0.19430344770284058,0.030803292629819054,-0.1635001550730215,high competition
0.4930662044136276,0.8307153810254017,true,22,0.5818387892526169,0.06343756250416695,0.17134475631708782,0.03744916327755184,15.861524101606774,0.00048003200213347555,2147,0.045454545454545456,94.15719513386864,19.961359435099162,0.041242478171692486,0.1945396593674972,0.1532971811958047,high facilitation
0.16327755183678913,0.5321354756983799,true,15,0.9687312487499167,0.3740916061070738,0.42772851523434896,0.006133742249483299,9.94326288419228,0.08665244349623309,2148,0.06666666666666667,8.884770398419061,8.677400114019989,0.03856622272897773,0.03948786843741805,0.000921645708440319,neutral
0.46653110207347154,0.8811720781385426,true,18,0.6611774118274552,0.13987599173278217,0.2007800520034669,0.04306287085805721,11.115007667177812,0.0989865991066071,2149,0.16666666666666666,63.83454934773012,8.178379161336007,0.0252419109917778,0.19702021403620407,0.17177830304442626,high facilitation
0.004166944462964198,0.24166277751850124,true,10,0.9494632975531702,0.28465231015401027,0.15974398293219547,0.009640642709513968,17.746449763317553,0.07251150076671779,2151,0.3,0.0500751255042744,0.12705644626146584,0.0012705644626146585,0.000500751255042744,-0.0007698132075719145,neutral
0.49883325555037,0.8462897526501767,true,44,0.5826388425895059,0.06453763584238949,0.0038669244616307756,0.008540569371291419,11.810454030268685,0.033708913927595174,2156,0.13636363636363635,392.37918940560326,74.07344935744415,0.038261079213555864,0.20267520113925788,0.164414121925702,high facilitation
0.08990599373291552,0.5105340356023735,true,21,0.8492566171078072,0.1416761117407827,0.39412627508500564,0.05959730648709915,18.55843722914861,0.0802386825788386,2158,0.2857142857142857,9.270615642411562,9.581224804750619,0.02172613334410571,0.021021804177803995,-0.0007043291663017155,neutral
0.411660777385159,0.10304020268017869,true,13,0.9461964130942063,0.48189879325288354,0.34945663044202946,0.02744182945529702,10.429695313020868,0.02124808320554704,2274,0.23076923076923078,2.4463325416399666,29.684568787310646,0.17564833601958962,0.014475340483076726,-0.1611729955365129,high competition
0.486965797719848,0.16720448029868656,true,38,0.535035669044603,0.16144409627308487,0.19581305420361358,0.08516567771184747,6.221548103206881,0.03892926195079672,2285,0.15789473684210525,53.78993651185918,284.09969728644614,0.19674494271914553,0.0372506485539191,-0.15949429416522642,high competition
0.025668377891859457,0.5464297619841323,true,36,0.5919061270751383,0.47036469097939865,0.3700246683112208,0.05131675445029669,2.4466297753183546,0.053630242016134415,2301,0.1111111111111111,8.595413095801952,7.564731999248265,0.005836984567321192,0.00663226319120521,0.0007952786238840182,neutral
0.491266084405627,0.8626108407227149,true,34,0.5567704513634242,0.11204080272018134,0.39629308620574705,0.07013800920061337,7.1944129608640575,0.09319954663644243,2303,0.058823529411764705,237.81529523877265,36.25848190223516,0.03136546877355983,0.2057225737359625,0.17435710496240267,high facilitation
0.45673044869657975,0.8747183145543036,true,36,0.9624641642776185,0.2265817721181412,0.40546036402426827,0.04244282952196813,5.417161144076272,0.023001533435562372,2308,0.1388888888888889,243.6867882426331,37.02074887182417,0.028565392648012475,0.18802992919956257,0.1594645365515501,high facilitation
0.0030335355690379357,0.49895993066204414,true,26,0.182145476365091,0.09357290486032402,0.46753116874458295,0.009213947596506435,5.147343156210414,0.08091206080405361,2310,0.07692307692307693,0.5162432553970564,0.5093981774660832,0.0007535475998018982,0.0007636734547293734,1.012585492747521e-5,neutral
0.48446563104206947,0.8760517367824522,true,22,0.8098539902660178,0.034268951263417564,0.2572504833655577,0.009613974264950998,12.456497099806654,0.05657710514034269,2324,0.22727272727272727,94.4415004685073,13.783585464001696,0.028478482363639868,0.19512706708369276,0.1666485847200529,high facilitation
0.008867257817187812,0.5003466897793186,true,22,0.2687512500833389,0.04783652243482899,0.4658310554036936,0.0884792319487966,1.535835722381492,0.03522234815654377,2330,0.18181818181818182,1.0345161656034791,1.0629133800982808,0.002196102024996448,0.0021374300942220642,-5.867193077438394e-5,neutral
0.4732648843256217,0.12341489432628842,true,36,0.9457963864257617,0.29008600573371557,0.38992599506633774,0.08271218081205414,11.108673911594106,0.04258950596706448,2346,0.1388888888888889,34.75412525689578,264.1957045449337,0.20385471029701674,0.026816454673530696,-0.17703825562348605,high competition
0.03356890459363958,0.5113874258283886,true,38,0.6885792386159078,0.27458497233148876,0.39275951730115344,0.032008800586705785,6.029001933462231,0.08040536035735715,2348,0.13157894736842105,11.825268609237051,11.672823407041145,0.00808367271955758,0.008189244189222334,0.00010557146966475375,neutral
0.006967131142076139,0.44935662377491836,true,36,0.008333888925928396,0.4860657377158477,0.021834788985932396,0.040269351290086006,3.257350490032669,0.05687045803053537,2352,0.027777777777777776,1.944196605953071,2.4036455658883624,0.0018546647884941068,0.0015001517021242833,-0.0003545130863698235,neutral
0.003733582238815921,0.26790452696846456,true,7,0.11274084938995933,0.23851590106007067,0.32585505700380024,0.08099206613774251,3.0141342756183747,0.032915527701846796,2353,0.0,0.019620033663227288,0.051935972525737895,0.0010599178066477122,0.00040040885026994467,-0.0006595089563777676,neutral
0.20111340756050403,0.5224281618774586,true,22,0.8208547236482432,0.25865057670511366,0.10324021601440096,0.07946529768651243,4.861057403826922,0.030322021468097874,2372,0.09090909090909091,24.505132046595246,24.081293399560924,0.04975473842884488,0.050630438112800095,0.0008756996839552125,neutral
0.0026668444562970863,0.1642709513967598,true,47,0.026735115674378293,0.33982265484365626,0.22711514100940064,0.005967064470964731,6.008733915594373,0.06527768517901193,2377,0.10638297872340426,0.4638635670750675,2.3904037552397774,0.001082120305676676,0.00020998803398599705,-0.0008721322716906789,neutral
0.48389892659510636,0.12496166411094073,true,34,0.2614174278285219,0.235449029935329,0.264317621174745,0.010247349823321556,6.18734582305487,0.04418961264084273,2407,0.11764705882352941,35.00489652840241,236.51944176093974,0.204601593218806,0.030281052360209698,-0.1743205408585963,high competition
0.011900793386225749,0.496346423094873,true,27,0.010267351156743782,0.46106407093806256,0.491499433295553,0.047963197546503106,2.615107673844923,0.018847923194879657,2417,0.0,2.097978311291618,2.154535693728753,0.0029554673439351896,0.002877885200674373,-7.758214326081649e-5,neutral
0.4496966464430962,0.10762717514500968,true,17,0.40609373958263884,0.4450963397559837,0.37435829055270353,0.03424894992999534,5.844056270418028,0.013274218281218749,2425,0.11764705882352941,7.2596850936340545,55.97051730710201,0.1936696100591765,0.02512001762503133,-0.16854959243414516,high competition
0.006800453363557571,0.3767651176745116,true,37,0.14034268951263418,0.46746449763317555,0.48026535102340157,0.006427095139675979,2.0552036802453495,0.07517167811187413,2443,0.02702702702702703,1.7936922557954456,2.780247917612006,0.0020308604219225757,0.0013102207858257456,-0.0007206396360968301,neutral
0.20424694979665312,0.44066271084738984,true,6,0.39969331288752585,0.44956330422028135,0.10634042269484632,0.03266884458963931,18.473564904326956,0.05205013667577839,2489,0.3333333333333333,1.5877329573706502,1.5868686295787717,0.04407968415496588,0.04410369326029584,2.400910532995848e-5,neutral
0.011067404493632908,0.41244749649976664,true,21,0.9889992666177745,0.47559837322488163,0.07330488699246616,0.011920794719647977,3.5373024868324556,0.0065537702513500905,2520,0.09523809523809523,1.0032097667634792,1.385327479540316,0.0031413321531526444,0.0022748520788287508,-0.0008664800743238936,neutral
0.011800786719114607,0.39601973464897655,true,22,0.42549503300220015,0.025201680112007466,0.36322421494766316,0.09443296219747983,11.686312420828056,0.06271751450096673,2536,0.045454545454545456,1.1204507883288477,1.563586039646133,0.0032305496686903575,0.002314980967621586,-0.0009155687010687715,neutral
0.4871324754983666,0.10048003200213348,true,14,0.7369157943862924,0.023568237882525503,0.24674978331888792,0.018341222748183214,1.4091606107073804,0.07933195546369759,2593,0.21428571428571427,3.834869405229229,39.95452958527937,0.20384964074122125,0.019565660230761374,-0.18428398051045988,high competition
0.0018667911194079605,0.5864324288285886,true,40,0.34102273484898993,0.07370491366091073,0.34285619041269416,0.05119007933862258,16.531635442362823,0.029908660577371828,2610,0.05,0.8586937304183127,0.5964125800493764,0.00037275786253086025,0.0005366835815114454,0.00016392571898058512,neutral
0.47413160877391824,0.12880192012800853,true,49,0.24581638775918394,0.20921394759650644,0.43636242416161075,0.09087939195946397,18.453296886459096,0.09344622974864993,2650,0.10204081632653061,72.35406800179166,487.5373665699293,0.20305596275299012,0.030134972095706647,-0.17292099065728347,high competition
0.492432828855257,0.1725915061004067,true,34,0.45103006867124473,0.07187145809720648,0.030935395693046205,0.09568637909193947,15.592972864857657,0.06772451496766452,2673,0.029411764705882353,49.57426153401825,232.1137956153638,0.20079048063612787,0.04288430928548291,-0.15790617135064494,high competition
0.21438095873058205,0.4935195679711981,true,34,0.8930595373024869,0.2668177878525235,0.07913860924061604,0.0422961530768718,3.4942329488632575,0.08755917061137411,2709,0.08823529411764706,60.251831960718256,60.23560739909664,0.05210692681582754,0.05212096190373552,1.4035087907975086e-5,neutral
0.42109473964930993,0.8960530702046803,true,36,0.35649043269551306,0.016534435629041937,0.0780385359023935,0.09165944396293088,11.636909127275151,0.05114340956063738,2727,0.1388888888888889,240.03860191479458,27.556818815618254,0.021262977481186923,0.18521497061326742,0.1639519931320805,high facilitation
0.008733915594372959,0.6159810654043603,true,5,0.3700913394226282,0.11704113607573838,0.323088205880392,0.006520434695646378,10.790719381292087,0.05187679178611908,2728,0.0,0.05326006650822701,0.04055221300335776,0.0016220885201343105,0.0021304026603290805,0.00050831414019477,neutral
0.02696846456430429,0.5385892392826189,true,40,0.5267017801186745,0.1529768651243416,0.2444829655310354,0.05944396293086206,14.227415161010734,0.008680578705247018,2731,0.1,11.502376489650999,9.954085410728036,0.006221303381705023,0.0071889853060318745,0.0009676819243268518,neutral
0.32188812587505833,0.5041336089072606,true,33,0.19887992532835522,0.21654776985132343,0.0724048269884659,0.062477498499899996,14.172944862990866,0.09839322621508102,2739,0.06060606060606061,85.50173620594626,84.8846501914305,0.0779473371822135,0.07851399100637857,0.0005666538241650698,neutral
0.4209947329821988,0.11424094939662645,true,28,0.37709180612040805,0.46673111540769385,0.4037602506833789,0.011427428495233016,18.890326021734783,0.007913860924061605,2762,0.14285714285714285,17.461467871842494,141.84494026391818,0.18092466870397728,0.02227228044877869,-0.1586523882551986,high competition
0.4561304086939129,0.8427695179678646,true,41,0.6358423894926328,0.44419627975198345,0.2380825388359224,0.08761917461164077,12.288019201280086,0.09849989999333289,2764,0.17073170731707318,317.65355032578293,57.58380295993486,0.03425568290299515,0.188967013876135,0.15471133097313983,high facilitation
0.0054670311354090275,0.4079671978131876,true,12,0.8759250616707781,0.007400493366224415,0.010467364490966065,0.0577638509233949,2.4326955130342025,0.0015201013400893393,2775,0.16666666666666666,0.1398544825200212,0.19661896692234826,0.0013654094925163074,0.0009712116841668138,-0.00039419780834949356,neutral
0.4747316487765851,0.12842856190412694,true,29,0.9715314354290286,0.4862990866057737,0.22651510100673378,0.03186879125275018,8.74111607440496,0.07728515234348957,2780,0.3793103448275862,26.403968861034176,164.89880807042042,0.1960746826045427,0.03139592016769819,-0.1646787624368445,high competition
0.001100073338222548,0.5033335555703714,true,41,0.7191812787519168,0.1877458497233149,0.1109407293819588,0.0216014400960064,16.887592506167078,0.02466831122074805,2790,0.2926829268292683,0.46453663036592197,0.44510051633697356,0.0002647831745014715,0.00027634540771321947,1.156223321174799e-5,neutral
0.05783718914594306,0.5482432162144143,true,25,0.8506567104473631,0.4541636109073938,0.3910260684045603,0.010720714714314288,7.817654510300687,0.03916927795186346,2830,0.2,8.581799731505376,8.002301252896192,0.012803682004633908,0.0137308795704086,0.0009271975657746921,neutral
0.46963130875391695,0.11973464897659844,true,41,0.5005667044469632,0.4626975131675445,0.11130742049469965,0.02792852856857124,7.761917461164078,0.03693579571971465,2837,0.14634146341463414,46.65159894975561,334.10420802440956,0.19875324689137988,0.027752289678617256,-0.17100095721276262,high competition
0.4968664577638509,0.11306753783585573,true,6,0.9095273018201213,0.20628041869457964,0.47629841989465965,0.05522368157877192,7.103206880458697,0.033802253483565574,2839,0.3333333333333333,0.8121845267469061,7.353636161575258,0.20426767115486827,0.02256068129852517,-0.1817069898563431,high competition
0.4432962197479832,0.8402093472898194,true,26,0.9267284485632376,0.07417161144076272,0.23454896993132876,0.003766917794519635,11.353156877125143,0.0820654710314021,2841,0.23076923076923078,124.99696685616252,23.481566772511304,0.034736045521466426,0.18490675570438242,0.150170710182916,high facilitation
0.01843456230415361,0.5114407627175146,true,34,0.7548503233548903,0.3662244149609974,0.1011067404493633,0.06346423094872992,10.242216147743182,0.07115141009400627,2858,0.11764705882352941,5.104624200926386,4.846400197326761,0.004192387713950485,0.004415764879694106,0.00022337716574362051,neutral
0.3851923461564104,0.5020534702313488,true,9,0.7415161010734049,0.08327221814787653,0.025768384558970597,0.04804320288019202,1.6954463630908727,0.07947863190879392,2892,0.1111111111111111,6.381537263275981,6.354541733280182,0.07845113250963187,0.07878441065772816,0.0003332781480962915,neutral
0.001833455563704247,0.8583438895926396,true,28,0.3078205213680912,0.4728648576571771,0.1973464897659844,0.02726848456563771,19.62884192279485,0.014680978731915461,2895,0.07142857142857142,0.6083067002843965,0.10481860931599629,0.00013369720576019936,0.0007759014034239751,0.0006422041976637757,neutral
0.28751916794452964,0.5022134808987266,true,45,0.9797319821321422,0.20958063870924729,0.3830588705913728,0.04634308953930262,1.8677245149676645,0.08811254083605574,2897,0.15555555555555556,142.77667589176787,143.1627716653869,0.07069766501994415,0.07050700044037919,-0.00019066457956495864,neutral
0.022868191212747517,0.5176278418561238,true,23,0.10607373824921662,0.3974931662110807,0.38432562170811385,0.05205680378691913,6.592706180412027,0.020374691646109742,2902,0.043478260869565216,2.9389163248052648,2.7440599455553065,0.005187258876286024,0.005555607419291616,0.000368348543005592,neutral
0.41619441296086407,0.8882658843922928,true,11,0.22128141876125074,0.4508633908927262,0.014467631175411694,0.061544102940196015,12.02073471564771,0.087639175945063,2916,0.09090909090909091,20.76994175425647,2.5011049039467883,0.02067028846237015,0.17165241119220226,0.1509821227298321,high facilitation
0.41376091739449294,0.11477431828788587,true,46,0.03146876458430562,0.29055270351356755,0.0005000333355557038,0.08250550036669112,17.712247483165545,0.01362090806053737,2932,0.021739130434782608,48.114815970613584,377.2783042715603,0.17829787536463151,0.022738570874581088,-0.15555930449005043,high competition
0.4634642309487299,0.8737582505500366,true,35,0.6649776651776785,0.04756983798919928,0.4221281418761251,0.08687245816387759,8.129275285019002,0.09527301820121341,2956,0.14285714285714285,250.20659366227045,32.56858659952667,0.026586601305736056,0.20425028054062894,0.17766367923489287,high facilitation
0.46106407093806256,0.13317554503633577,true,9,0.3760250683378892,0.10617374491632775,0.2581838789252617,0.011600773384892326,13.66624441629442,0.0739182612174145,2957,0.2222222222222222,1.8416728015638042,14.667516936612817,0.18108045600756564,0.022736701253874125,-0.15834375475369153,high competition
0.00026668444562970864,0.8598373224881659,true,13,0.6217747849856657,0.2157477165144343,0.2329155277018468,0.04039602640176011,18.43302886859124,0.03590906060404027,2988,0.3076923076923077,0.019224667003278295,0.002442331020147681,1.4451662841110539e-5,0.00011375542605490116,9.930376321379061e-5,neutral
0.06463764250950063,0.49090606040402696,true,17,0.6229748649909994,0.3630242016134409,0.17154476965131008,0.07592506167077805,6.454630308687245,0.034122274818321224,2989,0.23529411764705882,4.419214983786708,4.2532123106853,0.014716997614828028,0.01529140132798169,0.0005744037131536622,neutral
0.04143609573971598,0.5699513300886726,true,6,0.35549036602440165,0.3750916727781852,0.2427495166344423,0.07940529368624576,9.235149009933995,0.07416494432962198,3000,0.0,0.33862868784196243,0.3463178351503453,0.00961993986528737,0.009406352440054512,-0.0002135874252328588,neutral
0.012434162277485165,0.564084272284819,true,25,0.45196346423094874,0.4645976398426562,0.41882792186145745,0.08109873991599441,17.567837855857057,0.010834055603706913,3009,0.08,1.9759029964759607,1.6441329556929447,0.0026306127291087114,0.0031614447943615373,0.0005308320652528259,neutral
0.015401026735115675,0.5159210614040937,true,43,0.014934328955263684,0.37882525501700115,0.2719514634308954,0.09331288752583507,5.408293886259084,0.03146876458430562,3031,0.023255813953488372,6.984773445010034,6.538835991876907,0.0035364175185921614,0.0037775951568469624,0.00024117763825480098,neutral
0.39785985732382156,0.898239882658844,true,16,0.19407960530702048,0.13394226281752117,0.1521768117874525,0.09632642176145077,11.15934395626375,0.06155077005133676,3042,0.1875,43.991005898621516,4.253166693037861,0.016613932394679145,0.1718398667914903,0.15522593439681115,high facilitation
0.005700380025335022,0.5752316821121408,true,44,0.42482832188812586,0.20954730315354356,0.15821054736982465,0.039815987732515504,19.074004933662245,0.09899326621774786,3043,0.11363636363636363,3.0997796022449107,2.2221792908274445,0.0011478198816257462,0.0016011258276058423,0.0004533059459800961,neutral
0.4977998533235549,0.12832188812587506,true,42,0.2670844722981532,0.37452496833122206,0.09830655377025135,0.09439295953063538,7.580772051470098,0.029115274351623446,3048,0.09523809523809523,55.211481585257914,375.252833689353,0.2127283637694745,0.03129902584198294,-0.18142933792749155,high competition
0.022368157877191812,0.5007200480032002,true,27,0.1914794319621308,0.3274551636775785,0.4596973131542103,0.0885125675045003,11.493766251083406,0.058710580705380364,3050,0.037037037037037035,4.132284172061265,3.8760387276953097,0.005316925552394115,0.005668428219562778,0.00035150266716866326,neutral
0.4752316821121408,0.8925861724114941,true,45,0.28248549903326886,0.4612307487165811,0.00940062670844723,0.025635042336155742,8.26608440562704,0.020134675645043003,3058,0.13333333333333333,428.1861100990317,51.63219209401307,0.025497378811858307,0.21144993091310207,0.18595255210124376,high facilitation
0.033602240149343286,0.5157610507367157,true,49,0.9018601240082672,0.26005067004466964,0.41449429961997464,0.06450430028668577,8.799386625775051,0.009093939595973065,3083,0.16326530612244897,20.57540004530137,19.470111185201553,0.008109167507372575,0.00856951272190811,0.00046034521453553433,neutral
0.4116941129408627,0.8850656710447363,true,35,0.4835655710380692,0.43192879525301686,0.21851456763784252,0.036702446829788654,12.438762584172277,0.07746516434428963,3107,0.17142857142857143,214.06699613952964,27.903996567798696,0.0227787727084071,0.17474856827716706,0.15196979556875995,high facilitation
0.4989999333288886,0.884478965264351,true,23,0.9980665377691846,0.04530302020134676,0.399093272884859,0.03370224681645443,5.82378825255017,0.04477631842122808,3171,0.13043478260869565,109.76671794220907,14.819395958044336,0.028013981017097043,0.20749852162988483,0.1794845406127878,high facilitation
0.012834188945929728,0.475278351890126,true,30,0.31868791252750184,0.2376158410560704,0.492899526635109,0.07521834788985933,8.991932795519702,0.07218481232082138,3181,0.13333333333333333,2.5729677075736426,2.8048034272827373,0.003116448252536375,0.0028588530084151585,-0.0002575952441212165,neutral
0.4023601573438229,0.8775985065671045,true,18,0.967064470964731,0.026401760117341157,0.2216814454296953,0.019134608973931596,2.9507967197813185,0.08177211814120941,3203,0.2222222222222222,57.67333113589005,7.104312628334078,0.0219268908281916,0.1780041084441051,0.1560772176159135,high facilitation
0.498599906660444,0.14565637709180612,true,12,0.33422228148543237,0.2516167744516301,0.37565837722514833,0.08777251816787786,4.251750116674446,0.019174611640776055,3219,0.0,3.6009502762385943,31.265113449708235,0.21711884340075163,0.025006599140545795,-0.19211224426020584,high competition
0.4423628241882792,0.49938662577505166,true,37,0.9529301953463565,0.03850256683778919,0.4542969531302087,0.08137209147276485,8.019067937862523,0.04724314954330289,3237,0.21621621621621623,147.61769657161167,146.25326606403652,0.10683218850550513,0.10782885067320064,0.0009966621676955056,neutral
0.002300153343556237,0.3404426961797453,true,48,0.09993999599973331,0.491266084405627,0.22408160544036268,0.004606973798253217,9.041336089072605,0.023841589439295954,3267,0.08333333333333333,0.8642852403014929,1.6843847639815306,0.0007310697760336504,0.0003751238022141896,-0.0003559459738194608,neutral
0.4200280018667911,0.4882925528368558,true,34,0.42356157077138473,0.25205013667577836,0.3634908993932929,0.045736382425495034,9.526501766784452,0.08333222214814322,3276,0.17647058823529413,114.89142058951086,115.02635895591852,0.09950377072311291,0.09938704203244884,-0.0001167286906640641,neutral
0.01656777118474565,0.477091806120408,true,15,0.9293286219081273,0.36859123941596106,0.3352890192679512,0.0459030602040136,6.031535435695713,0.03497566504433629,3282,0.13333333333333333,0.8264248674451768,0.928551351247565,0.0041268948944336225,0.0036729994108674526,-0.0004538954835661699,neutral
0.007900526701780118,0.36903126875125014,true,10,0.5647043136209081,0.1951463430895393,0.18911260750716716,0.06418427895193013,14.992532835522368,0.0794919661310754,3296,0.2,0.1236908441843827,0.20926495419411284,0.0020926495419411285,0.001236908441843827,-0.0008557411000973015,neutral
0.00800053336889126,0.4318621241416095,true,36,0.025201680112007466,0.09630642042802853,0.28828588572571506,0.003626908460564038,16.24534968997933,0.08495899726648444,3307,0.027777777777777776,2.183120182853306,2.922160590584382,0.0022547535421175787,0.0016845063139300201,-0.0005702472281875585,neutral
0.46823121541436097,0.8987732515501033,true,27,0.6999799986665778,0.24281618774584973,0.17141142742849524,0.06845123008200547,2.1337422494832987,0.08854590306020402,3316,0.07407407407407407,146.93385407092114,16.614829347143818,0.022791261107193164,0.20155535537849265,0.17876409427129947,high facilitation
0.4803986932462164,0.8662377491832789,true,37,0.01600106673778252,0.35969064604306955,0.12834188945929728,0.03535569037935863,12.779518634575638,0.08916594439629309,3331,0.05405405405405406,274.3826257430488,44.215262958145686,0.03229748937775433,0.2004255849109195,0.16812809553316516,high facilitation
0.0013667577838522569,0.5251483432228815,true,26,0.5142342822854857,0.22594839655977064,0.23798253216881127,0.017041136075738383,7.880992066137742,0.07399159943996265,3334,0.15384615384615385,0.22556400909518648,0.20348479838353295,0.00030101301536025586,0.0003336745696674356,3.2661554307179764e-5,neutral
0.022134808987265817,0.4937329155277018,true,41,0.7473831588772585,0.34792319487965867,0.0792719514634309,0.029488632575505033,4.863590906060404,0.026075071671444766,3339,0.2682926829268293,8.699103220954004,9.03064801643606,0.005372187993120798,0.005174957299794173,-0.0001972306933266249,neutral
0.03833588905927062,0.44268951263417566,true,20,0.6785785719047936,0.16724448296553104,0.04656977131808787,0.090852723514901,2.2743516234415626,0.033668911260750715,3350,0.1,3.3163523018333256,3.7009698121249546,0.009252424530312386,0.008290880754583315,-0.0009615437757290717,neutral
0.0277351823454897,0.47901193412894194,true,9,0.941462764184279,0.45123008200546705,0.009933995599706646,0.09948663244216281,13.249483298886592,0.025261684112274155,3353,0.2222222222222222,0.5241051202943392,0.4713393888285561,0.005819004800352544,0.0064704335838807305,0.0006514287835281867,neutral
0.4786652443496233,0.8753583572238149,true,28,0.6905127008467231,0.15451030068671245,0.22331488765917729,0.026068404560304022,19.198146543102872,0.03227548503233549,3358,0.10714285714285714,159.75552059481737,23.764519580165803,0.030311887219599237,0.20376979667706296,0.17345790945746373,high facilitation
0.4658643909593973,0.10005333688912595,true,8,0.7197813187545836,0.47429828655243683,0.29215281018734585,0.023501566771118074,6.335555703713581,0.06307753850256684,3391,0.125,1.0348054322498643,13.257582022036056,0.20714971909431337,0.01616883487890413,-0.19098088421540924,high competition
0.4994999666644443,0.8722648176545104,true,44,0.6525101673444896,0.25465031002066807,0.38302553503566905,0.007793852923528235,17.662844189612642,0.03316221081405427,3399,0.09090909090909091,409.9157672292072,60.476440370854704,0.03123783077006958,0.21173335084153264,0.18049552007146305,high facilitation
0.4591972798186546,0.16395093006200415,true,33,0.0724048269884659,0.14100940062670844,0.2236149076605107,0.0554703646909794,16.497433162210815,0.09171278085205681,3437,0.030303030303030304,36.47768063752382,208.1043866285754,0.19109677376361378,0.03349649278009533,-0.15760028098351844,high competition
0.4709980665377692,0.8855457030468699,true,23,0.6121741449429962,0.16957797186479098,0.0243016201080072,0.04275618374558304,19.74918327888526,0.037489165944396295,3451,0.13043478260869565,106.21023274266295,13.951084513601664,0.026372560517205414,0.20077548722620597,0.17440292670900057,high facilitation
0.004666977798519901,0.47421161410760715,true,24,0.8539235949063271,0.33082205480365356,0.1634442296153077,0.002693512900860058,11.638175878391893,0.004193612907527169,3462,0.0,0.5796988453720888,0.718976187537113,0.001248222547807488,0.0010064216065487654,-0.00024180094125872257,neutral
0.44166277751850125,0.8829321954796987,true,24,0.31108740582705513,0.4081938795919728,0.4857657177145143,0.009507300486699113,9.631642109473965,0.04278285219014601,3482,0.08333333333333333,106.48310327371672,14.163205968760069,0.024588899251319563,0.18486649873909153,0.16027759948777195,high facilitation
0.15721048069871324,0.5049869991332756,true,31,0.09493966264417628,0.2866857790519368,0.35455697046469764,0.037782518834588975,2.7607840522701514,0.09579305287019135,3502,0.03225806451612903,36.91948248209255,36.32957602397294,0.03780392926532044,0.03841777573578829,0.0006138464704678534,neutral
0.02056803786919128,0.5199213280885393,true,27,0.7575171678111874,0.17617841189412628,0.39729315287685846,0.015147676511767452,6.354556970464698,0.07160477365157678,3516,0.14814814814814814,3.7538458208130763,3.475345272189775,0.004767277465280898,0.005149308396177059,0.0003820309308961607,neutral
0.48609907327155144,0.1655510367357824,true,41,0.44362957530502034,0.47259817321154746,0.1512434162277485,0.07581172078138544,19.77071804786986,0.04591639442629509,3532,0.12195121951219512,68.43973851584323,326.53743280103134,0.19425189339740115,0.04071370524440406,-0.15353818815299708,high competition
0.018101206747116474,0.517467831188746,true,23,0.01386759117274485,0.39579305287019134,0.12184145609707314,0.06809120608040536,16.883792252816853,0.0475098339889326,3540,0.08695652173913043,2.4358635961436947,2.1703625909967763,0.004102764822300144,0.004604657081557079,0.0005018922592569348,neutral
0.4332288819254617,0.12464164277618509,true,42,0.7840522701513434,0.04160277351823455,0.4581972131475432,0.017107807187145812,18.952396826455097,0.002866857790519368,3602,0.09523809523809523,44.546556879271414,329.9737898592911,0.18705997157556187,0.02525315015831713,-0.16180682141724473,high competition
0.47559837322488163,0.8820254683645576,true,37,0.7021134742316154,0.2711514100940063,0.2743516234415628,0.07205147009800654,10.248549903326888,0.07088472564837656,3618,0.13513513513513514,277.01938725224625,36.30021993790989,0.0265158655499707,0.2023516342237007,0.17583576867373,high facilitation
0.014134275618374558,0.5409893992932863,true,11,0.8669244616307754,0.4027601840122675,0.3014867657843856,0.09658643909593974,8.470031335422362,0.05234348956597107,3628,0.09090909090909091,0.3957441434411866,0.317600033782213,0.0026247936676215954,0.0032706127557122857,0.0006458190880906903,neutral
0.23058203880258685,0.4901593439562637,true,46,0.773051536769118,0.18034535635709048,0.15287685845723048,0.012574171611440765,5.248683245549703,0.09986665777718515,3653,0.06521739130434782,121.50431230381648,122.29536671524318,0.05779554192591833,0.057421697686113646,-0.00037384423980468123,neutral
0.04366957797186479,0.5145343022868192,true,49,0.493366224414961,0.34208947263150874,0.3083538902593506,0.04574304953663578,12.864390959397292,0.06006400426695114,3654,0.08163265306122448,26.518475961600572,25.121853377722168,0.010463079291012981,0.011044762999417148,0.0005816837084041664,neutral
0.05640376025068338,0.46983798919928,true,43,0.7767184478965264,0.26245083005533704,0.2663844256283752,0.029261950796719782,8.791786119074604,0.017894526301753453,3668,0.09302325581395349,24.06107899298404,25.74904731414777,0.013925931484125348,0.013013022711186609,-0.0009129087729387395,neutral
0.0007000466697779852,0.8731182078805253,true,24,0.34155610374024936,0.14420961397426496,0.24064937662510835,0.027081805453696917,17.45763050870058,0.051156743782918866,3669,0.0,0.17504722064842393,0.024160040734671373,4.194451516436002e-5,0.0003039014247368471,0.0002619569095724871,neutral
0.4904326955130342,0.1236282418827922,true,27,0.1352090139342623,0.0028335222348156545,0.00763384225615041,0.09042602840189347,5.532435495699714,0.01288752583505567,3690,0.07407407407407407,21.02215921111655,151.70671092070998,0.20810248411620025,0.028836981085207887,-0.17926550303099237,high competition
0.47536502433495564,0.1758983932262151,true,48,0.9283952263484232,0.011334088939262618,0.31575438362557506,0.08489232615507701,14.589705980398692,0.06331088739249284,3692,0.1875,89.58906582459682,445.1163237261077,0.19319284883945645,0.038884143153036815,-0.15430870568641963,high competition
0.002633508900593373,0.7354023601573437,true,18,0.23834922328155211,0.39182612174144943,0.2225815054336956,0.013827588505900395,9.693712914194279,0.07665844389625975,3702,0.2222222222222222,0.298045890130461,0.11953625504832321,0.00036893905879112105,0.0009198947226248796,0.0005509556638337586,neutral
0.0041002733515567704,0.6023801586772451,true,41,0.7113140876058404,0.07867191146076405,0.15997733182212148,0.09382625508367226,6.6687112474164945,0.06109740649376626,3728,0.04878048780487805,2.035616708694107,1.3551211325395887,0.0008061398765851211,0.001210955805290962,0.00040481592870584096,neutral
0.006067071138075871,0.5066937795853057,true,14,0.8625908393892926,0.18841256083738916,0.29718647909860657,0.07613840922728182,15.889392626175079,0.004686979131942129,3735,0.0,0.2725664506613914,0.2677065107271348,0.001365849544526198,0.0013906451564356704,2.479561190947251e-5,neutral
0.0797719847989866,0.47250483365557705,true,9,0.32462164144276284,0.15167677845189678,0.1379425295019668,0.04596973131542103,11.094739649309954,0.09635975731715449,3740,0.2222222222222222,1.3558356166211607,1.3537459252062232,0.016712912656866953,0.016738711316310627,2.5798659443673766e-5,neutral
0.42056137075805056,0.10410694046269751,true,23,0.8345889725981732,0.2671178078538569,0.49946663110874057,0.06697113140876058,5.742716181078738,0.0580772051470098,3793,0.21739130434782608,11.045863933522977,94.44856112044283,0.1785417034412908,0.020880650157888425,-0.15766105328340238,high competition
0.005867057803853591,0.6381158743916261,true,34,0.033668911260750715,0.4072938195879725,0.34988999266617776,0.055103673578238546,1.2102806853790253,0.05365024334955664,3796,0.058823529411764705,2.1093594502525566,1.1886436551778896,0.0010282384560362367,0.001824705406792869,0.0007964669507566323,neutral
0.4555303686912461,0.8411160744049603,true,47,0.9061270751383426,0.0346023068204547,0.4238949263284219,0.062010800720048005,7.536435762384159,0.04912994199613308,3825,0.23404255319148937,412.8894422482865,77.55481637061993,0.03510856331852419,0.18691237765879878,0.1518038143402746,high facilitation
0.3824588305887059,0.5029068604573639,true,41,0.022468164544302952,0.4194279618641243,0.1322754850323355,0.0669244616307754,19.64657643842923,0.097719847989866,3868,0.024390243902439025,158.11137839190292,156.63999544401943,0.09318262667698955,0.09405792884705706,0.0008753021700675101,neutral
0.4547969864657644,0.10618707913860925,true,5,0.5649709980665377,0.0996399759983999,0.32002133475565037,0.02117474498299887,7.160210680712048,0.03310887392492833,3875,0.2,0.426935251890346,4.502069525805743,0.18008278103222972,0.01707741007561384,-0.16300537095661588,high competition
0.006400426695113008,0.575071671444763,true,26,0.5966397759850657,0.4923328221881459,0.2628841922794853,0.06399093272884859,12.8491899459964,0.03852923528235216,3879,0.11538461538461539,1.1634985611779307,0.8788564068425817,0.001300083442074825,0.0017211517177188325,0.00042106827564400754,neutral
0.4516634442296153,0.1357890526035069,true,19,0.4601640109340623,0.38862590839389294,0.016067737849189946,0.03277551836789119,11.223948263217547,0.09037935862390827,3888,0.15789473684210525,9.384309105120495,65.13432346452655,0.18042748882140316,0.025995316080666193,-0.15443217274073698,high competition
0.0029001933462230816,0.1245349689979332,true,5,0.8935929061937462,0.3485232348823255,0.3535235682378825,0.04988999266617775,3.872991532768851,0.041096073071538106,3898,0.2,0.0032004132802421204,0.026699527189293026,0.001067981087571721,0.0001280165312096848,-0.0009399645563620362,neutral
0.44099606640442696,0.8985599039935995,true,36,0.1888125875058337,0.17391159410627374,0.405493699579972,0.08461897459830656,1.6232415494366292,0.013534235615707714,3906,0.1111111111111111,251.4860962976758,27.920863918073103,0.02154387647999468,0.19404791380993502,0.17250403732994035,high facilitation
0.4660310687379159,0.840529368624575,true,34,0.20108007200480033,0.35389025935062335,0.20268017867857857,0.06365091006067071,18.600240016001067,0.013700913394226282,3922,0.029411764705882353,218.35715001831562,42.25200779424924,0.03655017975281076,0.18889026818193394,0.15234008842912317,high facilitation
0.029835322354823654,0.5463230882058804,true,10,0.22841522768184547,0.40909393959597307,0.2505500366691113,0.053176878458563906,19.92019467964531,0.09406627108473899,3933,0.0,0.6883712729500684,0.6234420770833835,0.006234420770833835,0.006883712729500684,0.0006492919586668488,neutral
0.49179945329688646,0.7876191746116408,true,15,0.993599573304887,0.4047269817987866,0.40849389959330623,0.07547169811320754,7.44649643309554,0.09327955197013135,3935,0.3333333333333333,45.72535217672334,10.112915775406814,0.04494629233514139,0.20322378745210373,0.15827749511696235,high facilitation
0.48463230882058805,0.8220748049869993,true,35,0.2707513834255617,0.1303086872458164,0.4739982665511034,0.0720448029868658,3.2180812054136942,0.025661710780718716,3946,0.02857142857142857,236.85953675079622,48.47854844474001,0.03957432526101225,0.193354723878201,0.15378039861718873,high facilitation
0.4837655843722915,0.48423894926328426,true,21,0.36615774384959,0.3339889325955064,0.12070804720314687,0.07739182612174145,1.7448496566437761,0.08638575905060338,3955,0.09523809523809523,51.76083600506315,52.15365597220873,0.11826225844038261,0.11737151021556269,-0.0008907482248199233,neutral
0.4919327955197013,0.15877725181678778,true,39,0.03646909793986266,0.26015067671178077,0.007000466697779852,0.09399293286219082,15.534702313487566,0.05715714380958731,3962,0.05128205128205128,59.83555089814404,306.36620734219207,0.20142419943602372,0.03933961268780016,-0.16208458674822357,high competition
0.03173544902993533,0.4811987465831056,true,22,0.13827588505900393,0.043502900193346225,0.29005267017801184,0.02799519967997867,1.5624374958330556,0.0421561437429162,3973,0.045454545454545456,3.6044797224348173,3.6748590289251086,0.007592683944060142,0.007447272153790945,-0.0001454117902691971,neutral
0.007867191146076405,0.4865324354956997,true,9,0.6523101540102674,0.42706180412027467,0.2957863857590506,0.020221348089872658,3.000200013334222,0.03404893659577306,4008,0.1111111111111111,0.14167877917274407,0.14661798643152502,0.001810098597920062,0.0017491207305277046,-6.097786739235741e-5,neutral
0.4824988332555504,0.8798386559103941,true,44,0.11374091606107074,0.07293819587972532,0.2689845989732649,0.05411694112940863,18.34182278818588,0.020634708980598708,4015,0.022727272727272728,404.0980238797161,54.60085175968057,0.028202919297355668,0.20872831811968806,0.1805253988223324,high facilitation
0.4835655710380692,0.1610707380492033,true,14,0.6069737982532168,0.4192612840856057,0.04690312687512501,0.04899659977331823,4.931995466364424,0.0962997533168878,4020,0.35714285714285715,6.648720410660546,37.103275308426056,0.18930242504299008,0.0339220429115334,-0.1553803821314567,high competition
0.22981532102140143,0.4868524568304554,true,20,0.41436095739715983,0.4564637642509501,0.363357557170478,0.0543302886859124,14.270484698979931,0.017174478298553238,4030,0.1,21.134489888638758,21.042372930887588,0.05260593232721897,0.052836224721596894,0.00023029239437792615,neutral
0.24728315221014735,0.4880792052803521,true,45,0.48609907327155144,0.3424894992999533,0.33635575705047005,0.029961997466497768,16.37455830388693,0.08434562304153612,4038,0.13333333333333333,125.76943482200579,126.8680650046319,0.06265089629858366,0.06210836287506459,-0.0005425334235190649,neutral
0.43686245749716646,0.884425628375225,true,41,0.4648976598439896,0.17244482965531036,0.2307820521368091,0.0181678778585239,8.449763317554503,0.0808187212480832,4039,0.0,314.84897607983305,43.05803888641062,0.025614538302445342,0.18729861753708094,0.1616840792346356,high facilitation
0.02716847789852657,0.5337889192612841,true,27,0.7967197813187545,0.3949596639775985,0.22234815654376958,0.06649109940662712,6.306420428028535,0.036555770384692314,4094,0.07407407407407407,4.9774475159183265,4.352441790955212,0.005970427696783556,0.006827774370258335,0.0008573466734747796,neutral
0.0011667444496299753,0.6104340289352623,true,48,0.6327755183678911,0.2721514767651177,0.2885525701713448,0.04840989399293286,16.059137275818387,0.00795386359090606,4114,0.1875,0.792449905711774,0.5136382217117915,0.0002229332559512984,0.00034394527157629077,0.00012101201562499236,neutral
0.4347623174878325,0.1116274418294553,true,42,0.3902260150676712,0.3286552436829122,0.22664844322954864,0.055890392692846194,15.733582238815922,0.09897993199546637,4123,0.11904761904761904,41.89908076372086,334.9159362725502,0.18986164187786292,0.0237523133581184,-0.16610932851974453,high competition
0.015901060070671377,0.4999199946663111,true,39,0.4427628508567238,0.15921061404093606,0.0008333888925928395,0.008800586705780385,12.913794252950197,0.03542902860190679,4138,0.10256410256410256,6.019656922829666,6.116520231687227,0.004021380822937033,0.003957696859191102,-6.368396374593129e-5,neutral
0.0025335022334822322,0.35596373091539435,true,16,0.13614240949396628,0.13364224281618775,0.23301553436895794,0.08374558303886927,15.105273684912328,0.04532302153476899,4166,0.0,0.10485866368245111,0.18556042980002574,0.0007248454289063505,0.00040960415500957467,-0.0003152412738967759,neutral
0.019034602306820456,0.48066537769184614,true,49,0.7577171811454096,0.2955530368691246,0.24314954330288685,0.01033402226815121,3.7577171811454098,0.026781785452363493,4167,0.10204081632653061,10.786180423681737,11.209906185922424,0.004668848890429998,0.0044923700223580745,-0.00017647886807192325,neutral
0.0024001600106673777,0.443222881525435,true,13,0.7079138609240616,0.3340889392626175,0.22004800320021334,0.07307820521368093,10.577905193679578,0.06810454030268684,4187,0.23076923076923078,0.07617014885568762,0.10348089519230397,0.0006123129893035738,0.000450710939974483,-0.00016160204932909078,neutral
0.4298286552436829,0.8894926328421895,true,8,0.7988532568837923,0.26841789452630177,0.09967331155410361,0.022294819654643645,6.824521634775651,0.09894659643976265,4194,0.5,11.058870124423667,1.0348114612173958,0.01616892908152181,0.1727948456941198,0.15662591661259798,high facilitation
0.4865324354956997,0.870771384758984,true,44,0.9118607907193813,0.15237682512167477,0.08157210480698714,0.08201213414227616,5.261350756717114,0.01509433962264151,4210,0.11363636363636363,407.95766786868955,60.12098593783917,0.031054228273677258,0.21072193588258759,0.17966770760891032,high facilitation
0.0015001000066671112,0.5810987399159944,true,25,0.053203546903126876,0.4312287485832389,0.022801520101340088,0.060904060270684714,8.929861990799386,0.0012400826721781454,4217,0.08,0.26712403488587655,0.19348425365669597,0.00030957480585071354,0.0004273984558174025,0.00011782364996668895,neutral
0.006100406693779585,0.662010800720048,true,6,0.7787852523501567,0.4111274084938996,0.036835789052603506,0.0001533435562370825,12.537569171278085,0.008053870258017203,4218,0.0,0.05458980116326728,0.0351789921145611,0.000977194225404475,0.0015163833656463134,0.0005391891402418384,neutral
0.022301486765784386,0.5334155610374025,true,23,0.8632575505033669,0.33608907260484033,0.27628508567237814,0.09176611774118275,5.771851456763784,0.04188279218614575,4247,0.17391304347826086,3.1213000749679676,2.5954318913270447,0.0049062984713176645,0.005900378213550033,0.0009940797422323686,neutral
0.47116474431628774,0.16533768917927863,true,46,0.7415827721848123,0.274784985665711,0.020701380092006134,0.05114340956063738,4.76858457230482,0.08989265951063405,4268,0.10869565217391304,79.89724576230178,408.4916939972789,0.19304900472461195,0.03775862276101218,-0.15529038196359976,high competition
0.4390626041736116,0.12741516101073405,true,32,0.10954063604240283,0.05447029801986799,0.19017934528968597,0.05930395359690646,14.35915727715181,0.048163210880725386,4299,0.03125,28.634915412443533,192.6243841755803,0.18810975017146514,0.027963784582464388,-0.16014596558900074,high competition
0.0033002200146676447,0.6259550636709114,true,27,0.28775251683445563,0.14070938062537502,0.16391092739515967,0.06420428028535236,5.318354556970465,0.020101340089339288,4309,0.14814814814814814,0.722651834181876,0.42947214650995247,0.0005891250295061076,0.000991291953610255,0.0004021669241041474,neutral
0.18857923861590772,0.5080272018134543,true,49,0.6976465097673178,0.21321421428095205,0.2668844589639309,0.09793319554636977,18.229081938795918,0.007573838255883726,4334,0.22448979591836735,110.77956924754469,109.17693961913074,0.04547144507252426,0.046138929299268924,0.0006674842267446676,neutral
0.41496099739982667,0.8745049669977999,true,37,0.16327755183678913,0.09820654710314021,0.24454963664244284,0.028675245016334425,15.239549303286886,0.05370358023868258,4337,0.02702702702702703,242.90086084842372,32.55767750635194,0.023782087294632537,0.17742940894698592,0.15364732165235337,high facilitation
0.48313220881392094,0.14805653710247352,true,20,0.7287819187945863,0.18784585639042603,0.24044936329088606,0.020794719647976533,2.5125008333888923,0.046403093539569305,4339,0.2,13.558205983347104,75.93781759087508,0.18984454397718772,0.03389551495836776,-0.15594902901881996,high competition
0.4548303220214681,0.46061070738049203,true,8,0.0024001600106673777,0.2199479965331022,0.32482165477698516,0.08161877458497234,17.523501566771117,0.07955863724248283,4345,0.0,6.630766127833116,6.612672904286167,0.10332301412947135,0.10360572074739244,0.000282706617921083,neutral
0.4960664044269618,0.8259150610040669,true,45,0.8289219281285419,0.3129541969464631,0.3767584505633709,0.07769184612307486,9.530302020134675,0.0975798386559104,4348,0.2222222222222222,401.6357585659839,87.2368155371369,0.0430799089072281,0.19833864620542416,0.15525873729819606,high facilitation
0.49276618441229414,0.8897059803986933,true,10,0.11134075605040336,0.19801320088005867,0.05040336022401493,0.09326621774784986,14.639109273951597,0.044796319754650316,4360,0.0,19.513755166712333,1.7258236329027388,0.01725823632902739,0.19513755166712332,0.17787931533809592,high facilitation
0.4410294019601307,0.10208013867591173,true,18,0.9168611240749384,0.0459030602040136,0.3427228481898793,0.002120141342756184,13.131675445029668,0.0032068804586972465,4362,0.2222222222222222,7.386235771489778,59.09289279465735,0.18238547158844862,0.02279702398607956,-0.15958844760236907,high competition
0.31122074804987,0.518374558303887,true,46,0.9694646309753984,0.19484632308820587,0.2960197346489766,0.010567371158077205,17.614707647176477,0.010540702713514236,4398,0.15217391304347827,159.310869110284,160.48924828894727,0.07584558047681818,0.07528869050580529,-0.0005568899710128861,neutral
0.000800053336889126,0.8574904993666245,true,21,0.6696446429761984,0.34185612374158275,0.21541436095739716,0.020674711647443163,6.892926195079672,0.014934328955263684,4401,0.14285714285714285,0.1373122006826002,0.02069374953431069,4.6924602118618345e-5,0.00031136553442766485,0.0002644409323090465,neutral
0.49029935329021934,0.10896059737315822,true,32,0.31775451696779783,0.012934195613040869,0.14644309620641377,0.07706513767584507,18.609107273818253,0.06888459230615375,4404,0.09375,25.08312806678283,211.70320629414752,0.20674141239662844,0.024495242252717608,-0.18224617014391084,high competition
0.47359823988265887,0.8327421828121876,true,41,0.42869524634975664,0.46429761984132273,0.14097606507100474,0.05247683178878592,13.0987399159944,0.02181478765251017,4414,0.0975609756097561,323.1496475694493,62.23252665989444,0.037021134241460106,0.19223655417575808,0.15521541993429797,high facilitation
0.2600173344889659,0.49218614574304953,true,30,0.1792119474631642,0.2184478965264351,0.35705713714247617,0.01298086539102607,15.451096739782653,0.0432028801920128,4444,0.03333333333333333,57.06954169930406,56.57122221751743,0.06285691357501937,0.06341060188811562,0.0005536883130962539,neutral
0.01200080005333689,0.5617907860524035,true,37,0.7053803586905794,0.013667577838522568,0.19037935862390826,0.0758717247816521,5.80098673244883,0.03912260817387826,4451,0.10810810810810811,4.68401640146911,3.49623153319792,0.0025538579497428196,0.0034214875102038787,0.000867629560461059,neutral
0.45956397093139545,0.1284818987932529,true,19,0.5280352023468231,0.4317287819187946,0.3626241749449963,0.006420428028535236,14.259083938929262,0.017067804520301353,4457,0.15789473684210525,9.059809643603673,68.80045103815914,0.19058296686470674,0.02509642560555034,-0.1654865412591564,high competition
0.0003000200013334222,0.18891259417294487,true,42,0.5641709447296487,0.284452296819788,0.05167011134075605,0.020001333422228148,3.520834722314821,0.06271084738982599,4472,0.07142857142857142,0.05076223864800733,0.20712188586403757,0.00011741603507031608,2.877677927891572e-5,-8.863925579140035e-5,neutral
0.4729315287685846,0.8266084405627042,true,34,0.15827721848123208,0.1992799519967998,0.34918994599639974,0.03700246683112207,4.992799519967997,0.016647776518434562,4473,0.029411764705882353,216.80748969978194,41.87152940344719,0.03622104619675363,0.18754973157420582,0.1513286853774522,high facilitation
0.09380625375025002,0.4800786719114608,true,37,0.6094406293752916,0.034935662377491836,0.008567237815854391,0.08765917727848524,6.305153676911794,0.05756383758917262,4489,0.13513513513513514,30.917348104114573,31.744124980080937,0.023187819561783007,0.022583891967943442,-0.000603927593839565,neutral
0.004900326688445897,0.3040669377958531,true,26,0.4747649843322888,0.3680578705247016,0.43702913527568504,0.0710314020934729,8.847523168211215,0.09856657110474032,4502,0.15384615384615385,0.47575848949520916,1.0703944596878632,0.0015834237569347087,0.0007037847477739781,-0.0008796390091607306,neutral
0.44372958197213147,0.4929328621908128,true,31,0.8516567771184745,0.30525368357890525,0.3269551303420228,0.09614640976065073,3.2738182545503034,0.0802253483565571,4513,0.1935483870967742,102.34228017209125,102.27213829385785,0.10642262049308829,0.10649560891997008,7.298842688178986e-5,neutral
0.0029668644576305086,0.17648509900660045,true,15,0.8350556703780252,0.42392826188412563,0.10754050270018001,0.09564637642509502,7.009467297819855,0.07203146876458431,4544,0.26666666666666666,0.04700071808761841,0.2499119681850589,0.0011107198586002617,0.00020889208038941514,-0.0009018277782108465,neutral
0.046069737982532166,0.49063937595839724,true,7,0.5717047803186879,0.3973931595439696,0.17951196746449763,0.03553570238015868,8.264817654510301,0.06771118074538303,4554,0.14285714285714285,0.47123540521596485,0.4455749305278943,0.009093365929140701,0.0096170490860401,0.0005236831568993985,neutral
0.41862790852723514,0.489999333288886,true,20,0.3991599439962664,0.005100340022668178,0.22008133875591707,0.023168211214080938,16.51643442896193,0.04857657177145143,4598,0.05,40.95314909977992,41.3460361371603,0.10336509034290074,0.10238287274944981,-0.0009822175934509347,neutral
0.43562904193612906,0.5009333955597041,true,43,0.5803720248016534,0.20288019201280086,0.2714847656510434,0.030988732582172145,11.267017801186746,0.06824454963664245,4611,0.20930232558139536,193.75338391999549,194.0417524874008,0.10494416035013564,0.10478820114656327,-0.00015595920357236448,neutral
0.4589305953730249,0.11056070404693646,true,11,0.05427028468564571,0.3234882325488366,0.07407160477365157,0.07519167944529635,4.763517567837856,0.023388225881725448,4630,0.0,2.3327007319919995,22.51358258923598,0.18606266602674365,0.019278518446214872,-0.16678414758052879,high competition
0.4146609773984932,0.8651176745116341,true,24,0.7344489632642176,0.3674578305220348,0.29988665911060736,0.02793519567971198,18.106207080472032,0.047576505100340026,4636,0.0,106.53184130016598,15.363591579125885,0.02667290204709355,0.18495111336834372,0.15827821132125017,high facilitation
0.46896459763984266,0.11536102406827123,true,41,0.19127941862790854,0.20648043202880192,0.001100073338222548,0.009993999599973331,12.91759450630042,0.013200880058670579,4671,0.14634146341463414,44.85238530042017,337.5301387178099,0.20079127823784051,0.026681966270327286,-0.17410931196751323,high competition
0.49039935995733047,0.16091072738182546,true,36,0.7746516434428962,0.17171144742982866,0.11997466497766518,0.06783785585705714,7.9544636309087275,0.06055070338022535,4681,0.2777777777777778,46.27588861491949,257.58638904922833,0.19875492982193543,0.035706704178178617,-0.16304822564375682,high competition
0.49163277551836787,0.89093272884859,true,44,0.5124341622774852,0.42996199746649777,0.14467631175411694,0.09519967997866526,4.1909460630708715,0.08895926395093007,4704,0.11363636363636363,407.46049420625775,50.238130795776634,0.025949447725091238,0.2104651313048852,0.18451568357979398,high facilitation
0.0011334088939262618,0.4666911127408494,true,44,0.7421161410760717,0.3574904993666244,0.32528835255683713,0.04683645576371758,16.08320554703647,0.04818987932528836,4721,0.11363636363636363,0.49012490950208165,0.5852408990959532,0.0003022938528388188,0.00025316369292462896,-4.913015991418984e-5,neutral
0.45839722648176545,0.8990399359957331,true,33,0.35242349489965996,0.10487365824388292,0.3139209280618708,0.044889659310620715,16.2998199879992,0.0018934595639709315,4747,0.06060606060606061,213.69817619868033,24.46228220171525,0.022463069055753213,0.1962334033045733,0.1737703342488201,high facilitation
0.3316887792519501,0.49735982398826584,true,48,0.31922128141876127,0.127208480565371,0.22468164544302954,0.09155277018467899,16.863524234948997,0.06995799719981331,4750,0.08333333333333333,188.13969392729513,187.1429802003728,0.08122525182307846,0.08165785326705517,0.0004326014439767073,neutral
0.11014067604506968,0.5049336622441496,true,44,0.8319221281418762,0.11424094939662645,0.18937929195279685,0.09828655243682913,13.007533835589038,0.012747516501100075,4759,0.22727272727272727,53.05898580245168,53.69768175068082,0.02773640586295497,0.02740650093101843,-0.00032990493193654075,neutral
0.43136209080605376,0.10677378491899461,true,37,0.41196079738649244,0.08460564037602507,0.3291886125741716,0.07911194079605308,8.413027535169011,0.026601773451563438,4802,0.13513513513513514,30.759855652455784,250.19758476030069,0.1827593752814468,0.022468850001793852,-0.16029052527965296,high competition
0.4423294886325755,0.13589572638175879,true,22,0.21521434762317487,0.23601573438229215,0.12374158277218482,0.04877658510567371,14.062737515834389,0.0952863524234949,4865,0.13636363636363635,15.457219077834521,92.12655851476687,0.19034412916274146,0.03193640305337711,-0.15840772610936435,high competition
0.4932328821921461,0.847783185545703,true,40,0.07567171144742983,0.44916327755183677,0.337755850390026,0.08068537902526836,10.776785119007934,0.0013067537835855724,4911,0.025,327.00028120835447,56.38948932126551,0.03524343082579094,0.20437517575522154,0.16913174492943062,high facilitation
0.432028801920128,0.8790919394626309,true,13,0.6775118341222748,0.000800053336889126,0.46699779985332357,0.04083605573704914,3.5803720248016533,0.0805520368024535,4932,0.15384615384615385,29.9763870591621,3.7758250677669807,0.022342160164301662,0.17737507135598876,0.1550329111916871,high facilitation
0.025468364557637176,0.4629041936129076,true,45,0.8028535235682379,0.4087272484832322,0.1937129141942796,0.007660510700713381,12.205680378691913,0.0007133808920594707,4933,0.2,12.10504598403591,14.020700289525216,0.006923802612111217,0.005977800485943659,-0.0009460021261675586,neutral
0.11717447829855324,0.5030668711247417,true,8,0.1604773651576772,0.44122941529435294,0.46176411760784053,0.08093206213747584,18.50143342889526,0.09694646309753985,4956,0.0,1.56457721803957,1.5454533487860869,0.024147708574782607,0.024446519031868282,0.0002988104570856749,neutral
0.001900126675111674,0.14362957530502035,true,21,0.21861457430495365,0.45773051536769116,0.24258283885592372,0.02098806587105807,9.891326088405894,0.08218547903193546,4960,0.0,0.0577982939013606,0.34752917445418097,0.000788048014635331,0.00013106189093279046,-0.0006569861237025405,neutral
0.4063270884725648,0.11621441429428629,true,19,0.09160610707380493,0.3635242349489966,0.26228415227681845,0.01879458630575372,2.962197479831989,0.026155077005133677,4969,0.0,7.22979056460597,64.71735579071685,0.1792724537138971,0.020027120677578867,-0.15924533303631824,high competition
0.4854656977131809,0.12970864724314954,true,43,0.7587172478165211,0.1845789719314621,0.4393292886192413,0.08487899193279552,16.193412894192946,0.009473964930995398,4977,0.18604651162790697,55.51395256761484,373.8616106457139,0.20219665259367978,0.03002377099384253,-0.17217288159983724,high competition
0.4557970531368758,0.8676778451896794,true,27,0.44442962864190944,0.1818787919194613,0.10587372491499433,0.07348489899326623,14.554236949129942,0.013367557837189147,5016,0.1111111111111111,138.6046142160715,20.34414465124569,0.0279069199605565,0.19012978630462482,0.16222286634406832,high facilitation
0.4246283085539036,0.10474698313220882,true,20,0.35042336155743714,0.2555503700246683,0.3291552770184679,0.0037602506833788922,5.361424094939663,0.005920394692979533,5057,0.25,8.224526845319868,69.78943712087035,0.17447359280217586,0.02056131711329967,-0.1539122756888762,high competition
0.11914127608507234,0.5032268817921195,true,49,0.32808853923594905,0.2427495166344423,0.12260817387825855,0.03368891259417295,4.596306420428029,0.08002533502233482,5066,0.12244897959183673,68.87015562009546,70.02817497484861,0.029166253633839487,0.028683946530652003,-0.0004823071031874841,neutral
0.025268351223414896,0.5278685245683046,true,27,0.9330622041469431,0.2064470964730982,0.1531768784585639,0.0658510567371158,9.128741916127742,0.02400160010667378,5076,0.18518518518518517,4.856924144173256,4.160956669516201,0.005707759491791771,0.006662447385697196,0.0009546878939054246,neutral
0.47093139542636175,0.8767451163410894,true,18,0.2059470631375425,0.345789719314621,0.04326955130342023,0.05663044202946864,14.224881658777251,0.08603906927128475,5084,0.2222222222222222,63.43771529618944,8.718069337016468,0.026907621410544653,0.1957954175808316,0.16888779617028696,high facilitation
0.05947063137542503,0.5194946329755317,true,26,0.9154610307353823,0.36615774384959,0.37149143276218416,0.09991332755517035,16.14147609840656,0.04547636509100607,5096,0.19230769230769232,9.865050008167596,9.351868854909162,0.013834125525013553,0.014593269242851474,0.0007591437178379214,neutral
0.4251283418894593,0.8684245616374425,true,30,0.8531902126808454,0.29915327688512566,0.2920861390759384,0.048283218881258756,7.062670844722981,0.09603973598239883,5098,0.16666666666666666,159.09799623217293,23.530235878520152,0.026144706531689058,0.17677555136908105,0.15063084483739198,high facilitation
0.3858590572704847,0.8993066204413628,true,42,0.2825521701446763,0.3051203413560904,0.06670444696313088,0.0584505633708914,12.54390292686179,0.051396759783985606,5119,0.19047619047619047,298.21490681154387,32.86095928172412,0.018628661724333404,0.16905606962105663,0.1504274078967232,high facilitation
0.48033202213480897,0.48749249949996665,true,39,0.24314954330288685,0.142342822854857,0.17851190079338622,0.09402626841789453,9.934395626375093,0.09598639909327289,5127,0.02564102564102564,177.5683714248985,178.67466405138893,0.11747183698316169,0.11674449140361505,-0.0007273455795466371,neutral
0.0390359357290486,0.5332022134808988,true,15,0.4734315621041403,0.3637575838389226,0.04116941129408627,0.0346489765984399,11.112474164944329,0.024334955663710914,5148,0.06666666666666667,2.065566938806084,2.008016385240315,0.008924517267734732,0.009180297505804819,0.0002557802380700868,neutral
0.00530035335689046,0.4646109740649377,true,20,0.3056203746916461,0.3639242616174412,0.37419161277418495,0.03496899793319554,10.133275551703447,0.004720314687645843,5168,0.05,0.4549563220140851,0.5230723037669861,0.0013076807594174652,0.0011373908050352128,-0.00017028995438225238,neutral
0.07080472031468765,0.49229281952130144,true,33,0.17907860524034935,0.1406093739582639,0.3058870591372758,0.023154876991799453,11.685045669711315,0.006687112474164945,5184,0.0,18.288371386652926,17.815845561864755,0.016359821452584716,0.016793729464327757,0.0004339080117430408,neutral
0.44586305753716915,0.13808253883592242,true,30,0.4994332955530369,0.44272951530102006,0.3320221348089873,0.0114874324954997,9.982532168811254,0.06569771318087873,5192,0.2,27.420057863992177,166.8383576907119,0.18537595298967988,0.03046673095999131,-0.15490922202968857,high competition
0.46599773318221216,0.1496033068871258,true,46,0.10827388492566171,0.34812320821388093,0.0035669044602973533,0.054970331355423695,14.720181345423029,0.03592239482632176,5245,0.06521739130434782,70.43588143020622,398.69178432018896,0.18841766744810443,0.03328727855869859,-0.15513038888940583,high competition
0.45049669977998535,0.8531168744582972,true,48,0.9471298086539103,0.07580505367024468,0.34845656377091805,0.09521301420094674,17.318287885859057,0.04138275885059004,5259,0.2916666666666667,434.96304293296714,72.01079483219203,0.03125468525702779,0.18878604293965587,0.15753135768262808,high facilitation
0.4226615107673845,0.8962130808720582,true,20,0.601373424894993,0.19767984532302155,0.43126208413894257,0.05785052336822455,19.33875591706114,0.07876525101673446,5266,0.1,77.48261418474286,6.963058718733274,0.017407646796833185,0.19370653546185715,0.17629888866502397,high facilitation
0.05017001133408894,0.5052536835789053,true,24,0.5193012867524501,0.17604506967131142,0.06193746249749983,0.017781185412360824,8.250883392226148,0.02206147076471765,5275,0.08333333333333333,6.999596838238791,6.705493021368972,0.011641480939876688,0.012152077844164567,0.0005105969042878793,neutral
0.42706180412027467,0.8638375891726116,true,22,0.7387825855057004,0.1750450030002,0.08597239815987733,0.057937195813054204,16.871124741649446,0.013014200946729783,5277,0.045454545454545456,89.4083146006826,13.05562122569011,0.026974424020020888,0.18472792272868305,0.15775349870866215,high facilitation
0.4602306820454697,0.10245349689979333,true,18,0.5129008600573371,0.19701313420894725,0.08020534702313488,0.029641976131742118,14.226148409893993,0.014347623174878326,5283,0.16666666666666666,8.30718932405196,63.36500568514648,0.19557100520106938,0.02563947322238259,-0.1699315319786868,high competition
0.0017334488965931062,0.5471231415427695,true,38,0.31042069471298084,0.38762584172278153,0.263384225615041,0.02712180812054137,9.014734315621041,0.07515834388959264,5287,0.07894736842105263,0.6623625577430552,0.5463357063305126,0.00037834882709869295,0.00045869983223203266,8.035100513333971e-5,neutral
0.4777318487899193,0.14474964997666512,true,12,0.052936862457497166,0.28298553236882457,0.13654243616241082,0.07872524834988999,6.954996999799986,0.026368424561637443,5331,0.0,4.2280450586371625,29.025253963764243,0.2015642636372517,0.02936142401831363,-0.17220283961893806,high competition
0.4641309420628042,0.12432162144142944,true,33,0.29008600573371557,0.012434162277485165,0.10427361824121609,0.09728648576571772,17.770518034535634,0.06573771584772319,5348,0.12121212121212122,31.626385990217585,214.9727804567153,0.197403838803228,0.029041676758693832,-0.1683621620445342,high competition
0.4685645709713981,0.8521034735649043,true,19,0.668644576305087,0.29808653910260685,0.1447763184212281,0.08290552703513568,3.03186879125275,0.019207947196479766,5357,0.05263157894736842,69.45608207722216,11.609975397675095,0.0321605966694601,0.1923991193274852,0.16023852265802513,high facilitation
0.49006600440029335,0.15312354156943797,true,50,0.28981932128808585,0.4948996599773318,0.2059137275818388,0.013380892059470632,5.859257283818922,0.010167344489632642,5385,0.1,93.14917639768848,499.4531189988393,0.19978124759953572,0.03725967055907539,-0.16252157704046033,high competition
0.0010000666711114075,0.46397093139542644,true,25,0.42302820188012535,0.11014067604506968,0.4079605307020468,0.06395093006200414,16.507567171144743,0.009593972931528768,5404,0.08,0.1365098173085837,0.15105050606798975,0.00024168080970878361,0.0002184157076937339,-2.3265102015049716e-5,neutral
0.4948996599773318,0.8273551570104674,true,46,0.4891659443962931,0.3387225815054337,0.29065271018067873,0.01607440496033069,2.1780785385692383,0.045289685979065276,5409,0.06521739130434782,427.59269456835216,90.50342422014528,0.0427709944329609,0.2020759426126428,0.1593049481796819,high facilitation
0.05673711580772051,0.5071204746983132,true,9,0.15534368957930528,0.3795253016867791,0.2681178745249683,0.010374024934995668,16.364424294952997,0.02859523968264551,5468,0.1111111111111111,1.0696844979480067,1.0471547455410608,0.012927836364704454,0.01320598145614823,0.00027814509144377664,neutral
0.4447296486432429,0.8629308620574705,true,49,0.8513234215614375,0.35212347489832657,0.19887992532835522,0.039295953063537566,1.3749583305553703,0.029488632575505033,5495,0.12244897959183673,447.6596479484312,71.09948814273761,0.029612448206054815,0.1864471669922662,0.15683471878621139,high facilitation
0.42456163744249614,0.12357490499366625,true,12,0.3456230415361024,0.32002133475565037,0.36555770384692315,0.01784118941262751,18.7737849189946,0.027601840122674845,5510,0.16666666666666666,3.179233669333435,25.537294270233154,0.17734232132106356,0.0220780115925933,-0.15526430972847027,high competition
0.36792452830188677,0.48253216881125416,true,15,0.18627908527235149,0.3505900393359557,0.008367224481632109,0.07765851056737115,11.326555103673579,0.037595839722648176,5541,0.2,20.43339991545865,20.38028723943393,0.09057905439748414,0.09081511073537178,0.0002360563378876468,neutral
0.35589039269284617,0.48733248883258884,true,26,0.7854523634908994,0.2723181545436362,0.3399226615107674,0.06005067004466965,5.124541636109074,0.05233015534368959,5584,0.23076923076923078,58.439257929481684,58.346110924548974,0.08631081497714345,0.0864486064045587,0.00013779142741525419,neutral
0.486732448829922,0.1896059737315821,true,34,0.39382625508367225,0.4364957663844256,0.44622974864991,0.0073138209213947595,13.153210214014267,0.03927595173011534,5631,0.11764705882352941,52.56693302926249,228.6183016717025,0.19776669694783955,0.045473125457839526,-0.15229357149000003,high competition
0.43086205747049805,0.13829588639242618,true,47,0.0223348223214881,0.39449296619774654,0.14560970731382092,0.049809987332488835,11.182145476365092,0.059350623374891665,5666,0.0,63.35183846615931,402.1903312691836,0.1820689593794403,0.02867896716439987,-0.1533899922150404,high competition
0.49906660444029605,0.1789919327955197,true,43,0.7711180745383025,0.3937595839722648,0.1710780718714581,0.06765784385625709,1.4306953796919795,0.06637109140609374,5692,0.18604651162790697,84.20928544305579,371.7786180179812,0.20107010168630676,0.045543150591160514,-0.15552695109514625,high competition
0.0007333822254816988,0.4933595573038203,true,39,0.37149143276218416,0.09483965597706513,0.21031402093472898,0.0601373424894993,11.81805453696913,0.0793786252416828,5759,0.15384615384615385,0.267070767450142,0.269549632682764,0.00017721869341404603,0.00017558893323480737,-1.6297601792386563e-6,neutral
0.008800586705780385,0.46071738115874394,true,26,0.8729248616574439,0.19474631642109475,0.29461964130942064,0.09872658177211815,19.46543102873525,0.06820454696979798,5778,0.11538461538461539,1.2488474651504085,1.556484910058562,0.0023024924705008316,0.0018474074928260481,-0.0004550849776747835,neutral
0.4396626441762784,0.881652110140676,true,15,0.5419694646309754,0.4876991799453297,0.2784185612374158,0.07029801986799121,1.5839722648176546,0.0588105873724915,5786,0.13333333333333333,41.958029598668446,5.35608027615307,0.023804801227346975,0.18648013154963755,0.1626753303222906,high facilitation
0.10470698046536436,0.5159743982932196,true,39,0.4666311087405827,0.05657043802920195,0.1524101606773785,0.026861790786052407,11.230282018801253,0.02825521701446763,5790,0.10256410256410256,39.20509670486206,37.90261473255264,0.02491953631331535,0.025775868970980973,0.0008563326576656247,neutral
0.017201146743116208,0.4919727981865458,true,50,0.09407293819587972,0.012134142276151743,0.45723048203213545,0.006533768917927862,3.381492099473298,0.04906327088472565,5807,0.02,10.46822038154825,10.849112426541804,0.004339644970616722,0.0041872881526193,-0.00015235681799742173,neutral
0.08650576705113674,0.4928261884125609,true,22,0.8007867191146076,0.41492766184412294,0.05983732248816588,0.07905193679578638,17.574171611440764,0.0725915061004067,5813,0.4090909090909091,10.17021701795566,9.944915648716417,0.02054734638164549,0.021012845078420783,0.00046549869677529193,neutral
0.06930462030802054,0.5141609440629376,true,8,0.3748249883325555,0.17321154743649578,0.0846723114874325,0.0011667444496299753,3.3206880458697245,0.02844189612640843,5820,0.125,0.9703546736479023,0.9768942678095446,0.015263972934524134,0.015161791775748473,-0.00010218115877566082,neutral
0.47059803986932464,0.8784518967931195,true,25,0.11160744049603306,0.46696446429761984,0.16541102740182678,0.05141676111740783,10.3536902460164,0.05669044602973532,5840,0.08,123.11542778117098,18.26339590611562,0.029221433449784992,0.19698468444987358,0.1677632510000886,high facilitation
0.003800253350223348,0.5635509033935596,true,43,0.05733715581038736,0.1247083138875925,0.01023401560104007,0.010020668044536303,15.682912194146276,0.009140609373958263,5849,0.09302325581395349,1.9341460784075666,1.4804012173345171,0.0008006496578337032,0.001046049799030593,0.0002454001411968899,neutral
0.010834055603706913,0.5029601973464898,true,18,0.6796453096873125,0.3038202546836456,0.028535235682378826,0.044822988199213286,10.980732048803253,0.05555037002466832,5857,0.2222222222222222,0.8762431993337592,0.8164500517723932,0.002519907567198744,0.0027044543189313555,0.00018454675173261133,neutral
0.10320688045869725,0.5004000266684446,true,36,0.7717181145409694,0.47479831988799254,0.011100740049336623,0.047816521101406766,15.225615041002733,0.07843856257083806,5878,0.1388888888888889,32.50861303570377,32.074977342837215,0.024749210912683037,0.025083806354709696,0.00033459544202665836,neutral
0.02196813120874725,0.5468031202080139,true,46,0.16747783185545703,0.3676911794119608,0.2987865857723848,0.023454896993132877,19.86192412827522,0.08447896526435096,5880,0.043478260869565216,11.943138966059943,10.524705723727095,0.004973868489474053,0.005644205560519822,0.0006703370710457691,neutral
0.11470764717647843,0.5214680978731916,true,10,0.11687445829721982,0.28818587905860393,0.3935262350823388,0.0457297153143543,7.666911127408494,0.07833855590372692,5883,0.1,2.695107144337476,2.6401711611594543,0.026401711611594544,0.02695107144337476,0.0005493598317802169,neutral
0.005000333355557037,0.7006800453363558,true,49,0.1256750450030002,0.21224748316554437,0.08463897593172878,0.08485899059937331,16.607640509367293,0.055503700246683114,5890,0.061224489795918366,4.1046199711720135,1.8246421846298437,0.0007599509307079733,0.0017095460104839706,0.0009495950797759973,neutral
0.002166811120741383,0.4379958663910928,true,21,0.8004533635575705,0.09733982265484366,0.13974264950996734,0.05454363624241616,14.202080138675912,0.08557903860257352,5893,0.09523809523809523,0.21300027280211742,0.254040484414933,0.0005760555202152676,0.00048299381587781727,-9.306170433745031e-5,neutral
0.4378958597239816,0.11568104540302687,true,13,0.5465697713180879,0.34962330822054805,0.21418094539635976,0.014894326288419229,14.440229348623241,0.06489099273284886,5905,0.15384615384615385,4.281047204748646,30.27164351333826,0.17912215096649858,0.025331640264784884,-0.1537905107017137,high competition
0.012500833388892593,0.5552303486899126,true,7,0.49203280218681245,0.21541436095739716,0.06373758250550036,0.07457163810920728,10.09020601373425,0.05837055803720248,5908,0.14285714285714285,0.12151290210552368,0.10946951388524284,0.0022340717119437316,0.0024798551450106875,0.00024578343306695585,neutral
0.3518234548969931,0.5196013067537836,true,18,0.28375225015001,0.4501300086672445,0.446463097539836,0.04463630908727249,10.237149143276218,0.05076338422561505,5913,0.05555555555555555,25.712805851412774,25.599292329790483,0.07901016151169903,0.07936051188707646,0.00035035037537743674,neutral
0.40519367957863855,0.888105873724915,true,29,0.323088205880392,0.09040602706847123,0.3827255150343356,0.03507567171144743,4.458230548703247,0.07222481498766584,5935,0.10344827586206896,147.111270467118,17.915271596447454,0.021302344347737756,0.17492422172071107,0.1536218773729733,high facilitation
0.3205547036469098,0.48055870391359423,true,17,0.8626575105007,0.1597773184878992,0.17584505633708913,0.0108007200480032,19.07020468031202,0.08389225948396561,5960,0.29411764705882354,20.266565531202335,20.445449049478935,0.07074549844110357,0.07012652432941985,-0.0006189741116837261,neutral
0.4351956797119808,0.8911460764050938,true,30,0.9877991866124408,0.07680512034135609,0.27571838122541503,0.06923128208547237,3.7893859590639374,0.07270484698979932,5967,0.16666666666666666,167.59588056829534,18.930176719324724,0.021033529688138583,0.1862176450758837,0.16518411538774513,high facilitation
0.019967997866524433,0.515494366291086,true,33,0.6726448429895326,0.11950796719781319,0.3476231748783252,0.03699579971998133,17.28535235682379,0.0009800653376891794,6029,0.09090909090909091,5.528459618491388,5.095982234236869,0.00467950618387224,0.005076638768127996,0.00039713258425575545,neutral
0.0014667644509633977,0.4797586505767051,true,13,0.7917861190746049,0.32065471031402093,0.2820521368091206,0.041962797519834664,18.788985932395494,0.06949129941996132,6047,0.15384615384615385,0.05407790465142881,0.061231904879482824,0.000362318963783922,0.0003199876014877444,-4.2331362296177595e-5,neutral
0.46309753983598906,0.8759983998933263,true,40,0.4354956997133142,0.0999066604440296,0.040202680178678576,0.018467897859857325,15.143276218414561,0.07273151543436229,6055,0.125,315.53907754867225,43.844242402765744,0.02740265150172859,0.19721192346792016,0.16980927196619156,high facilitation
0.0019334622308153878,0.6397693179545303,true,32,0.008467231148743249,0.38542569504633645,0.21024734982332155,0.01938795919727982,9.482165477698514,0.06525101673444897,6059,0.0,0.6193844734986556,0.3419211565291832,0.00033390737942303047,0.0006048676499010308,0.00027096027047800034,neutral
0.48979931995466364,0.8158877258483899,true,18,0.8481898793252883,0.16334422294819656,0.1382092139475965,0.0013934262284152278,1.7549836655777051,0.021161410760717383,6061,0.05555555555555555,63.25365794353365,13.766940921363409,0.04249055839926978,0.19522733933189398,0.15273678093262422,high facilitation
0.005533702246816454,0.4729848656577106,true,28,0.5507700513367558,0.21464764317621174,0.3198213214214281,0.01526768451230082,15.657577171811454,0.09505967064470966,6069,0.14285714285714285,0.9610246901442763,1.1304004602518543,0.0014418373217498141,0.0012257967986534137,-0.00021604052309640042,neutral
0.4288285885725715,0.1275751716781119,true,37,0.6148409893992933,0.24141609440629375,0.13734248949929995,0.039695979731982134,4.344222948196546,0.0513500900060004,6077,0.10810810810810811,37.62435076545538,245.85690653822166,0.17958868264296687,0.027483090405738046,-0.15210559223722883,high competition
0.41202746849789984,0.8755183678911928,true,49,0.642109473964931,0.09550636709113941,0.13017534502300154,0.08661910794052938,4.800253350223349,0.0815654376958464,6095,0.14285714285714285,420.4736181433771,57.31603547478592,0.023871734891622625,0.1751243724045719,0.1512526375129493,high facilitation
0.0059003933595573035,0.3601240082672178,true,22,0.7871191412760851,0.3518901260084006,0.454963664244283,0.09643976265084339,14.210947396493099,0.04047603173544903,6097,0.18181818181818182,0.48940534414274084,0.8785193829179757,0.0018151226919792887,0.0010111680664106216,-0.0008039546255686671,neutral
0.02093472898193213,0.4678645243016202,true,19,0.13654243616241082,0.4690646043069538,0.3659577305153677,0.06207080472031469,7.01580105340356,0.007400493366224415,6108,0.05263157894736842,1.668434145551477,1.9176766618088026,0.005312123716921891,0.004621701234214618,-0.000690422482707273,neutral
0.4512634175611707,0.13264217614507634,true,13,0.3930262017467831,0.2223814920994733,0.06477098473231549,0.03922928195213014,18.096073071538104,0.025641709447296487,6120,0.07692307692307693,4.046768961225774,32.68650436121956,0.1934112684095832,0.02394537846879156,-0.16946588994079165,high competition
0.4061604106940463,0.10202680178678579,true,35,0.4744982998866591,0.06433762250816721,0.12957530502033468,0.07655177011800787,19.498366557770517,0.01234082272151477,6140,0.17142857142857143,25.730062057591983,218.53429525084016,0.17839534306191032,0.021004132291911823,-0.1573912107699985,high competition
0.010034002266817789,0.41938129208613917,true,38,0.5099673311554104,0.15431028735249017,0.024634975665044336,0.0752916861124075,13.772651510100673,0.02596173078205214,6155,0.15789473684210525,2.9162386164176346,4.035558989882204,0.0027947084417466786,0.002019555828544068,-0.0007751526132026105,neutral
0.45749716647776517,0.8658110540702715,true,31,0.7760517367824522,0.12024134942329488,0.23458230548703246,0.08948596573104874,8.109007267151142,0.03282218814587639,6157,0.06451612903225806,181.11943802463054,25.492704448473624,0.026527267896434573,0.1884697586104376,0.16194249071400302,high facilitation
0.47216481098739915,0.16731115407693847,true,41,0.1776785119007934,0.34255617041136077,0.07837189145943063,0.028901926795119676,9.449229948663245,0.05282352156810455,6162,0.0975609756097561,66.24125843497521,327.7718102543856,0.19498620479142512,0.039405864625208335,-0.15558034016621677,high competition
0.47119807987199147,0.11552103473564905,true,14,0.6873124874991666,0.20578038535902393,0.09767317821188079,0.0237082472164811,8.681578771918128,0.06469764650976732,6165,0.14285714285714285,4.87046994776081,40.634433012668175,0.20731853577891926,0.0248493364681674,-0.18246919931075187,high competition
0.4984332288819255,0.18987265817721183,true,49,0.3593572904860324,0.06767117807853856,0.43536235749049934,0.06665111007400494,13.26848456563771,0.03175545036335756,6176,0.10204081632653061,104.91251056357292,478.9847660799751,0.19949386342356312,0.04369533967662346,-0.15579852374693967,high competition
0.0690046003066871,0.5061070738049204,true,29,0.6259083938929262,0.2813187545836389,0.34078938595906394,0.023288219214614308,9.446696446429762,0.003693579571971465,6177,0.034482758620689655,14.336979369032944,14.344263518837147,0.017056199190056062,0.017047537894212775,-8.661295843287453e-6,neutral
0.00043336222414827656,0.5937929195279685,true,34,0.43142876191746116,0.05263684245616374,0.23658243882925528,0.014614307620508036,17.528568571238083,0.019674644976331757,6199,0.14705882352941177,0.14939232638940902,0.09999912506203423,8.650443344466629e-5,0.00012923211625381404,4.272768280914775e-5,neutral
0.47653176878458564,0.138455897059804,true,31,0.29081938795919726,0.12550836722448164,0.056170411360757386,0.03160210680712047,18.573638242549503,0.06252416827788519,6202,0.12903225806451613,32.0753119904315,193.04069156421068,0.20087480911988623,0.03337701559878408,-0.16749779352110214,high competition
0.005633708913927595,0.6845723048203214,true,10,0.1460097339822655,0.4449963330888726,0.08967264484298954,0.01072738182545503,10.392959530635375,0.06638442562837522,6212,0.1,0.16508888176150283,0.08271240035365257,0.0008271240035365257,0.0016508888176150283,0.0008237648140785026,neutral
0.04206947129808654,0.47741182745516364,true,44,0.5011000733382226,0.19811320754716982,0.2977865191012734,0.09523968264550971,17.077605173678243,0.005873724914994333,6247,0.1590909090909091,19.283944139307426,20.3558905618857,0.010514406281965755,0.009960714947989373,-0.0005536913339763815,neutral
0.13980932062137477,0.49917327821854796,true,7,0.502566837789186,0.41956130408693915,0.31572104806987134,0.04990999399959997,3.2852190146009734,0.08962597506500435,6264,0.14285714285714285,1.4147125026861975,1.3909103833305851,0.028385926190420106,0.028871683728289747,0.00048575753786964104,neutral
0.0034668977931862125,0.5478165211014068,true,46,0.2282818854590306,0.4106940462697513,0.08433895593039537,0.09184612307487167,14.786052403493565,0.0822854856990466,6266,0.10869565217391304,1.9226268962338533,1.6121988165349865,0.0007619087034664398,0.0009086138451010649,0.00014670514163462516,neutral
0.009067271151410095,0.37783185545703046,true,26,0.7591839455963731,0.3082872191479432,0.44759650643376225,0.019394626308420565,16.983865591039404,0.03834922328155211,6278,0.038461538461538464,1.1766957545022294,1.8145630507352397,0.002684264867951538,0.0017406741930506352,-0.0009435906749009028,neutral
0.032535502366824454,0.483545569704647,true,33,0.4890326021734782,0.0071338089205947065,0.2140809387292486,0.039162610840722714,6.478698579905327,0.011834122274818322,6284,0.15151515151515152,8.415613092085103,8.832081940643956,0.008110268081399408,0.00772783571357677,-0.00038243236782263806,neutral
0.4770651376758451,0.10080005333688913,true,43,0.4730315354356957,0.4848323221548103,0.44072938195879724,0.006727115141009401,16.665911060737383,0.026421761450763383,6312,0.18604651162790697,43.49676810581804,388.47412868228474,0.21009958284601662,0.02352448248016119,-0.18657510036585542,high competition
0.0459030602040136,0.5316021068071205,true,21,0.07507167144476298,0.26591772784852324,0.38555903726915125,0.014767651176745117,2.6113074204946995,0.07297153143542903,6364,0.047619047619047616,4.7859714801656175,4.67659513972953,0.010604524126370817,0.010852543038924302,0.00024801891255348506,neutral
0.4842989532635509,0.1777118474564971,true,23,0.46703113540902724,0.4429961997466498,0.03930262017467831,0.011007400493366225,12.657910527368491,0.016527768517901192,6382,0.21739130434782608,18.643729384742333,103.39617195067993,0.1954559016080906,0.03524334477266981,-0.1602125568354208,high competition
0.0449029935329022,0.3950596706447097,true,6,0.46769784652310153,0.1465431028735249,0.3288885925728382,0.06495099673311554,5.536235749049936,0.015941062737515835,6406,0.16666666666666666,0.29948395189937993,0.3200566557848177,0.00889046266068938,0.008318998663871665,-0.0005714639968177147,neutral
0.494299619974665,0.12704180278685245,true,35,0.7450496699779985,0.3462897526501767,0.10340689379291952,0.09257283818921261,6.8549236615774385,0.0877325155010334,6409,0.11428571428571428,36.12462437997708,257.85708500868634,0.21049557959892762,0.029489489289777206,-0.1810060903091504,high competition
0.31995466364424296,0.5016267751183412,true,34,0.02513500900060004,0.438662577505167,0.36142409493966265,0.03758917261150744,6.395093006200414,0.08295886392426163,6429,0.029411764705882353,90.40306564545028,91.29777153365328,0.078977311015271,0.07820334398395354,-0.0007739670313174629,neutral
0.019867991199413293,0.5037602506833789,true,13,0.8691246083072205,0.058803920261350756,0.40652710180678714,0.09907993866257751,7.785985732382159,0.07490499366624441,6458,0.15384615384615385,0.8091993355608358,0.820007195873325,0.004852113585049261,0.004788161748880685,-6.395183616857581e-5,neutral
0.46673111540769385,0.1522701513434229,true,38,0.2140809387292486,0.45806387092472833,0.08063870924728316,0.09939995999733316,5.2651510100673375,0.021381425428361894,6479,0.10526315789473684,49.472421389033386,276.00507497022,0.19113924859433518,0.03426067963229459,-0.15687856896204058,high competition
0.00046669777985199013,0.14181612107473832,true,7,0.31942129475298353,0.31628775251683444,0.49576638442562837,0.08949263284218949,16.078138542569505,0.041282752183478905,6484,0.14285714285714285,0.0007580587878832645,0.009160816950566586,0.00018695544797074664,1.5470587507821726e-5,-0.0001714848604629249,neutral
0.4350956730448697,0.8842656177078472,true,18,0.40709380625375025,0.07790519367957864,0.21938129208613907,0.006720448029868658,12.792186145743049,0.043516234415627714,6494,0.16666666666666666,57.89892107953275,7.350592005138213,0.022687012361537695,0.17870037370226158,0.15601336134072388,high facilitation
0.013034202280152011,0.5597639842656177,true,28,0.9987999199946663,0.12570838055870392,0.30088672578171877,0.042542836189079274,1.7701846789785987,0.04636975798386559,6498,0.17857142857142858,2.6956367576129523,2.056348629143379,0.002622893659621657,0.003438312190832847,0.0008154185312111901,neutral
0.06647109807320488,0.5181612107473832,true,13,0.04253616907793853,0.3738582572171478,0.21604773651576772,0.037142476165077674,16.440429361957463,0.08852590172678179,6506,0.15384615384615385,2.644245993481091,2.4849539811617056,0.01470386971101601,0.01564642599692953,0.0009425562859135209,neutral
0.4818321221414761,0.11957463830922062,true,9,0.8168544569637975,0.3447229815321021,0.031702113474231616,0.017954530302020134,8.718314554303621,0.03919594639642643,6509,0.3333333333333333,1.7219282938375216,15.940256500270733,0.19679329012679916,0.021258373997994094,-0.17553491612880506,high competition
0.08583905593706247,0.5065871058070538,true,29,0.9001933462230816,0.2989532635509034,0.22571504766984465,0.007080472031468765,12.469164610974065,0.02722181478765251,6518,0.27586206896551724,17.5457049845094,17.735911402321907,0.021089074200144955,0.020862907234850653,-0.0002261669652943027,neutral
0.03700246683112207,0.484505633708914,true,44,0.2941529435295686,0.27151810120674713,0.34012267484498965,0.09761984132275485,10.718514567637843,0.02218147876525102,6523,0.022727272727272728,17.423318568672475,18.151939530236152,0.009376001823469086,0.00899964802100851,-0.00037635380246057656,neutral
0.4687312487499167,0.11093406227081806,true,41,0.2062137475831722,0.25255017001133406,0.2403493566237749,0.06555770384692314,11.457030468697914,0.06961797453163544,6526,0.024390243902439025,40.880298904125745,342.57013346647045,0.20378949046190983,0.024319035636005796,-0.17947045482590404,high competition
0.49226615107673843,0.8119407960530702,true,44,0.7522501500100006,0.467997866524435,0.3621241416094406,0.09045936395759718,13.186145743049536,0.0615574371624775,6544,0.13636363636363635,375.17582071572224,83.59579781475654,0.04317964763158912,0.19378916359283174,0.1506095159612426,high facilitation
0.006633775585039002,0.5321888125875058,true,40,0.36849123274884993,0.1784452296819788,0.29748649909994,0.04348956597106474,16.202280152010132,0.09142609507300488,6548,0.1,2.7983929961682596,2.4878876135778487,0.0015549297584861554,0.0017489956226051622,0.0001940658641190068,neutral
0.0018001200080005333,0.41612774184945667,true,22,0.01860124008267218,0.3213880925395026,0.3504900326688446,0.03274218281218748,8.755050336689113,0.032268817921194744,6556,0.0,0.1703518658262917,0.258123893104268,0.0005333138287278264,0.00035196666493035475,-0.00018134716379747162,neutral
0.0026001733448896593,0.7494299619974666,true,17,0.7774518301220081,0.19027935195679713,0.09913994266284419,0.03560237349156611,19.019534635642376,0.02570171344756317,6578,0.29411764705882354,0.27544740006963253,0.08952235651191442,0.0003097659394875932,0.0009531051905523617,0.0006433392510647685,neutral
0.40652710180678714,0.10912060804053604,true,23,0.11360757383825588,0.18467897859857324,0.45476365091006066,0.009673978265217681,5.7756517101140075,0.003480232015467698,6584,0.043478260869565216,10.453976106532057,90.13214216607878,0.1703821212969353,0.019761769577565324,-0.15062035171937,high competition
0.46429761984132273,0.8983465564370959,true,18,0.9951996799786652,0.13774251616774452,0.29788652576838454,0.06889125941729449,8.831055403693579,0.015647709847323155,6677,0.16666666666666666,64.90162891890367,7.9472064942844725,0.024528415105816274,0.2003136695027891,0.17578525439697282,high facilitation
0.4990332688845923,0.8491166077738516,true,19,0.330888725915061,0.04460297353156877,0.45609707313820924,0.038689245949729986,13.776451763450897,0.02171478098539903,6687,0.10526315789473684,72.52178081470555,13.295862445732286,0.036830643893995256,0.2008913595975223,0.16406071570352704,high facilitation
0.0547369824654977,0.49442629508633906,true,46,0.8195879725315021,0.22741516101073406,0.2838522568171211,0.09957330488699247,13.458497233148877,0.053483565571038075,6713,0.21739130434782608,27.5491135933821,29.53128083914146,0.01395618187104984,0.013019429864547306,-0.0009367520065025337,neutral
0.00493366224414961,0.6662244149609975,true,17,0.8873258217214481,0.24261617441162744,0.049103273551570105,0.09577971864790986,12.427361824121608,0.04793652910194013,6738,0.11764705882352941,0.4441469036705361,0.21051631978404306,0.0007284301722631247,0.0015368404971298827,0.0008084103248667579,neutral
0.04383625575038336,0.5269617974531635,true,10,0.9525301686779118,0.09100606707113808,0.33148876591772786,0.02170144676311754,7.608640576038402,0.06983132208813922,6752,0.4,1.0604644459837371,1.0516463565861554,0.010516463565861554,0.010604644459837371,8.818089397581719e-5,neutral
0.45346356423761586,0.8742916194412961,true,41,0.13127541836122408,0.2312154143609574,0.3035869057937196,0.07795186345756384,3.9413960930728713,0.0892126141742783,6761,0.12195121951219512,321.6953823342973,45.87059316898112,0.027287681837585436,0.19137143505907037,0.16408375322148494,high facilitation
0.48469897993199546,0.16635109007267151,true,26,0.7141142742849523,0.05067004466964464,0.13170878058537236,0.02214147609840656,9.13887592506167,0.03150876725115008,6805,0.07692307692307693,24.936015347765544,129.9031290527997,0.19216439208994038,0.03688759666829222,-0.15527679542164816,high competition
0.0012667511167411161,0.8403160210680711,true,31,0.34295619707980535,0.35645709713980933,0.26295086339089274,0.04753650243349557,5.695846389759318,0.08017867857857192,6817,0.16129032258064516,0.4949033536074985,0.10139344819065155,0.00010550827074989755,0.0005149878809651389,0.0004094796102152413,neutral
0.005967064470964731,0.42076805120341354,true,34,0.40149343289552636,0.1592772851523435,0.13807587172478164,0.01926128408560571,5.163810920728048,0.04921661444096273,6820,0.14705882352941177,1.4035091315788146,1.9315462015891327,0.001670887717637658,0.0012141082453103933,-0.0004567794723272648,neutral
0.4615641042736182,0.15781718781252085,true,38,0.05600373358223881,0.3405893726248417,0.27625175011667447,0.03508900593372892,3.185145676378425,0.07963197546503101,6892,0.0,51.70049611896909,272.13640382085384,0.18846011344934477,0.035803667672416266,-0.1526564457769285,high competition
0.47966531102073473,0.1468831255417028,true,7,0.6246416427761851,0.17897859857323822,0.3973264884325622,0.06534435629041936,16.420161344089607,0.02417494499633309,6895,0.2857142857142857,1.0397818446880651,9.438424465053098,0.19262090745006322,0.021220037646695205,-0.17140086980336802,high competition
0.04496966464430962,0.4961330755383693,true,38,0.01433428895259684,0.07027135142342823,0.03443562904193613,0.05413027535169012,17.18654576971798,0.015007667177811856,6918,0.05263157894736842,15.924016493315236,16.296175185631963,0.011285439879246512,0.011027712252988391,-0.000257727626258121,neutral
0.07307153810254018,0.48893259550636714,true,19,0.21848123208213882,0.3349889992666178,0.11964130942062805,0.04269617974531636,6.284885659043936,0.06429095273018201,6921,0.2631578947368421,6.237921053705979,6.3925957676795795,0.01770802151711795,0.01727955970555673,-0.00042846181156121904,neutral
0.43416227748516567,0.8718914594306287,true,31,0.7595173011534102,0.2872524834988999,0.21464764317621174,0.050210014000933396,18.14800986732449,0.037742516167744516,6939,0.25806451612903225,177.55160553114982,25.395021178146205,0.026425620372680755,0.1847571337472943,0.15833151337461354,high facilitation
0.011600773384892326,0.596993132875525,true,14,0.8661910794052937,0.4358957263817588,0.1330088672578172,0.021001400093339555,13.184878991932795,0.0560170678045203,6966,0.07142857142857142,0.6174204580706693,0.4538600154542791,0.002315612323746322,0.003150104377911578,0.0008344920541652557,neutral
0.43752916861124075,0.13594906327088474,true,37,0.10007333822254817,0.41666111074071605,0.01480098673244883,0.0907260484032269,2.048869924661644,0.022688179211947462,6977,0.08108108108108109,38.709738927641496,247.86459815432437,0.18105522144216535,0.028275923248825052,-0.1527792981933403,high competition
0.48536569104606975,0.16117741182745518,true,34,0.6095739715981066,0.11300753383558904,0.2843522901526768,0.009293952930195347,3.2294819654643643,0.0030335355690379357,6994,0.23529411764705882,43.79651570490616,240.52641734329387,0.2080678350720535,0.03788625926029945,-0.17018157581175405,high competition
0.0031335422361490764,0.4800253350223348,true,25,0.30082005467031137,0.05157010467364491,0.08337222481498767,0.052550170011334094,18.929595306353757,0.03069537969197947,7036,0.04,0.4424987866069412,0.5064932409164528,0.0008103891854663244,0.0007079980585711059,-0.00010239112689521847,neutral
0.009900660044002934,0.47943862924194947,true,28,0.20648043202880192,0.17284485632375493,0.013234215614374292,0.07738515901060071,2.1932795519701314,0.035842389492632847,7046,0.21428571428571427,1.81176440082597,1.9225543610941982,0.0024522377054772937,0.00231092398064537,-0.00014131372483192376,neutral
0.4717981198746583,0.49746649776651775,true,10,0.05893726248416561,0.10174011600773385,0.06843789585972399,0.0911794119607974,4.532968864590973,0.07029801986799121,7050,0.0,11.280300226858131,11.222299299017106,0.11222299299017106,0.11280300226858131,0.0005800092784102456,neutral
0.4920661377425162,0.8740249349956664,true,30,0.1944129608640576,0.49526635109007267,0.3797253150210014,0.06844456297086474,13.982932195479698,0.025568371224748317,7070,0.1,186.8400885630641,25.483321523457764,0.02831480169273085,0.20760009840340457,0.17928529671067372,high facilitation
0.010500700046669777,0.4469564637642509,true,6,0.6141076071738116,0.34452296819787986,0.02083472231482099,0.06140409360624042,6.642109473964931,0.04000933395559704,7086,0.0,0.061989513734213464,0.07247478877897962,0.002013188577193878,0.001721930937061485,-0.0002912576401323931,neutral
0.06313754250283352,0.5097339822654844,true,14,0.3124874991666111,0.399793319554637,0.0060337355823721584,0.05335689045936396,15.511900793386225,0.008400560037335822,7090,0.07142857142857142,2.5621484116387876,2.4522355635320965,0.012511405936388248,0.013072185773667283,0.0005607798372790351,neutral
0.0028335222348156545,0.6148609907327155,true,49,0.8913260884058938,0.13184212280818722,0.16957797186479098,0.040189345956397095,17.79585305687046,0.026028401893459566,7129,0.22448979591836735,2.044047110098455,1.2859758906524954,0.0005356001210547669,0.0008513315743850292,0.0003157314533302623,neutral
0.050036669111274086,0.5109607307153811,true,23,0.14854323621574772,0.21241416094406293,0.21068071204746983,0.09091272751516769,18.363357557170477,0.06903126875125008,7132,0.043478260869565216,6.386585327919215,5.860554791129826,0.011078553480396647,0.01207294012839171,0.000994386647995062,neutral
0.38632575505033667,0.8971731448763252,true,7,0.41876125075005,0.10560704046936463,0.26551770118007867,0.07077138475898394,4.249216614440963,0.032948863257550504,7143,0.14285714285714285,8.001329264125552,0.5385412127074986,0.010990636994030583,0.16329243396174595,0.15230179696771537,high facilitation
0.000400026668444563,0.6152343489565971,true,18,0.7362490832722182,0.23854923661577437,0.26385092339489297,0.048343222881525434,16.429028601906793,0.04126275085005668,7150,0.16666666666666666,0.03436674478586288,0.022247385637094053,6.866477048485818e-5,0.00010607019995636691,3.740542947150873e-5,neutral
0.4656977131808787,0.856050403360224,true,19,0.297019801320088,0.46113074204946997,0.19444629641976133,0.051723448229881994,16.479698646576438,0.08497899859990667,7164,0.10526315789473684,66.42022558870661,11.21649056306147,0.031070610978009613,0.18398954456705433,0.1529189335890447,high facilitation
0.4886992466164411,0.4967197813187546,true,42,0.9577305153676912,0.16531102073471565,0.18081205413694246,0.007847189812654178,9.078071871458096,0.026055070338022537,7221,0.2619047619047619,215.03208179098345,215.86805817358746,0.12237418263808812,0.12190027312414028,-0.0004739095139478372,neutral
0.1273751583438896,0.4911194079605308,true,29,0.20474698313220882,0.3790252683512234,0.04023601573438229,0.04960330688712581,12.1005400360024,0.08243882925528369,7222,0.06896551724137931,25.742779316244523,26.564041063141588,0.031586255723117226,0.030609725703025593,-0.000976530020091633,neutral
0.004600306687112474,0.6304353623574904,true,18,0.05413694246283086,0.062304153610240685,0.46383092206147075,0.06521768117874525,7.5871058070538036,0.019994666311087407,7233,0.0,0.4626753238848085,0.2565262115661726,0.0007917475665622612,0.0014280102589037298,0.0006362626923414686,neutral
0.44736315754383627,0.11680112007467165,true,44,0.9989332622174811,0.12484165611040736,0.40189345956397093,0.011960797386492434,3.7855857057137143,0.00045336355757050477,7235,0.1590909090909091,47.35532633665985,379.8576081668155,0.19620744223492537,0.024460395835051576,-0.1717470463998738,high competition
0.4891992799519968,0.16411094072938198,true,34,0.3887592506167078,0.053770251350090004,0.1931462097473165,0.037489165944396295,17.101673444896328,0.05375025001666778,7267,0.14705882352941177,46.13872166913031,236.79749416944816,0.20484212298395169,0.03991238898713695,-0.16492973399681474,high competition
0.41486099073271554,0.8969597973198213,true,11,0.22521501433428895,0.4298286552436829,0.04673644909660644,0.026215081005400362,13.079738649243282,0.066364424294953,7284,0.0,20.85630063364982,2.3272289068363397,0.01923329675071355,0.1723661209392547,0.15313282418854116,high facilitation
0.03026868457897193,0.5423228215214349,true,21,0.7558503900260017,0.01873458230548703,0.10767384492299487,0.06136409093939597,1.163410894059604,0.05223014867657844,7296,0.19047619047619047,3.335707555517269,2.9537029005442412,0.006697739003501681,0.007563962710923512,0.0008662237074218314,neutral
0.2771518101206747,0.49250616707780526,true,9,0.981732115474365,0.20604706980465365,0.2897859857323822,0.060364024268284557,14.680912060804054,0.0056470431362090805,7319,0.2222222222222222,4.226098135814733,4.299258973656361,0.05307727127970816,0.05217405105944115,-0.0009032202202670092,neutral
0.49756650443362893,0.10442696179745317,true,8,0.6878458563904261,0.10984065604373625,0.05843722914860991,0.061517434495633044,10.319487965864392,0.00292019467964531,7323,0.125,1.6758729799243375,13.308515275167007,0.2079455511744845,0.026185515311317773,-0.18176003586316672,high competition
0.08210547369824656,0.49106607107140476,true,19,0.4152943529568638,0.398393226215081,0.49939995999733316,0.09865324354956997,14.150143342889526,0.040722714847656515,7328,0.05263157894736842,6.98227314446928,6.814221350276423,0.018875959419048263,0.01934147685448554,0.0004655174354372786,neutral
0.473931595439696,0.8378625241682779,true,16,0.8339889325955063,0.39282618841256084,0.42706180412027467,0.08894592972864858,6.695313020868058,0.036835789052603506,7348,0.125,49.18765119772194,9.78611750180646,0.038227021491431486,0.19213926249110133,0.15391224099966985,high facilitation
0.4145609707313821,0.10432028801920129,true,45,0.16161077405160343,0.026501766784452298,0.06580438695913061,0.007860524034935663,8.457363824254951,0.026948463230882062,7356,0.06666666666666667,46.50926244367251,365.2401361962949,0.180365499356195,0.022967537009220995,-0.157397962346974,high competition
0.006300420028001867,0.35084338955930394,true,13,0.5430362024134943,0.4499299953330222,0.33502233482232147,0.06087739182612174,9.35422361490766,0.03212214147609841,7363,0.23076923076923078,0.17244282284272194,0.286424329720085,0.0016948185190537575,0.0010203717327971712,-0.0006744467862565863,neutral
0.0037002466831122073,0.4763450896726449,true,18,0.8415227681845456,0.37229148609907325,0.23698246549769986,0.02353490232682179,16.246616441096073,0.040856057070471366,7399,0.3333333333333333,0.2819848415226973,0.28255228555929324,0.0008720749554299174,0.0008703235849465967,-1.7513704833207024e-6,neutral
0.09163944262950863,0.46754450296686445,true,7,0.8964597639842656,0.06017067804520301,0.34895659710647375,0.06501100073338223,19.735249016601106,0.0948329888659244,7462,0.2857142857142857,0.9111301113017902,0.9307779773652993,0.018995468925822434,0.018594492067383474,-0.0004009768584389596,neutral
0.4759983998933262,0.5023201546769785,true,26,0.8999266617774518,0.1183412227481832,0.4837322488165878,0.020928061870791388,13.524368291219414,0.03374224948329889,7463,0.23076923076923078,75.85590457434138,76.17779810439208,0.11268905045028414,0.11221287658926239,-0.0004761738610217503,neutral
0.4404626975131675,0.5231215414360958,true,10,0.8806587105807053,0.3868257883858924,0.24981665444362958,0.01592772851523435,5.901060070671378,0.09422628175211682,7478,0.3,10.44890741827909,10.416805855571143,0.10416805855571143,0.1044890741827909,0.0003210156270794656,neutral
0.4666977798519901,0.15024334955663712,true,32,0.7598506567104474,0.2715514367624508,0.04266951130075338,0.030862057470498035,12.958130542036136,0.06500433362224148,7493,0.21875,34.11862096537953,197.59030940685605,0.19295928653013286,0.033318965786503445,-0.1596403207436294,high competition
0.04093606240416028,0.4831722114807654,true,19,0.7435162344156278,0.07273818254550303,0.33542236149076604,0.03214214280952064,10.76158410560704,0.07066471098073206,7494,0.15789473684210525,3.6138491101961323,3.8373826974982883,0.010629868968139302,0.01001066235511394,-0.000619206613025362,neutral
0.004766984465631042,0.6159277285152344,true,24,0.4698979931995466,0.425628375225015,0.07960530702046803,0.003940262684178945,6.239282618841256,0.01278751916794453,7511,0.16666666666666666,0.8107039587312592,0.5087917322257482,0.0008833189795585907,0.0014074721505751028,0.0005241531710165121,neutral
0.0706713780918728,0.5144809653976932,true,31,0.5109007267151143,0.06923794919661311,0.418527901860124,0.014660977398493234,5.0637375825055,0.03125541702780185,7539,0.1935483870967742,17.525546484855056,16.62415536256523,0.01729880891005747,0.01823678094157654,0.0009379720315190708,neutral
0.4305620374691646,0.8575971731448764,true,29,0.5372358157210481,0.1649776651776785,0.05183678911927462,0.032735515701046734,19.958197213147542,0.08881925461697447,7564,0.13793103448275862,150.4342578288185,22.88090996009872,0.02720678948882131,0.17887545520668072,0.15166866571785942,high facilitation
0.014834322288152544,0.47095806387092476,true,39,0.7847189812654177,0.39995999733315557,0.16384425628375224,0.06773784918994599,13.38375891726115,0.04385625708380559,7566,0.10256410256410256,5.167186108597976,5.931347019488658,0.00389963643621871,0.0033972295257054413,-0.0005024069105132689,neutral
0.1249416627775185,0.4916527768517902,true,30,0.304820321354757,0.12937529168611242,0.10570704713647576,0.07246483098873259,14.345223014867658,0.08109207280485366,7579,0.0,25.4645185935784,25.4796666847679,0.02831074076085322,0.028293909548420444,-1.6831212432778103e-5,neutral
0.00446696446429762,0.4449829988665911,true,24,0.5089005933728915,0.43142876191746116,0.29691979465297685,0.058803920261350756,18.84345623041536,0.05737049136609107,7597,0.20833333333333334,0.5566665030754816,0.6587633088769589,0.0011436863001336092,0.0009664349011727111,-0.0001772513989608982,neutral
0.03650243349556637,0.46615774384958997,true,6,0.7105140342689512,0.006500433362224148,0.46086405760384025,0.03233548903260217,12.731382092139476,0.09676645109673979,7625,0.16666666666666666,0.2923648978811304,0.30851765377836016,0.00856993482717667,0.008121247163364733,-0.0004486876638119374,neutral
0.023201546769784653,0.5208280552036803,true,40,0.17041136075738383,0.3326555103673578,0.07417161144076272,0.014354290286019068,13.363490899393293,0.03963597573171545,7663,0.05,9.651013086688643,8.81741962031292,0.005510887262695575,0.0060318831791804015,0.0005209959164848262,neutral
0.02253483565571038,0.5058937262484166,true,17,0.216481098739916,0.049636642442829525,0.4989332622174812,0.09341289419294621,9.236415761050736,0.04844322954863658,7688,0.0,1.607576934782726,1.4776103013794688,0.005112838413077747,0.005562549947345073,0.0004497115342673259,neutral
0.45029668644576304,0.14570971398093208,true,31,0.9387959197279818,0.002766851123408227,0.02150143342889526,0.0027201813454230286,2.2186145743049535,0.03381558770584706,7711,0.22580645161290322,30.325911084130663,186.00761701756582,0.1935563132336793,0.03155661923426708,-0.16199969399941222,high competition
0.002000133342222815,0.8089539302620175,true,25,0.28415227681845456,0.49946663110874057,0.3637575838389226,0.07941862790852725,12.783318887925862,0.054363624241616115,7721,0.16,0.4923555583450554,0.11993808043970389,0.00019190092870352622,0.0007877688933520886,0.0005958679646485623,neutral
0.48783252216814454,0.8633042202813521,true,31,0.9117941196079739,0.08920594706313754,0.15961064070938064,0.04662977531835456,12.992332822188146,0.08516567771184747,7732,0.12903225806451613,187.75353625064133,31.31543398378502,0.032586299670952154,0.19537308662917932,0.16278678695822718,high facilitation
0.0013334222281485431,0.4184745649709981,true,38,0.8253216881125408,0.026068404560304022,0.4230615374358291,0.05862390826055071,2.2084805653710244,0.0444829655310354,7740,0.15789473684210525,0.38346181285506087,0.5377829826303426,0.0003724258882481597,0.00026555527206029145,-0.00010687061618786827,neutral
0.437729181945463,0.8663977598506567,true,49,0.46349756650443363,0.2167477831855457,0.48386559103940263,0.0010734048936595774,7.550370024668311,0.04212947529835323,7744,0.08163265306122448,446.3942711377855,69.24455804132981,0.028839882566151526,0.1859201462464746,0.15708026368032307,high facilitation
0.44386292419494633,0.8854923661577438,true,10,0.6173078205213681,0.03406893792919528,0.3276885125675045,0.02456830455363691,1.4762984198946596,0.051803453563570905,7752,0.2,18.49068337669031,2.6032961179422482,0.026032961179422484,0.1849068337669031,0.1588738725874806,high facilitation
0.425628375225015,0.8820788052536837,true,36,0.7123141542769518,0.39135942396159745,0.24488299219947995,0.05736382425495034,16.778651910127344,0.08349889992666179,7786,0.1388888888888889,239.24561420422467,31.26636649033376,0.024125282785751358,0.184603097379803,0.16047781459405164,high facilitation
0.46203080205347025,0.8582372158143877,true,19,0.6279751983465565,0.3273884925661711,0.41766117741182746,0.01433428895259684,12.24748316554437,0.04609640642709514,7797,0.10526315789473684,67.55040679430113,11.68735568642757,0.03237494649979936,0.18712024042742695,0.1547452939276276,high facilitation
0.1011067404493633,0.5156010400693379,true,42,0.8205213680912061,0.3230215347689846,0.4661644109607307,0.0930862057470498,12.357690512700847,0.03975598373224882,7807,0.16666666666666666,43.99941745602459,43.021151175585516,0.024388407695910157,0.0249429804172475,0.0005545727213373437,neutral
0.007367157810520701,0.39623308220548037,true,48,0.6371758117207814,0.42079471964797655,0.4359290619374625,0.07803186879125276,2.5682378825255014,0.0028601906793786257,7821,0.1875,3.3149740110896566,5.140113312168783,0.00223095195840659,0.0014387908034243302,-0.0007921611549822597,neutral
0.0050670044669644644,0.40444696313087547,true,21,0.712047469831322,0.29931995466364425,0.32655510367357826,0.020641376091739452,13.434428961930795,0.09483965597706513,7831,0.23809523809523808,0.42532701897759795,0.6829337923459532,0.00154860270373232,0.0009644603604934194,-0.0005841423432389007,neutral
0.4987332488832589,0.8803720248016534,true,11,0.6926461764117607,0.04980332022134809,0.14974331622108142,0.009360624041602775,12.689579305287019,0.020281352090139343,7847,0.09090909090909091,23.230795700496984,3.9637862548081015,0.03275856408932315,0.19199004711154533,0.15923148302222218,high facilitation
0.002800186679111941,0.5977398493232883,true,7,0.9416627775185012,0.2710847389825988,0.3606240416027735,0.09660644042936195,5.669244616307754,0.034228948596573106,7854,0.2857142857142857,0.03553382844795028,0.025062700998029874,0.0005114836938373444,0.0007251801724071485,0.0002136964785698041,neutral
0.009633975598373225,0.5054136942462831,true,47,0.6237749183278886,0.15864390959397293,0.10804053603573571,0.015454363624241617,12.186679111940796,0.07596506433762251,7868,0.10638297872340426,5.201435207631528,5.206475939969399,0.002356937953811408,0.002354656046913322,-2.281906898085953e-6,neutral
0.0067337822521501434,0.40407360490699384,true,16,0.6150410027335156,0.06220414694312954,0.18617907860524036,0.06345756383758917,10.534835655710381,0.011000733382225483,7875,0.1875,0.332008560837346,0.46958863983922194,0.0018343306243719607,0.0012969084407708827,-0.000537422183601078,neutral
0.4933328888592573,0.1962730848723248,true,37,0.680178678578572,0.216014400960064,0.4418294552970198,0.09096606440429363,2.3376891792786187,0.04406960464030935,7888,0.21621621621621623,62.50220938034117,273.63382143074534,0.19987861317074165,0.0456553757343617,-0.15422323743637995,high competition
0.14007600506700446,0.5048803253550237,true,11,0.7934528968597907,0.12054136942462831,0.029235282352156812,0.09091939462630842,13.936062404160277,0.03350223348223215,7896,0.09090909090909091,3.387148409203321,3.2680846370398053,0.02700896394247773,0.027992962059531577,0.0009839981170538456,neutral
0.40916061070738047,0.11610774051603441,true,39,0.9673978265217681,0.07207147143142877,0.13787585839055938,0.04003600240016001,12.061270751383425,0.07361824121608107,7899,0.15384615384615385,33.96636958271594,266.87688663570196,0.17546146392879813,0.02233160393340956,-0.15312985999538858,high competition
0.0005667044469631309,0.7903926928461897,true,8,0.3603573571571438,0.25025001666777785,0.2238482565504367,0.046883125541702785,4.725515034335622,0.013580905393692914,7951,0.125,0.013784135257494556,0.003747968072886687,5.8562001138854486e-5,0.00021537711339835244,0.00015681511225949796,neutral
0.011834122274818322,0.5601906793786253,true,35,0.33808920594706315,0.16844456297086471,0.3837922528168545,0.020328021868124543,2.2262150810054004,0.03210880725381692,7953,0.17142857142857143,3.9861514477753386,3.0429971960292614,0.0024840793436973563,0.003254001181857419,0.0007699218381600629,neutral
0.0012000800053336889,0.4333555570371358,true,50,0.6471764784318954,0.10607373824921662,0.40642709513967595,0.020948063204213618,14.185612374158277,0.06585772384825656,7955,0.1,0.621324791616283,0.8235192662342401,0.00032940770649369605,0.0002485299166465132,-8.087778984718286e-5,neutral
0.13170878058537236,0.49773318221214746,true,19,0.22874858323888259,0.4069937995866391,0.019667977865191012,0.07309153943596239,4.313820921394759,0.08183878925261684,7964,0.10526315789473684,11.23042229059083,11.511431472256975,0.03188762180680602,0.03110920302102723,-0.0007784187857787922,neutral
0.4481298753250217,0.12576171744782985,true,19,0.34822321488099206,0.15114340956063738,0.06860457363824254,0.054450296686445764,7.973464897659844,0.043356223748249885,8002,0.10526315789473684,9.826340193706418,69.15994242946608,0.19157878789325786,0.027219778929934674,-0.16435900896332317,high competition
0.4133942262817521,0.8939195946396427,true,40,0.07840522701513435,0.249416627775185,0.045869724648309886,0.07967197813187546,12.058737249149944,0.0574371624774985,8069,0.1,285.7277345389814,35.348563008778555,0.022092851880486597,0.17857983408686337,0.15648698220637677,high facilitation
0.008200546703113541,0.4031668777918528,true,7,0.659910660710714,0.4524301620108007,0.49813320888059204,0.05751716781118742,7.022134808987266,0.08259883992266151,8080,0.14285714285714285,0.06669697428276233,0.08979009453211173,0.0018324509088186067,0.0013611627404645375,-0.00047128816835406923,neutral
0.015134342289485965,0.4930928728581906,true,20,0.6866457763850924,0.3293886259083939,0.41269417961197413,0.02446163077538503,8.466231082072138,0.0649443296219748,8085,0.3,1.43551091919188,1.4325145036279627,0.003581286259069907,0.0035887772979797,7.491038909793017e-6,neutral
0.0034335622374824988,0.22992866191079406,true,11,0.39802653510234015,0.3596239749316621,0.12634175611707446,0.07893192879525303,7.414827655177012,0.08915927728515236,8102,0.36363636363636365,0.0381586821463229,0.1341387333327232,0.0011085845729977123,0.000315361009473743,-0.0007932235635239694,neutral
0.0017667844522968198,0.4802920194679645,true,46,0.05580372024801653,0.006367091139409294,0.1877791852790186,0.030362024134942333,15.343422894859657,0.090386025735049,8115,0.06521739130434782,0.8810845080674385,0.9618852947527532,0.0004545771714332482,0.00041639154445531124,-3.818562697793695e-5,neutral
0.05427028468564571,0.5233348889925995,true,32,0.6952463497566505,0.1585772384825655,0.23018201213414227,0.07947863190879392,12.953063537569172,0.09104606973798254,8202,0.125,13.672069301578162,13.05713963694631,0.012751112926705381,0.013351630177322424,0.0006005172506170428,neutral
0.44446296419761316,0.8578638575905061,true,23,0.8684578971931463,0.4850656710447363,0.014167611174078273,0.02260817387825855,1.010134008933929,0.07429161944129609,8252,0.13043478260869565,95.0709463989379,15.344763492642235,0.02900711435282086,0.1797182351586728,0.15071112080585194,high facilitation
0.4599973331555437,0.14501633442229483,true,41,0.003333555570371358,0.14290952730182013,0.26568437895859726,0.06267084472298153,13.53196879791986,0.07440496033068872,8258,0.04878048780487805,52.56554266231742,322.1266192753288,0.1916279710144728,0.031270400156048435,-0.16035757085842436,high competition
0.27011800786719115,0.5170411360757384,true,23,0.9783318887925861,0.35325688379225284,0.36232415494366293,0.03638909260617375,11.369624641642776,0.0012534168944596307,8263,0.13043478260869565,35.08150975721739,34.93021802806965,0.06603065789805228,0.06631665360532588,0.000285995707273598,neutral
0.07407160477365157,0.48274551636775787,true,40,0.39189279285285683,0.2952863524234949,0.32042136142409494,0.07003800253350223,1.184945663044203,0.04388292552836856,8281,0.1,28.235591203681405,28.8233505816089,0.01801459411350556,0.017647244502300877,-0.00036734961120468354,neutral
0.03843589572638176,0.5260550703380226,true,29,0.9816654443629576,0.30552036802453497,0.33988932595506366,0.03978931928795253,19.11834122274818,0.04494299619974665,8302,0.1724137931034483,8.21579175791538,7.547845027093353,0.008974845454332168,0.009769074622967158,0.0007942291686349901,neutral
0.21491432762184146,0.4949063270884726,true,46,0.08560570704713648,0.30518701246749785,0.02400160010667378,0.09262617507833856,8.743649576638443,0.0042336155743716245,8334,0.10869565217391304,115.54196303144379,114.05959443441013,0.05390340001626188,0.05460395228329101,0.000700552267029135,neutral
0.002200146676445096,0.5157077138475898,true,9,0.44289619307953865,0.030968731248749916,0.4460630708713914,0.055410360690712715,13.23681578771918,0.07641176078405228,8350,0.0,0.03585359878085348,0.04135095451554327,0.0005105056113030033,0.00044263702198584545,-6.786858931715785e-5,neutral
0.12330822054803653,0.507387159143943,true,44,0.2071471431428762,0.20231348756583772,0.26005067004466964,0.0733582238815921,16.88125875058337,0.018241216081072074,8373,0.06818181818181818,59.04295716876295,58.57466457404203,0.030255508560972123,0.030497395231799045,0.00024188667082692197,neutral
0.0009667311154076939,0.8794119607973866,true,40,0.17241149409960663,0.12397493166211081,0.30408693912927526,0.09381958797253151,6.124008267217815,0.01406760450696713,8391,0.025,0.6776157883668168,0.09099618829771461,5.687261768607163e-5,0.0004235098677292605,0.00036663725004318885,neutral
0.004833655577038469,0.6084605640376025,true,28,0.7905860390692713,0.31475431695446365,0.3942596173078205,0.0679578638575905,7.0386025735049005,0.07457163810920728,8411,0.07142857142857142,1.066680126885753,0.7478395373332242,0.0009538769608842145,0.0013605613863338687,0.00040668442544965417,neutral
0.45296353090206015,0.13333555570371358,true,21,0.584505633708914,0.24484965664377625,0.3075538369224615,0.06323754916994466,13.18994599639976,0.027988532568837925,8417,0.23809523809523808,12.677470360295775,84.38902663392619,0.1913583370383814,0.028747098322666156,-0.16261123871571526,high competition
0.0071338089205947065,0.4718647909860658,true,37,0.625575038335889,0.20284685645709713,0.4026935129008601,0.023788252550170013,9.363090872724849,0.0994066271084739,8418,0.16216216216216217,2.222652671677351,2.5361937791818185,0.0018525885896141844,0.001623559292678854,-0.00022902929693533044,neutral
0.003966931128741916,0.36748449896659774,true,44,0.31575438362557506,0.24528301886792453,0.19204613640909393,0.04628975265017668,1.0962730848723248,0.0007000466697779852,8420,0.11363636363636363,1.3432055098359694,2.2741119854290472,0.001174644620572855,0.0006938044988822156,-0.0004808401216906393,neutral
0.42862857523834924,0.10634708980598707,true,48,0.24494966331088738,0.08213880925395026,0.45873058203880257,0.04098273218214548,5.173944929661977,0.05422361490766051,8428,0.10416666666666667,48.38001488713323,432.49349921261194,0.18771419236658504,0.020998270350318243,-0.1667159220162668,high competition
0.0027335155677045138,0.5596039735982399,true,45,0.9001266751116741,0.42616174411627444,0.4242949529968665,0.017507833855590373,13.350823388225882,0.07052470164677645,8445,0.1111111111111111,1.5174782635861004,1.2034455553967867,0.000594294101430512,0.0007493719820178274,0.0001550778805873154,neutral
0.006367091139409294,0.4883992266151077,true,25,0.0346023068204547,0.021468097873191545,0.2415161010734049,0.041509433962264156,10.655177011800786,0.029195279685312357,8468,0.0,0.9377650614399877,1.0285046679574656,0.001645607468731945,0.0015004240983039804,-0.00014518337042796468,neutral
0.02046803120208014,0.4930395359690647,true,23,0.26421761450763387,0.20848056537102475,0.32465497699846657,0.012647509833988933,13.770118007867191,0.009233948929928662,8473,0.043478260869565216,2.488042405698491,2.6486046517405013,0.005006814086465976,0.00470329377258694,-0.0003035203138790363,neutral
0.43719581305420363,0.8998933262217481,true,7,0.32382158810587375,0.30965397693179547,0.11990799386625775,0.042942862857523835,8.95646376425095,0.045203013534235614,8481,0.2857142857142857,8.737072180855513,0.8343376476124499,0.017027298930866325,0.17830759552766354,0.1612802965967972,high facilitation
0.4980998733248883,0.8580238682578839,true,13,0.332755517034469,0.2673511567437829,0.14994332955530368,0.015207680512034137,6.781452096806453,0.07462497499833322,8498,0.15384615384615385,32.750416514416706,4.9323661060638955,0.02918559826073311,0.19378944683086807,0.16460384857013496,high facilitation
0.04023601573438229,0.47746516434428965,true,15,0.7077138475898394,0.05430362024134942,0.32422161477431827,0.05109007267151144,5.300620041336089,0.07821854790319355,8520,0.06666666666666667,2.024625086753981,2.1508230131218187,0.009559213391652527,0.00899833371890658,-0.000560879672745946,neutral
0.47139809320621373,0.12538835922394828,true,46,0.44049603306887125,0.05910394026268418,0.18934595639709315,0.07649843322888193,9.59237282485499,0.01033402226815121,8533,0.13043478260869565,59.48493950197404,424.21132940142206,0.2004779439515227,0.028111975189968826,-0.17236596876155388,high competition
0.0162010800720048,0.4536769117941196,true,32,0.6982465497699847,0.4932328821921461,0.11444096273084872,0.022568171211414093,9.862190812720849,0.028628575238349226,8560,0.15625,3.539123917108683,4.45243174619369,0.004348077877142275,0.003456175700301448,-0.0008919021768408271,neutral
0.0036335755717047803,0.22998199879992,true,13,0.635242349489966,0.0689712647509834,0.3394226281752117,0.029401960130675378,5.510900726715114,0.01788785919061271,8572,0.23076923076923078,0.07150581861276506,0.21463317921707248,0.00127001881193534,0.0004231113527382548,-0.0008469074591970853,neutral
0.47843189545969733,0.10736049069937996,true,24,0.6209747316487766,0.48516567771184743,0.16054403626908462,0.03149543302886859,4.709047269817988,0.04596973131542103,8576,0.125,13.423365933689897,116.54007166392047,0.20232651330541748,0.023304454745989404,-0.17902205855942807,high competition
0.10387359157277151,0.4914394292952864,true,22,0.383958930595373,0.4395626375091673,0.331822121474765,0.002873524901660111,7.150076671778119,0.061730782052136814,8605,0.09090909090909091,11.64715659388273,11.94848590997843,0.024686954359459567,0.02406437312785688,-0.0006225812316026855,neutral
0.4949663310887393,0.8660777385159011,true,48,0.798186545769718,0.21421428095206346,0.12120808053870258,0.07064470964730983,11.058003866924462,0.01586105740382692,8616,0.10416666666666667,490.73548063272483,73.83954680923885,0.03204841441373214,0.21299283013573125,0.1809444157219991,high facilitation
0.002766851123408227,0.6384892326155077,true,29,0.8097206480432029,0.28411894126275083,0.1460430695379692,0.02570171344756317,14.148876591772785,0.055583705580372025,8617,0.2413793103448276,0.7277383250698424,0.42671275063648695,0.0005073873372609833,0.0008653250000830469,0.0003579376628220635,neutral
0.21444762984198948,0.5012534168944597,true,37,0.31528768584572303,0.052203480232015466,0.31875458363890924,0.00898059870658044,10.675445029668644,0.06589772651510101,8647,0.16216216216216217,72.62529690427226,72.82199818438247,0.05319357062409238,0.05304988816966564,-0.00014368245442673844,neutral
0.42789519301286755,0.15093672911527437,true,14,0.47043136209080605,0.30122008133875594,0.14734315621041402,0.034548969931328756,7.500966731115407,0.005100340022668178,8661,0.07142857142857142,5.265942239668936,34.98257950954182,0.17848254851807052,0.026867052243208858,-0.15161549627486165,high competition
0.48073204880325354,0.8490632708847257,true,32,0.12414160944062938,0.37592506167077805,0.3124541636109074,0.03832255483698914,19.15001000066671,0.0012134142276151742,8676,0.0625,194.5671185022147,35.26859108678616,0.03444198348318961,0.19000695166231904,0.15556496817912943,high facilitation
0.03586905793719581,0.4867457830522035,true,26,0.45816387759183946,0.04480298686579105,0.21868124541636108,0.026441762784185613,17.836389092606172,0.06095073004866992,8734,0.11538461538461539,5.834814886866159,5.876084639964417,0.008692432899355647,0.008631382968736922,-6.104993061872496e-5,neutral
0.4425295019667978,0.11802786852456831,true,44,0.7555170344689646,0.44519634642309486,0.07310487365824388,0.06895793052870192,12.052403493566239,0.02265484365624375,8759,0.13636363636363635,50.33806192235397,371.40163487238556,0.19183968743408344,0.02600106504253821,-0.16583862239154523,high competition
0.14607640509367292,0.5055737049136609,true,21,0.12627508500566703,0.4548303220214681,0.3975598373224882,0.08957930528701914,2.8076538435895726,0.04046269751316754,8771,0.0,15.034400854821198,15.398140303449498,0.03491641792165419,0.03409161191569433,-0.0008248060059598619,neutral
0.39265951063404225,0.10538702580172012,true,40,0.03626908460564038,0.250350023334889,0.12824188279218615,0.09938662577505167,1.7055803720248015,0.045529701980132016,8775,0.0,32.81183858710429,274.0666983844596,0.17129168649028725,0.020507399116940182,-0.15078428737334706,high competition
0.4768984598973265,0.12010800720048004,true,20,0.8510567371158078,0.03846923128208547,0.05303686912460831,0.09103273551570105,4.46076405093673,0.06694446296419762,8807,0.15,10.426729046931712,81.75621729137004,0.2043905432284251,0.026066822617329278,-0.1783237206110958,high competition
0.09010600706713781,0.48439895993066207,true,15,0.8536569104606974,0.26228415227681845,0.16897793186212415,0.07528501900126676,13.343222881525435,0.05303020201346757,8814,0.13333333333333333,4.89749639896705,5.05157067084333,0.022451425203748133,0.021766650662075778,-0.0006847745416723554,neutral
0.0003333555570371358,0.3030535369024602,true,28,0.7731848789919328,0.24464964330955397,0.2758517234482299,0.02238815921061404,3.367557837189146,0.0008400560037335823,8846,0.10714285714285714,0.03847849154571592,0.08778550329534418,0.0001119713052236533,4.907970860422949e-5,-6.28915966194238e-5,neutral
0.48083205547036467,0.13301553436895794,true,47,0.6903126875125009,0.20024668311220747,0.17251150076671778,0.0036069071271418096,2.224948329888659,0.054210280685379024,8849,0.14893617021276595,74.58424977793887,441.2835145805302,0.1997661903940834,0.03376380705203208,-0.1660023833420513,high competition
0.05567037802520168,0.4982665511034069,true,38,0.5759717314487632,0.3060204013600907,0.36729115274351626,0.0938795919727982,17.518434562304154,0.03877591839455964,8866,0.15789473684210525,20.07346643526746,20.12017309307862,0.013933637876093226,0.01390129254519907,-3.234533089415542e-5,neutral
0.47166477765184345,0.8586105740382693,true,10,0.1902126808453897,0.4866991132742183,0.03503566904460297,0.06285085672378159,12.721248083205547,0.08769917994532969,8892,0.0,18.260722811701587,2.753926499397297,0.02753926499397297,0.18260722811701588,0.1550679631230429,high facilitation
0.0009000600040002666,0.43927595173011535,true,38,0.503366891126075,0.47159810654043605,0.3945263017534502,0.09437295819721314,15.917261150743382,0.04153610240682712,8895,0.18421052631578946,0.2745079778258628,0.3569865095112855,0.00024722057445379886,0.00019010247771874154,-5.711809673505732e-5,neutral
0.168644576305087,0.5377891859457298,true,8,0.5246349756650444,0.3347223148209881,0.1065071004733649,0.08013867591172745,2.433962264150943,0.012947529835322356,8896,0.25,2.5331106699441266,2.5656130555478676,0.04008770399293543,0.03957985421787698,-0.0005078497750584526,neutral
0.47316487765851056,0.8890126008400561,true,27,0.12454163610907394,0.2491499433295553,0.3210214014267618,0.08291219414627643,13.352090139342623,0.07130475365024334,8900,0.07407407407407407,146.76713949426448,17.23051204734144,0.023635818994981395,0.20132666597292795,0.17769084697794654,high facilitation
0.017701180078671913,0.473464897659844,true,17,0.26575105007000466,0.19917994532968863,0.033202213480898725,0.009147276485099007,2.755717047803187,0.07552503500233348,8931,0.058823529411764705,1.1394702949385993,1.2573239820134297,0.0043506020138873,0.003942803788714876,-0.00040779822517242326,neutral
0.4937995866391093,0.15600373358223882,true,25,0.8183878925261684,0.17654510300686713,0.3856923794919661,0.06768451230082005,5.552703513567571,0.0358357223814921,8937,0.16,23.281321234987928,128.4443249853129,0.20551091997650064,0.037250113975980687,-0.16826080600051996,high competition
0.11400760050670045,0.5006667111140743,true,10,0.809120608040536,0.08630575371691446,0.30138675911727447,0.06173744916327755,1.5776385092339489,0.07069137942529502,8953,0.2,2.4068676388746093,2.4926288040705424,0.024926288040705423,0.02406867638874609,-0.0008576116519593315,neutral
0.0009333955597039803,0.47773184878991937,true,19,0.547369824654977,0.1033402226815121,0.360457363824255,0.0015001000066671112,3.411894126275085,0.0987199146609774,8981,0.0,0.07600287011145523,0.08377682142407872,0.00023206875740742027,0.0002105342662367181,-2.1534491170702174e-5,neutral
0.49393292886192414,0.8635175678378558,true,23,0.6307753850256683,0.07620508033868925,0.3010200680045336,0.020188012534168947,10.947796519767985,0.05648376558437229,8990,0.2608695652173913,110.7697390001783,17.48563937806402,0.03305413871089607,0.20939459168275673,0.17634045297186066,high facilitation
0.39522634842322824,0.10058670578038537,true,37,0.0554703646909794,0.3004200280018668,0.1654776985132342,0.021014734315621043,3.895793052870191,0.061190746049736656,9012,0.02702702702702703,27.65496053032591,239.0442550604124,0.17461231195062996,0.02020084772120227,-0.1544114642294277,high competition
0.012634175611707448,0.5740582705513702,true,42,0.4094272951530102,0.13757583838922594,0.2577838522568171,0.07943196213080872,19.117074471631444,0.08719247949863325,9041,0.09523809523809523,6.349383239438996,4.760019909803438,0.002698423985149341,0.0035994236051241474,0.0009009996199748063,neutral
0.003100206680445363,0.241876125075005,true,36,0.18374558303886926,0.3648243216214414,0.20021334755650377,0.09026601773451565,4.702713514234283,0.06827121808120541,9045,0.08333333333333333,0.47140753440006966,1.5259690723162236,0.001177445271848938,0.00036374038148153526,-0.0008137048903674027,neutral
0.42762850856723783,0.1006400426695113,true,13,0.5539035935729049,0.38399226615107673,0.17167811187412493,0.09708647243149543,11.137809187279151,0.00400026668444563,9076,0.0,3.977176825413384,31.87565559813208,0.18861334673450936,0.023533590682919433,-0.16507975605158992,high competition
0.4598306553770251,0.12789519301286753,true,35,0.5787052470164677,0.19557970531368757,0.40876058403893595,0.06272418161210748,15.666444429628642,0.02490832722181479,9081,0.11428571428571428,32.92997239989756,238.0017466920615,0.1942871401567849,0.026881610122365354,-0.16740553003441955,high competition
0.10964064270951397,0.5116007733848924,true,34,0.637109140609374,0.19621308087205813,0.1658777251816788,0.038289219281285425,15.945129675311687,0.04518967931195413,9085,0.17647058823529413,31.122594860215695,30.998917085719878,0.026815672219480863,0.026922659913681396,0.00010698769420053322,neutral
0.0017001133408893927,0.6441962797519835,true,43,0.12387492499499966,0.22218147876525102,0.2722181478765251,0.06312420828055204,17.203013534235616,0.09799319954663646,9132,0.023255813953488372,1.0018826223977433,0.5565680805700929,0.00030101031939972574,0.0005418510667375572,0.00024084074733783146,neutral
0.009733982265484366,0.4451963464230949,true,23,0.7199813320888059,0.3328555237015801,0.08770584705647043,0.005387025801720116,17.686912460830722,0.008787252483498901,9141,0.43478260869565216,0.9678840493094922,1.4283307952678839,0.002700058214116983,0.0018296484864073577,-0.0008704097277096251,neutral
0.0019667977865191013,0.19461964130942064,true,8,0.8715247683178878,0.4555637042469498,0.4651643442896193,0.058510567371158076,5.54003600240016,0.03790919394626308,9149,0.125,0.012367737768872011,0.04180793913115788,0.0006532490489243419,0.00019324590263862518,-0.0004600031462857167,neutral
0.08773918261217414,0.4911727448496567,true,23,0.6699113274218281,0.09640642709513968,0.16857790519367957,0.042436162410827385,16.896459763984268,0.06665777718514568,9171,0.043478260869565216,10.843915947955658,10.405225098448042,0.01966961266247267,0.020498895931863246,0.0008292832693905759,neutral
0.00633375558370558,0.6118741249416628,true,19,0.8015201013400893,0.3146876458430562,0.1774784985665711,0.01622774851656777,13.311554103606907,0.0621508100540036,9179,0.15789473684210525,0.6249510969939667,0.4214926685695156,0.0011675697190291292,0.0017311664736674977,0.0005635967546383685,neutral
0.08437229148609908,0.4933062204146944,true,10,0.07247149809987333,0.29908660577371826,0.19607973864924327,0.06693112874191613,3.434695646376425,0.0854523634908994,9185,0.0,1.8758181207812779,1.7966228173395198,0.017966228173395198,0.01875818120781278,0.0007919530344175814,neutral
0.05250350023334889,0.5008267217814522,true,27,0.4875658377225148,0.08867257817187812,0.31942129475298353,0.014000933395559703,3.5284352290152676,0.03753583572238149,9190,0.14814814814814814,9.060334193105192,9.6773069321565,0.013274769454261317,0.012428441965850743,-0.0008463274884105733,neutral
0.4797986532435496,0.1603240216014401,true,38,0.21388092539502634,0.3679911994132942,0.003933595573038203,0.025901726781785452,15.694312954196947,0.04104940329355291,9198,0.13157894736842105,52.415902884182685,280.8592688663464,0.19450087871630636,0.03629910172034812,-0.15820177699595825,high competition
0.45766384425628376,0.8563170878058537,true,33,0.16661110740716048,0.28115207680512033,0.09443962930862057,0.0831122074804987,10.34102273484899,0.017801186745783053,9214,0.18181818181818182,205.454415606216,35.31736897727751,0.03243100916187099,0.18866337521231957,0.15623236605044857,high facilitation
0.4911994132942196,0.854290286019068,true,29,0.4032935529035269,0.15501033402226816,0.11207413827588505,0.07090472698179878,2.8646576438429228,0.07343822921528102,9218,0.06896551724137931,177.65864498594627,31.389311075540213,0.03732379438233081,0.2112469024803166,0.17392310809798578,high facilitation
0.0029335289019267953,0.8494899659977332,true,6,0.06260417361157411,0.19574638309220616,0.3144542969531302,0.0879791986132409,10.45503033535569,0.008213880925395026,9239,0.0,0.026738587551275783,0.003715393165563907,0.00010320536571010853,0.000742738543090994,0.0006395331773808854,neutral
0.0007667177811854123,0.3935129008600574,true,8,0.900260017334489,0.3001533435562371,0.3076205080338689,0.09204613640909395,13.581372091472765,0.039989332622174814,9255,0.125,0.00826896581419212,0.014178557559867189,0.00022153996187292482,0.00012920259084675187,-9.233737102617295e-5,neutral
0.0006333755583705581,0.2115807720514701,true,41,0.030668711247416495,0.1259417294486299,0.49716647776518436,0.02275485032335489,2.9254616974464964,0.07437829188612576,9263,0.04878048780487805,0.10627423996767749,0.39953798438162347,0.00023767875335016267,6.322084471604847e-5,-0.0001744579086341142,neutral
0.0033668911260750717,0.5255750383358891,true,20,0.3268217881192079,0.2123474898326555,0.0527701846789786,0.07850523368224549,6.904326955130342,0.030222014800986734,9313,0.05,0.336921817632881,0.30070081263387605,0.0007517520315846901,0.0008423045440822025,9.055251249751235e-5,neutral
0.007267151143409561,0.5728315221014735,true,26,0.5696379758650577,0.22358157210480697,0.02866857790519368,0.005687045803053538,1.4560304020268018,0.06716447763184213,9330,0.23076923076923078,1.4005834431262878,1.0483107278545525,0.0015507555145777405,0.002071868998707526,0.0005211134841297857,neutral
0.0005333688912594173,0.11386759117274485,true,35,0.23594906327088472,0.04136942462830855,0.13184212280818722,0.0353823588239216,3.9857323821588104,0.06713114207613842,9358,0.05714285714285714,0.035873667608480764,0.276159279417832,0.00022543614646353634,2.928462661916797e-5,-0.00019615151984436838,neutral
0.4976998466564438,0.8415427695179679,true,22,0.36735782385492366,0.23304886992466164,0.43429561970798053,0.024701646776451765,17.12827521834789,0.052443496233082205,9362,0.045454545454545456,99.20472717675747,20.30910524699304,0.04196096125411786,0.20496844458007743,0.16300748332595957,high facilitation
0.4876325088339223,0.1667244482965531,true,31,0.1178078538569238,0.15521034735649042,0.31242082805520366,0.03954263617574505,4.3391559437295815,0.0135942396159744,9375,0.06451612903225806,35.74345928308668,184.70779763685672,0.19220374363876871,0.037194026309143265,-0.15500971732962546,high competition
0.0013000866724448296,0.15397693179545302,true,40,0.27328488565904396,0.4058270551370091,0.2643842922861524,0.011580772051470099,4.465831055403694,0.09938662577505167,9410,0.1,0.15440200177474606,0.860941967636139,0.0005380887297725868,9.650125110921628e-5,-0.0004415874786633705,neutral
0.4570304686979132,0.1370691379425295,true,48,0.9098606573771585,0.38879258617241147,0.15667711180745383,0.08926595106340424,9.787452496833122,0.05966397759850657,9428,0.10416666666666667,67.76384158753643,437.7078477794578,0.18997736448761188,0.0294113895779238,-0.16056597490968808,high competition
0.11514100940062671,0.5240282685512367,true,17,0.026868457897193145,0.4537302486832456,0.48206547103140207,0.03862257483832256,19.152543502900194,0.08256550436695781,9472,0.0,7.314449851409867,7.505011521129143,0.025968897996986654,0.025309515056781546,-0.0006593829402051082,neutral
0.16177745183012202,0.5019467964530969,true,32,0.615107673844923,0.44586305753716915,0.3364890992732849,0.01782118807920528,4.083272218147877,0.01825455030335356,9476,0.21875,39.721264770050865,40.128000463069,0.03918750045221582,0.0387902976270028,-0.0003972028252130222,neutral
0.00023334888992599507,0.6131542102806854,true,49,0.7956530435362358,0.23158210547369826,0.019867991199413293,0.05894392959530635,18.96759783985599,0.09747983198879927,9495,0.22448979591836735,0.1706550016794901,0.10676085841722238,4.44651638555695e-5,7.107663543502295e-5,2.6611471579453452e-5,neutral
0.020301353423561572,0.48941262750850056,true,21,0.5287685845723048,0.04166944462964198,0.21168077871858124,0.09644642976198414,2.374424961664111,0.015601040069337956,9500,0.14285714285714285,2.140865489216651,2.2536514647435144,0.005110320781731325,0.004854570270332542,-0.00025575051139878346,neutral
0.01873458230548703,0.43218214547636513,true,19,0.523034868991266,0.2646176411760784,0.31028735249016604,0.013360890726048404,19.267817854523635,0.07907193812920861,9537,0.05263157894736842,1.3674699757595214,1.6984938478510347,0.0047049691076205945,0.003788005473018065,-0.0009169636346025296,neutral
0.013500900060004,0.49549303286885793,true,34,0.08380558703913595,0.1374424961664111,0.17431162077471832,0.04362957530502034,9.461897459830656,0.005607040469364625,9549,0.058823529411764705,3.772289007656119,3.8614007164923794,0.0033403120384882176,0.003263225785169653,-7.708625331856456e-5,neutral
0.0006667111140742716,0.803993599573305,true,23,0.6515101006733782,0.424694979665311,0.10610707380492033,0.08488565904393626,7.9012600840056,0.038089205947063144,9560,0.08695652173913043,0.1350055744822236,0.031239764335047604,5.905437492447562e-5,0.000255209025486245,0.0001961546505617694,neutral
0.48366557770518037,0.8931728781918795,true,30,0.901193412894193,0.32208813920928064,0.11137409160610708,0.09602640176011736,13.729581972131475,0.02778851923461564,9562,0.2,194.9342209743278,21.840928121436974,0.024267697912707747,0.2165935788603642,0.19232588094765646,high facilitation
0.005133675578371891,0.4504233615574371,true,29,0.825188345889726,0.03423561570771385,0.12680845389692647,0.024728315221014735,7.7555837055803725,0.010000666711114074,9579,0.1724137931034483,0.9694841422327936,1.1957328346566751,0.0014217988521482462,0.0011527754366620613,-0.0002690234154861849,neutral
0.00013334222281485432,0.891732782185479,true,26,0.8570571371424761,0.02670178011867458,0.12627508500566703,0.06482432162144143,5.578038535902394,0.03383558903926928,9599,0.19230769230769232,0.039078416804517735,0.004666618475797413,6.903281768931084e-6,5.7808308882422684e-5,5.09050271134916e-5,neutral
0.4693312887525835,0.14560304020268017,true,28,0.3326888459230615,0.03283552236815788,0.08093872924861657,0.03419561304086939,15.326955130342023,0.07338489232615508,9637,0.07142857142857142,27.27685705159697,148.48824666299612,0.18939827380484198,0.03479190950458797,-0.154606364300254,high competition
0.425395026335089,0.13840256017067804,true,21,0.3250216681112074,0.37072471498099874,0.40126008400560037,0.028948596573104876,10.30808720581372,0.03699579971998133,9645,0.09523809523809523,14.038052629695517,81.90283739438931,0.18572071971516851,0.03183231888819845,-0.15388840082697006,high competition
0.015434362290819388,0.44284952330155347,true,26,0.7898526568437896,0.3382558837255817,0.453563570904727,0.01796119741316088,17.444962997533167,0.06062404160277352,9650,0.15384615384615385,2.2980266977804606,2.7964901731853873,0.004136819782818621,0.0033994477777817464,-0.0007373720050368742,neutral
0.008667244482965531,0.4619441296086406,true,8,0.3359557303820255,0.48759917327821856,0.2037802520168011,0.03615574371624775,16.226348423228217,0.05145676378425229,9655,0.25,0.11374534007284498,0.127750118274226,0.0019960955980347812,0.0017772709386382028,-0.00021882465939657841,neutral
0.05943729581972131,0.47885192346156413,true,21,0.34748983265551037,0.34672311487432494,0.332755517034469,0.019207947196479766,19.893592906193746,0.04994999666644443,9669,0.047619047619047616,6.4633067250193275,6.065490628138747,0.013753947002582192,0.014656024319771718,0.0009020773171895258,neutral
0.37882525501700115,0.8997866524434962,true,48,0.026135075671711448,0.34838989265951065,0.46769784652310153,0.06813787585839055,6.236749116607774,0.06014400960064004,9675,0.041666666666666664,393.6647805300226,43.34197365933069,0.01881162051186228,0.1708614498828223,0.15204982937096004,high facilitation
0.45476365091006066,0.8978665244349624,true,12,0.028868591239415962,0.39292619507967197,0.03770251350090006,0.0006333755583705581,16.64310954063604,0.04890992732848857,9681,0.08333333333333333,26.683784864399875,3.87734846851373,0.026926031031345346,0.18530406155833246,0.15837803052698712,high facilitation
0.010367357823854924,0.44252950196679786,true,39,0.5437029135275685,0.32332155477031804,0.045736382425495034,0.03540902726848457,3.4372291486099074,0.028068537902526836,9706,0.20512820512820512,3.392054973906654,4.43794242266604,0.002917779370589113,0.002230147911838694,-0.0006876314587504189,neutral
0.46649776651776786,0.13168211214080938,true,11,0.9261950796719781,0.16901126741782785,0.14330955397026468,0.06035735715714381,11.207480498699914,0.012247483165544372,9707,0.36363636363636365,3.247572258711892,21.916105919995555,0.18112484231401285,0.026839440154643734,-0.15428540215936912,high competition
0.03283552236815788,0.5121341422761517,true,11,0.16854456963797587,0.31952130142009466,0.08780585372358157,0.05644376291752784,11.994132942196146,0.05105007000466698,9712,0.09090909090909091,0.9125553422858328,0.9398943829763329,0.007767722173358123,0.0075417796883126675,-0.00022594248504545587,neutral
0.20748049869991333,0.49410627375158345,true,29,0.2850190012667511,0.34912327488499234,0.2972864857657177,0.05613707580505367,19.10567371158077,0.013847589839322622,9718,0.0,42.05721955702826,42.11525016209364,0.050077586399635714,0.05000858449111565,-6.900190852006383e-5,neutral
0.4558303886925795,0.11168077871858124,true,16,0.7029135275685046,0.22524834988999268,0.15474364957663844,0.013414227615174346,8.51563437562504,0.01499433295553037,9796,0.1875,6.5999012133881365,45.55733794096815,0.17795835133190682,0.025780864114797408,-0.15217748721710941,high competition
0.4747649843322888,0.16357757183812255,true,42,0.17827855190346023,0.19604640309353957,0.19351290086005735,0.003153543569571305,4.871191412760851,0.06145743049536636,9798,0.14285714285714285,68.82282974331294,346.5968643283788,0.19648348317935305,0.039015209605052684,-0.15746827357430038,high competition
0.4746983132208814,0.8318354556970465,true,7,0.6629108607240483,0.0008667244482965531,0.05857057137142476,0.01540769384625642,13.74731648776585,0.08031202080138677,9802,0.0,9.949977471666578,1.7386907891780148,0.035483485493428876,0.20306076472788936,0.16757727923446047,high facilitation
0.30452030135342356,0.5085605707047136,true,47,0.8527235149009934,0.4221614774318288,0.45343022868191213,0.07992532835522367,4.040202680178679,0.04592306153743583,9809,0.19148936170212766,166.5141478017857,167.51505904702864,0.07583298281893555,0.07537987677763046,-0.000453106041305093,neutral
0.2795519701313421,0.5012000800053337,true,20,0.8636575771718115,0.27605173678245215,0.07887192479498634,0.020301353423561572,16.522768184545637,0.07634508967264485,9819,0.25,25.004409336731065,24.691663257072957,0.06172915814268239,0.06251102334182766,0.0007818651991452694,neutral
0.4965331022068138,0.15792386159077273,true,45,0.7812520834722315,0.3552570171344756,0.21421428095206346,0.03772918194546303,14.333822254816988,0.07787185812387493,9826,0.24444444444444444,75.352434344941,422.38450326162854,0.20858493988228569,0.037211078688859756,-0.17137386119342593,high competition
0.003900260017334489,0.6344889659310621,true,39,0.2726848456563771,0.4025935062337489,0.40559370624708313,0.07711180745383027,5.522301486765785,0.02864190946063071,9844,0.1794871794871795,1.841144479891878,1.0833978833217035,0.0007122931514278129,0.0012104828927625758,0.0004981897413347629,neutral
0.001033402226815121,0.6347023134875658,true,24,0.2506167077805187,0.3980598706580439,0.2646176411760784,0.039629308620574705,16.78625241682779,0.06917794519634643,9858,0.041666666666666664,0.18083078149738996,0.10567760888823785,0.00018346807098652406,0.00031394232898852425,0.0001304742580020002,neutral
0.4375625041669445,0.12688179211947465,true,9,0.5816387759183945,0.1428428561904127,0.055303686912460834,0.010400693379558637,17.159943996266417,0.0036002400160010666,9863,0.0,1.7893864898989675,14.071737295683722,0.17372515179856446,0.022091191233320588,-0.15163396056524386,high competition
0.4982998866591106,0.8719447963197547,true,25,0.13394226281752117,0.08270551370091339,0.4783985599039936,0.03749583305553703,2.243949596639776,0.0838589239282619,9888,0.08,129.66535450952352,19.816266678313088,0.03170602668530094,0.20746456721523765,0.17575854052993672,high facilitation
0.38162544169611307,0.10074671644776319,true,11,0.7185145676378425,0.04716981132075472,0.33338889259283955,0.09315954396959798,2.3617574504967,0.04582972198146544,9891,0.0,1.9292330786611838,21.006314217796913,0.17360590262642075,0.01594407503025772,-0.15766182759616304,high competition
0.4562970864724315,0.8695979731982132,true,38,0.5446363090872725,0.04420294686312421,0.3029868657910527,0.09206613774251618,19.256417094472965,0.06490432695513035,9905,0.05263157894736842,281.54155737962463,41.97680482765766,0.02906980943743605,0.19497337768672066,0.1659035682492846,high facilitation
0.3687245816387759,0.49213280885392363,true,23,0.6849123274884993,0.5,0.3036202413494233,0.01857457163810921,2.2287485832388825,0.05839055937062471,9911,0.043478260869565216,45.65181472382194,45.13493983462624,0.08532124732443523,0.08629832651006038,0.000977079185625146,neutral
0.02020134675645043,0.5112274151610108,true,44,0.45936395759717313,0.07740516034402294,0.4592306153743583,0.029668644576305088,7.176678445229682,0.001980132008800587,9918,0.06818181818181818,9.90012790801595,9.348095064741669,0.004828561500383094,0.0051137024318264205,0.0002851409314433267,neutral
0.1937129141942796,0.48765251016734457,true,17,0.9420628041869458,0.2549836655777052,0.21481432095473033,0.05435695713047537,16.22001466764451,0.043009533968931264,9931,0.058823529411764705,13.775778937068221,13.551957105598717,0.04689258514047999,0.04766705514556478,0.000774470005084793,neutral
0.4874991666111074,0.8331688779251951,true,49,0.6028401893459564,0.4982665511034069,0.3845589705980399,0.08316554436962464,13.013867591172746,0.05745049669977999,9947,0.12244897959183673,476.02878889984606,94.0350626301684,0.03916495736366864,0.1982627192419184,0.15909776187824975,high facilitation
0.49806653776918464,0.8877858523901593,true,20,0.9577971864790986,0.061037402493499565,0.4631642109473965,0.02557503833588906,16.455630375358357,0.07755183678911928,9956,0.1,83.39342523631666,10.939220263512826,0.027348050658782066,0.20848356309079163,0.18113551243200957,high facilitation
0.41102740182678843,0.8969064604306954,true,20,0.5031002066804454,0.1043402893526235,0.24254950330022002,0.03183545569704647,9.254150276685113,0.048809920661377425,9967,0.2,69.90496945225064,9.156443832193279,0.022891109580483196,0.1747624236306266,0.15187131405014342,high facilitation
0.1372091472764851,0.48919927995199686,true,44,0.8898593239549303,0.15274351623441562,0.3613240882725515,0.09541302753516902,18.577438495899727,0.018967931195413026,10008,0.25,64.26906191215048,66.17883234847996,0.03418328117173552,0.033196829500077726,-0.0009864516716577912,neutral
0.3379558637242483,0.4984798986599107,true,34,0.9905993732915528,0.034468964597639845,0.3721914794319621,0.06287085805720381,1.9766651110074005,0.06389092606173745,10021,0.11764705882352941,95.64652195966394,96.0715983022527,0.08310691894658538,0.08273920584746015,-0.00036771309912522754,neutral
0.43552903526901793,0.8630908727248483,true,44,0.14154276951796788,0.3591572771518101,0.4674311620774718,0.07847856523768253,3.5993732915527703,0.0797253150210014,10044,0.06818181818181818,354.8001002137753,57.260272395961955,0.02957658698138531,0.18326451457323104,0.15368792759184574,high facilitation
0.0075671711447429825,0.41250083338889254,true,28,0.9465297686512434,0.36519101273418225,0.4958663910927395,0.022028135209013935,5.700913394226282,0.08321888125875058,10049,0.25,1.1737742846308747,1.6776873905427032,0.0021399073858963053,0.0014971610773352995,-0.0006427463085610058,neutral
0.44559637309153943,0.13338889259283954,true,28,0.24068271218081205,0.3909927328488566,0.15261017401160076,0.07999866657777185,13.588972598173212,0.07182478831922127,10067,0.10714285714285714,23.1787253407382,149.2679423418714,0.19039278359932577,0.029564700689717092,-0.16082808290960868,high competition
0.00400026668444563,0.401246749783319,true,36,0.657110474031602,0.4412960864057604,0.06367091139409294,0.04424294952996866,11.037735849056604,0.06243749583305554,10071,0.1111111111111111,1.0043480505402398,1.5336043888960083,0.001183336719827167,0.0007749599155403085,-0.0004083768042868585,neutral
0.350790052670178,0.4869591306087072,true,29,0.8014534302286819,0.3196546436429095,0.040069337955863725,0.09953330222014801,15.2091472764851,0.08470564704313621,10090,0.13793103448275862,70.4431353801622,69.76615265733155,0.08295618627506723,0.08376115978616196,0.0008049735110947226,neutral
0.015467697846523102,0.5442962864190947,true,32,0.27375158343889594,0.291086072404827,0.08193879591972798,0.05964397626508434,2.9178611907460494,0.01168077871858124,10109,0.15625,4.2392434676041395,3.507953698762055,0.0034257360339473193,0.0041398861988321675,0.0007141501648848482,neutral
0.49623308220548035,0.8862390826055071,true,42,0.20208013867591174,0.4678645243016201,0.08700580038669245,0.01558103873591573,5.277818521234749,0.05397693179545303,10124,0.047619047619047616,375.0522665957916,48.1199985179449,0.02727891072445856,0.21261466360305645,0.18533575287859788,high facilitation
0.4420628041869458,0.10880058670578038,true,47,0.5514367624508301,0.4216614440962731,0.03680245349689979,0.00944729648643243,11.225215014334289,0.08999266617774519,10151,0.23404255319148937,50.33610869482713,428.45744098606633,0.19395990990768056,0.022786830554471314,-0.17117307935320925,high competition
0.05770384692312821,0.5564570971398094,true,5,0.599039935995733,0.43506233748916595,0.2856857123808254,0.0006600440029335289,6.973998266551104,0.05229681978798587,10170,0.2,0.217147988174472,0.21302164955705072,0.008520865982282029,0.008685919526978881,0.00016505354469685193,neutral
0.48619907993866257,0.8448496566437762,true,43,0.3694246283085539,0.25295019667977864,0.3141209413960931,0.003226881792119475,16.897726515101006,0.056210414027601845,10171,0.09302325581395349,368.8476231434922,68.71870444403282,0.037165335015701906,0.19948492327933598,0.16231958826363407,high facilitation
0.48739915994399624,0.8343956263750917,true,30,0.5729048603240215,0.4109273951596773,0.03686912460830722,0.016214414294286286,13.918327888525901,0.025268351223414896,10222,0.1,179.87452027736498,33.87388493434955,0.03763764992705505,0.19986057808596108,0.16222292815890604,high facilitation
0.4468964597639843,0.8638909260617375,true,29,0.6328421894792986,0.17667844522968199,0.2935862390826055,0.06613107540502701,2.02100140009334,0.08207880525368359,10227,0.13793103448275862,154.52796017402287,23.811502264594942,0.028313320171932155,0.18374311554580602,0.15542979537387386,high facilitation
0.05963730915394359,0.488185879058604,true,45,0.1806787119141276,0.4629641976131742,0.3083205547036469,0.07472498166544436,12.46283085539036,0.07611174078271886,10230,0.044444444444444446,29.206770324414304,30.72896434318441,0.01517479720651082,0.01442309645650089,-0.0007517007500099284,neutral
0.48716581105407025,0.11984132275485034,true,48,0.31402093472898196,0.3655910394026268,0.12694179611974132,0.06895126341756118,9.798853256883792,0.017874524968331224,10231,0.041666666666666664,65.38274981819397,478.55141078478005,0.20770460537533855,0.028377929608591132,-0.17932667576674743,high competition
0.08957263817587839,0.49287952530168677,true,27,0.8387892526168411,0.03403560237349157,0.22641509433962265,0.04596306420428029,8.78418561237416,0.047376491766117745,10232,0.2962962962962963,15.541071800888783,16.046383945323427,0.0220115006108689,0.02131834266239888,-0.0006931579484700211,neutral
0.04846989799319955,0.6080872058137209,true,8,0.6435762384158944,0.12520834722314822,0.03603573571571438,0.09138609240616041,2.5505033668911263,0.05105673711580772,10288,0.0,0.7267726295932389,0.6868178092173948,0.010731528269021793,0.011355822337394357,0.0006242940683725638,neutral
0.4921661444096273,0.15152343489565973,true,40,0.8693912927528502,0.4930662044136276,0.007733848923261551,0.028701913460897392,18.962530835389025,0.042096139742649516,10330,0.35,56.4721601741052,318.2982154352698,0.19893638464704363,0.03529510010881575,-0.16364128453822788,high competition
0.44702980198679915,0.8950930062004133,true,30,0.236615774384959,0.33858923928261886,0.17807853856923794,0.049689979331955465,13.193746249749983,0.03364890992732849,10334,0.03333333333333333,169.96715297762358,21.04136195553762,0.023379291061708468,0.18885239219735953,0.16547310113565106,high facilitation
0.005267017801186746,0.42444829655310357,true,37,0.25461697446496434,0.23294886325755051,0.2806187079138609,0.027761850790052674,3.8653910260684046,0.010480698713247551,10336,0.24324324324324326,1.4247309515508002,1.94608954672525,0.0014215409399015704,0.0010407092414542003,-0.00038083169844737013,neutral
0.03023534902326822,0.5131475431695447,true,34,0.15967731182078806,0.36545769717981197,0.18931262084138942,0.053390226015067675,18.188545903060206,0.08142542836189079,10345,0.058823529411764705,8.53059978761286,8.680768715244302,0.007509315497616178,0.0073794115809799835,-0.0001299039166361947,neutral
0.012367491166077738,0.4247683178878592,true,7,0.29735315687712516,0.29715314354290284,0.10077338489232615,0.07032468831255417,6.115141009400626,0.07049136609107273,10357,0.14285714285714285,0.12607084470778607,0.1186047523446242,0.0024205051498902897,0.0025728743817915525,0.0001523692319012628,neutral
0.175978398559904,0.501840122674845,true,28,0.3658243882925528,0.3352223481565438,0.014700980065337689,0.04226948463230882,15.259817321154744,0.052723514900993404,10381,0.10714285714285714,32.222925980417116,31.803512242858364,0.040565704391400975,0.04110067089338918,0.0005349665019882058,neutral
0.47943196213080874,0.8164210947396493,true,11,0.8165877725181678,0.15381025401693446,0.22244816321088073,0.04936329088605908,17.589372624841655,0.025901726781785452,10382,0.0,25.029921277198568,5.593913054021286,0.046230686396870134,0.20685885353056668,0.16062816713369654,high facilitation
0.4237949196613108,0.5136275751716781,true,7,0.3126875125008334,0.3710247349823322,0.27455163677578504,0.011700780052003467,14.559303953596906,0.05482365491032736,10386,0.0,5.2432334329733745,5.2070623985050934,0.10626657956132844,0.10700476393823213,0.0007381843769036917,neutral
0.029535302353490233,0.5191212747516502,true,39,0.5750383358890593,0.37199146609773986,0.16107740516034402,0.03038202546836456,11.232815521034736,0.08023201546769786,10393,0.20512820512820512,11.5861873775156,10.649275713927015,0.007001496195875749,0.00761748019560526,0.0006159839997295106,neutral
0.4906993799586639,0.8806387092472832,true,27,0.3890259350623375,0.1730115341022735,0.4226615107673845,0.05233015534368959,1.1241416094406294,0.08749249949996668,10406,0.25925925925925924,154.11964327267145,20.107176848766876,0.027581861246593793,0.2114124050379581,0.18383054379136432,high facilitation
0.10617374491632775,0.49538635909060613,true,18,0.8603906927128475,0.1747783185545703,0.30915394359623977,0.05640376025068338,18.13660910727382,0.09417294486299087,10416,0.2222222222222222,8.426318409581942,8.281319234586817,0.025559627267243264,0.02600715558512945,0.00044752831788618525,neutral
0.47899859990666044,0.10917394492966198,true,37,0.9342622841522769,0.4620641376091739,0.3381892126141743,0.0726248416561104,3.8780585372358156,0.050623374891659446,10447,0.13513513513513514,34.48646741423693,281.61904105828455,0.20571149821642407,0.025190991537061305,-0.18052050667936276,high competition
0.04426961797453163,0.49783985599039937,true,47,0.7847856523768251,0.3020868057870525,0.19674644976331757,0.07202480165344356,9.710180678711914,0.024081605440362693,10489,0.2127659574468085,23.48249402840355,23.94198037197809,0.010838379525567265,0.010630373032323925,-0.00020800649324334043,neutral
0.4450296686445763,0.8946663110874059,true,32,0.6085739049269951,0.3303553570238016,0.3389892659510634,0.012434162277485165,10.210547369824654,0.02206813787585839,10490,0.125,202.09852205985842,22.590518765051527,0.022061053481495632,0.1973618379490805,0.17530078446758485,high facilitation
0.12777518501233415,0.5132008800586706,true,26,0.6427095139675978,0.42666177745183015,0.4744316287752517,0.06474431628775251,1.1950796719781318,0.05271684778985266,10495,0.07692307692307693,20.87898838518869,21.02238893037119,0.031098208476880457,0.03088607749288268,-0.00021213098399777697,neutral
0.4904993666244416,0.10176011734115609,true,18,0.7520501366757784,0.20758050536702446,0.15204346956463763,0.08848589905993733,4.242882858857257,0.06233082205480366,10511,0.0,9.191152738056468,66.29226611492112,0.20460575961395408,0.028367755364371815,-0.17623800424958228,high competition
0.45103006867124473,0.10480032002133476,true,33,0.4228948596573105,0.0636042402826855,0.4217614507633842,0.02839522634842323,10.19407960530702,0.04158277218481232,10526,0.15151515151515152,24.748767500795104,215.48122497741448,0.19787073000680852,0.022726140955734716,-0.1751445890510738,high competition
0.0023668244549636644,0.4497833188879259,true,9,0.8514567637842523,0.34915661044069607,0.12677511834122274,0.044676311754116946,15.269951330088672,0.05869057937195814,10530,0.3333333333333333,0.03521443169352212,0.041842712510463564,0.000516576697660044,0.0004347460702903965,-8.183062736964752e-5,neutral
0.4550636709113941,0.8916261084072271,true,31,0.915861057403827,0.46483098873258216,0.2914527635175678,0.048569904660310685,8.373758250550036,0.06805120341356091,10573,0.03225806451612903,188.5791393276032,24.564255576486634,0.02556114003796736,0.19623219492986804,0.17067105489190068,high facilitation
0.005033668911260751,0.5880325355023668,true,6,0.5103673578238549,0.20534702313487566,0.26788452563504234,0.011440762717514503,6.802986865791053,0.05668377891859457,10583,0.0,0.04795669711124395,0.030860393432466382,0.000857233150901844,0.001332130475312332,0.000474897324410488,neutral
0.43836255750383357,0.8764784318954598,true,41,0.13440896059737314,0.2211814120941396,0.02643509567304487,0.08520568037869192,7.161477431828788,0.006913794252950197,10590,0.14634146341463414,319.2865894072821,46.934356072625114,0.027920497366225528,0.18993848269320768,0.16201798532698214,high facilitation
0.03006867124474965,0.47581172078138545,true,23,0.7715181012067471,0.11030735382358824,0.4463297553170211,0.044129608640576044,17.591906127075138,0.026821788119207948,10592,0.21739130434782608,3.5762850667430377,3.969016894529711,0.007502867475481495,0.006760463264164533,-0.0007424042113169625,neutral
0.15321021401426763,0.47271818121208087,true,6,0.8217881192079471,0.3314220948063204,0.14657643842922863,0.013187545836389094,18.31902126808454,0.06225748383225549,10603,0.3333333333333333,0.9931590920594964,1.0080725305072136,0.02800201473631149,0.02758775255720823,-0.0004142621791032586,neutral
0.491499433295553,0.15280352023468233,true,36,0.15407693846256418,0.20358023868257885,0.08567237815854391,0.04706980465364358,8.691712780852058,0.028341889459297286,10625,0.08333333333333333,47.5467713780441,274.0928127944713,0.2114913678969686,0.03668732359416983,-0.17480404430279878,high competition
0.001666777785185679,0.3835922394826322,true,13,0.45863057537169144,0.04996999799986666,0.25691712780852055,0.0802253483565571,8.197679845323021,0.0446696446429762,10627,0.15384615384615385,0.046287178940274565,0.08581455505274171,0.0005077784322647439,0.0002738886327826897,-0.00023388979948205422,neutral
0.008600573371558104,0.47383825588372563,true,38,0.8329221948129876,0.28735249016601105,0.0387692512834189,0.051510100673378224,14.326221748116541,0.04195613040869392,10631,0.18421052631578946,2.8689906328547172,3.196562707118568,0.002213686085262166,0.0019868356183204415,-0.00022685046694172466,neutral
0.03140209347289819,0.4632242149476632,true,35,0.1380092006133742,0.0030002000133342224,0.32898859923994933,0.02819521301420095,7.7479831988799255,0.06559770651376759,10635,0.11428571428571428,8.945097894429193,10.059109250005314,0.008211517755106378,0.00730212073014628,-0.0009093970249600984,neutral
0.4356623774918328,0.8811187412494166,true,50,0.938195879725315,0.3183545569704647,0.48519901326755116,0.03635575705047003,9.624041602773518,0.07319821321421428,10659,0.14,468.48095919773743,61.60206889654991,0.024640827558619963,0.18739238367909497,0.162751556120475,high facilitation
0.08660577371824789,0.5050936729115274,true,26,0.28948596573104873,0.10790719381292087,0.08387225815054337,0.09493299553303554,14.54030268684579,0.05001666777785186,10666,0.11538461538461539,14.714085025667773,14.50633714268982,0.021459078613446477,0.02176639796696416,0.0003073193535176842,neutral
0.01916794452963531,0.4966664444296287,true,17,0.49376625108340555,0.47826521768117874,0.2866857790519368,0.011287419161277418,15.36749116607774,0.006227081805453697,10672,0.17647058823529413,1.2635816645482816,1.234852429216076,0.004272845775834173,0.004372254894630732,9.940911879655935e-5,neutral
0.04556970464697647,0.509253950263351,true,32,0.33495566371091406,0.06617107807187146,0.004400293352890192,0.03328888592572838,2.8811254083605573,0.07087805853723582,10698,0.15625,11.351479092761375,11.376125944811083,0.011109497992979573,0.01108542880152478,-2.4069191454792818e-5,neutral
0.022634842322821522,0.5137875858390559,true,32,0.4681645443029535,0.17387825855057004,0.2110807387159144,0.013614240949396627,18.71678111874125,0.07298486565771052,10713,0.28125,5.612323791321881,5.281495668227513,0.005157710613503431,0.005480784952462774,0.0003230743389593437,neutral
0.0023334888992599507,0.27377158477231817,true,41,0.9717314487632509,0.14734315621041402,0.14500966731115408,0.057997199813320896,5.362690846056403,0.012734182278818588,10744,0.21951219512195122,0.5223682745059959,1.3804111997322432,0.0008211845328567777,0.00031074852736823075,-0.0005104360054885469,neutral
0.47933195546369756,0.15056337089139277,true,47,0.5311687445829723,0.412127475165011,0.1696446429761984,0.03996266417761184,5.833922261484099,0.023808253883592242,10758,0.14893617021276595,77.77317399585432,442.82993163433514,0.20046624338358313,0.0352074124019259,-0.16525883098165722,high competition
0.14760984065604374,0.4985332355490366,true,40,0.4166944462964198,0.2544836322421495,0.2761184078938596,0.03724248283218881,12.153743582905527,0.09077271818121208,10778,0.225,57.301903574948945,58.561101145065635,0.03660068821566602,0.03581368973434309,-0.00078699848132293,neutral
0.47539835989065937,0.13098873258217214,true,38,0.10714047603173545,0.216714447629842,0.48593239549303285,0.037635842389492635,18.550836722448164,0.026501766784452298,10793,0.02631578947368421,46.55600151998331,291.77984511916895,0.2020636046531641,0.03224099828253692,-0.16982260637062718,high competition
0.4973664910994066,0.8444229615307687,true,30,0.9229948663244216,0.12844189612640844,0.17754516967797854,0.059923994932995536,3.454963664244283,0.09725981732115475,10797,0.2,183.76931949213466,31.860619132792117,0.035400687925324574,0.2041881327690385,0.1687874448437139,high facilitation
0.028801920128008533,0.49053270218014533,true,37,0.9426628441896127,0.03820254683645576,0.22221481432095472,0.018021201413427564,4.208680578705247,0.07957863857590507,10798,0.13513513513513514,9.213918835072166,9.654418959131867,0.007052168706451327,0.006730400902171049,-0.0003217678042802784,neutral
0.24628308553903594,0.491759450630042,true,26,0.02326821788119208,0.1347089805987066,0.2904526968464564,0.013527568504566972,7.122208147209814,0.06279085272351491,10845,0.0,40.924437007665674,40.624999394568036,0.060096152950544435,0.06053910799950543,0.0004429550489609968,neutral
0.034402293486232416,0.47927861857457166,true,35,0.7477165144342957,0.4305287019134609,0.2682845523034869,0.09741316087739184,8.703113540902727,0.02888859257283819,10847,0.22857142857142856,9.745924559290273,10.423070158935658,0.008508628701171967,0.0079558567830941,-0.000552771918077866,neutral
0.47019801320088006,0.10373358223881593,true,14,0.5533702246816454,0.01246749783318888,0.07097139809320621,0.07790519367957864,19.86572438162544,0.06308420561370759,10848,0.35714285714285715,4.535974033444907,37.09186197791825,0.18924419376488902,0.023142724660433198,-0.16610146910445583,high competition
0.47529835322354824,0.14576305087005803,true,50,0.8572571504766985,0.45326355090339354,0.22931528768584572,0.019681312087472497,6.430562037469165,0.0724514967664511,10850,0.2,83.98428971822715,499.21520181357204,0.19968608072542882,0.033593715887290855,-0.16609236483813797,high competition
0.4687979198613241,0.1771784785652377,true,48,0.3975598373224882,0.4533968931262084,0.17601173411560772,0.046843122874858326,15.083738915927729,0.093599573304887,10854,0.125,90.62824962531326,438.9556603118633,0.1905189497881351,0.039335177788764435,-0.15118377199937066,high competition
0.47386492432828853,0.8609040602706848,true,13,0.48849923328221884,0.23501566771118074,0.22358157210480697,0.08229215281018736,8.858923928261884,0.045796386425761726,10867,0.07692307692307693,32.808615653603205,6.067186505897635,0.03590051186921678,0.19413382043552194,0.15823330856630516,high facilitation
0.012767517834522301,0.5761917461164078,true,43,0.7686512434162277,0.030502033468897925,0.26078405227015133,0.003953596906460431,7.484498966597773,0.07993866257750516,10873,0.16279069767441862,6.578797989895415,4.93103481778032,0.002666865774894711,0.0035580302811765363,0.0008911645062818253,neutral
0.4252950196679779,0.8917861190746049,true,47,0.8602573504900327,0.1609773984932329,0.3031202080138676,0.04721648109873992,8.226815121008066,0.06661110740716047,10879,0.14893617021276595,411.83548985643336,51.438205914087035,0.023285742831184716,0.18643526023378604,0.1631495174026013,high facilitation
0.15064337622508167,0.49767984532302156,true,33,0.6315754383625575,0.05973731582105474,0.03210214014267618,0.06955797053136875,13.391359423961598,0.06688445896393093,10885,0.12121212121212122,39.87725804990026,39.57409718116588,0.036339850487755634,0.03661823512387535,0.000278384636119719,neutral
0.15987732515501032,0.5000800053336889,true,38,0.1585439029268618,0.03243549569971332,0.44512967531168746,0.007960530702046803,15.001400093339557,0.01242082805520368,10896,0.05263157894736842,54.80604747342745,55.939672506270426,0.03873938539215403,0.03795432650514366,-0.0007850588870103731,neutral
0.13830922061470766,0.4897326488432563,true,43,0.8043869591306088,0.2815187679178612,0.49123274884992335,0.09543969597973198,13.164610974064937,0.0182145476365091,10923,0.23255813953488372,63.59070123556339,64.37631523533301,0.034816828142419154,0.03439194225828198,-0.00042488588413717304,neutral
0.02076805120341356,0.475331688779252,true,28,0.889192612840856,0.23748249883325556,0.2557170478031869,0.042476165077671844,18.294952996866456,0.05197013134208947,10954,0.10714285714285714,3.7515834957497547,3.9411948036903572,0.005027034188380557,0.004785183030293055,-0.00024185115808750268,neutral
0.45856390426028404,0.8993599573304887,true,44,0.732782185479032,0.17411160744049603,0.1426095073004867,0.06722448163210881,9.062870858057204,0.0638042536169078,11000,0.25,381.65110890067825,45.94302204627275,0.023730899817289645,0.19713383724208589,0.17340293742479623,high facilitation
0.4825655043669578,0.8595173011534102,true,41,0.5968397893192879,0.027601840122674845,0.29485299019934663,0.0357423828255217,7.6048403226881796,0.07497833188879259,11007,0.24390243902439024,330.8714363453887,57.67692549723119,0.03431108001025056,0.19683012275156972,0.16251904274131918,high facilitation
0.03016867791186079,0.4279151943462898,true,8,0.16774451630108675,0.4828655243682912,0.4482298819921328,0.054890326021734784,3.661444096273085,0.01889459297286486,11022,0.0,0.45167753788290743,0.4837603318674457,0.007558755185428839,0.007057461529420429,-0.0005012936560084107,neutral
0.0020334688979265284,0.8268217881192079,true,25,0.7932528835255683,0.2564504300286686,0.42106140409360626,0.0805520368024535,4.620374691646109,0.022374824988332556,11028,0.08,0.5132978010460452,0.09798230188733181,0.0001567716830197309,0.0008212764816736723,0.0006645047986539414,neutral
0.06723781585439029,0.49271951463430896,true,28,0.07680512034135609,0.3539569304620308,0.1566437762517501,0.036555770384692314,16.373291552770183,0.02461497433162211,11036,0.14285714285714285,12.705342347614849,12.039143837648657,0.015356050813327369,0.016205793810733227,0.0008497429974058581,neutral
0.45156343756250417,0.8379691979465298,true,22,0.6966464430962064,0.25781718781252083,0.3424228281885459,0.09199279951996801,1.5320354690312687,0.050930062004133615,11064,0.13636363636363635,91.62628615964628,17.320954025112687,0.03578709509320803,0.1893105085943105,0.1535234135011025,high facilitation
0.4886325755050337,0.8861324088272552,true,28,0.8841256083738916,0.2471831455430362,0.3807587172478165,0.08513900926728449,17.754050270018002,0.06345756383758917,11074,0.14285714285714285,159.24137979470555,19.659838180385712,0.025076324209675652,0.20311400484018566,0.17803768063051,high facilitation
0.4773318221214748,0.8843722914860991,true,32,0.2968197879858657,0.43166211080738714,0.030035335689045935,0.028548569904660315,9.99899993332889,0.0810654043602907,11193,0.0625,203.96910203551596,27.16441977899389,0.02652775369042372,0.19918857620655855,0.17266082251613485,high facilitation
0.10497366491099407,0.5289885992399493,true,15,0.7142476165077671,0.039669311287419164,0.3683912260817388,0.01788785919061271,2.9457297153143545,0.08683245549703314,11210,0.06666666666666667,5.207756839173185,5.063950678689353,0.02250644746084157,0.02314558595188082,0.0006391384910392518,neutral
0.4645309687312488,0.8856523768251217,true,6,0.1966131075405027,0.2771518101206747,0.45693046203080206,0.0023468231215414363,6.496433095539703,0.08317887859190613,11219,0.0,7.034261377234385,0.8222607046554395,0.022840575129317767,0.1953961493676218,0.17255557423830403,high facilitation
0.4847989865991066,0.16624441629441963,true,44,0.14920994732982198,0.3158543902926862,0.4344622974864991,0.08893926261750783,10.394226281752116,0.04464297619841323,11250,0.18181818181818182,76.56981552649637,383.7481109771039,0.1982169994716446,0.03955052454881011,-0.15866647492283448,high competition
0.4651310087339156,0.8922661510767385,true,24,0.13320888059203947,0.09287285819054604,0.3465231015401027,0.02400160010667378,4.261884125608374,0.03890926061737449,11251,0.08333333333333333,112.7584696825728,13.481346347076393,0.023405115185896514,0.1957612320878,0.17235611690190347,high facilitation
0.12954196946463098,0.5086672444829655,true,40,0.6021734782318822,0.17047803186879126,0.04996999799986666,0.08049203280218681,7.5643042869524635,0.0907593839589306,11256,0.15,50.08203392141467,48.779280497638496,0.03048705031102406,0.03130127120088417,0.0008142208898601101,neutral
0.007067137809187279,0.45453030202013467,true,45,0.11447429828655244,0.3655243682912194,0.3279218614574305,0.09645309687312488,10.100340022668178,0.07381825455030336,11299,0.022222222222222223,3.245732835921863,3.8701995273690297,0.0019112096431452,0.0016028310300848707,-0.0003083786130603293,neutral
0.41742782852190147,0.1062404160277352,true,24,0.20268017867857857,0.3713247549836656,0.4913327555170345,0.028261884125608375,16.088272551503433,0.06249749983332223,11310,0.16666666666666666,11.269204692933148,107.32406533555172,0.18632650231866618,0.019564591480786715,-0.16676191083787947,high competition
0.4715314354290286,0.10336022401493433,true,32,0.8568571238082539,0.3797253150210014,0.3805253683578905,0.048016534435629046,2.6062404160277355,0.03348223214880992,11311,0.1875,25.62299216479955,203.3080528880847,0.1985430203985202,0.025022453285937062,-0.17352056711258315,high competition
0.44022934862324153,0.8592506167077805,true,27,0.7082472164810988,0.21091406093739581,0.3345889725981732,0.0741849456630442,18.59137275818388,0.08383225548369892,11338,0.1111111111111111,131.92617439868934,20.39970392043619,0.027983132949843878,0.18096868916143943,0.15298555621159554,high facilitation
0.47786519101273417,0.8739182612174144,true,28,0.010534035602373492,0.4622308153876925,0.3804920328021868,0.0006667111140742716,10.824921661444096,0.036435762384158944,11350,0.0,157.7144085185449,25.130885579332553,0.03205470099404662,0.20116633739610318,0.16911163640205656,high facilitation
0.0043669577971864795,0.6064870991399427,true,34,0.9329288619241283,0.4693312887525835,0.4771651443429562,0.0946596439762651,10.104140276018402,0.017314487632508833,11380,0.08823529411764706,1.4969490733876956,0.9919346579404155,0.0008580749636162763,0.0012949386447990447,0.0004368636811827684,neutral
0.46183078871924793,0.8522634842322822,true,38,0.5585039002600173,0.02216814454296953,0.12727515167677844,0.03645576371758118,2.4149609973998265,0.03650910060670712,11397,0.07894736842105263,271.74310178247686,49.61903168656246,0.03436221030925378,0.18818774361667373,0.15382553330741994,high facilitation
0.030568704580305354,0.538482565504367,true,11,0.5741049403293553,0.3860924061604107,0.1244416294419628,0.06732448829921996,14.753116874458296,0.0013800920061337425,11400,0.09090909090909091,0.8918942543112935,0.7944607834553897,0.006565791598804873,0.0073710268951346575,0.0008052352963297841,neutral
0.005733715581038736,0.39452630175345027,true,30,0.8859923994932996,0.2292486165744383,0.4159610640709381,0.07115807720514701,4.097206480432028,0.04840989399293286,11417,0.13333333333333333,0.9811459112824898,1.4229574849073467,0.001581063872119274,0.001090162123647211,-0.0004909017484720632,neutral
0.04806987132475499,0.5078671911460765,true,10,0.7498499899993333,0.3195546369757984,0.17184478965264352,0.049223281552103475,17.2764850990066,0.018641242749516635,11424,0.1,1.1604664666871745,1.1558739592590013,0.011558739592590012,0.011604664666871744,4.5925074281732287e-5,neutral
0.47606507100473366,0.844156277085139,true,43,0.7631175411694113,0.4523301553436896,0.4209613974264951,0.07374491632775519,13.130408693912928,0.04580305353690246,11434,0.20930232558139536,365.409051167966,66.3451251922552,0.03588162530679026,0.19762523048564956,0.1617436051788593,high facilitation
0.46053070204680313,0.13957597173144876,true,45,0.3651576771784786,0.10277351823454897,0.35942396159743983,0.03198879925328355,9.394759650643376,0.035662377491832785,11453,0.022222222222222223,60.73881513582857,397.2635426414657,0.19617952723035342,0.029994476610285713,-0.16618505062006772,high competition
0.48346556437095806,0.898186545769718,true,49,0.6426428428561904,0.4810987399159944,0.11767451163410894,0.00037335822388159215,8.10394026268418,0.08628575238349223,11459,0.16326530612244897,517.5202837759784,58.58935819968071,0.02440206505609359,0.2155436417226066,0.191141576666513,high facilitation
0.0030002000133342224,0.5520301353423561,true,43,0.1550770051336756,0.42629508633908925,0.05690379358623908,0.02157477165144343,9.522701513434228,0.0156077071804787,11461,0.13953488372093023,1.5074908777742073,1.2442770846067868,0.0006729459624698684,0.0008153006369790197,0.00014235467450915125,neutral
0.45469697979865326,0.13370891392759518,true,8,0.2976198413227549,0.44312954196946464,0.37732515501033403,0.04095606373758251,4.388559237282486,0.07850523368224549,11469,0.0,1.1754224836588594,11.969403189529672,0.18702192483640112,0.018365976307169678,-0.16865594852923144,high competition
0.18101206747116474,0.5057870524701648,true,32,0.03866924461630775,0.2922861524101607,0.0486032402160144,0.07344489632642177,11.183412227481831,0.06840456030402027,11476,0.125,43.8075168603062,43.5410703450287,0.04252057650881709,0.042780778183892774,0.0002602016750756844,neutral
0.48363224214947664,0.11370758050536703,true,20,0.9360624041602773,0.4678978598573238,0.464964330955397,0.013960930728715248,3.800786719114608,0.0496633108873925,11486,0.15,10.777827504265014,83.00076033086535,0.20750190082716335,0.026944568760662535,-0.18055733206650082,high competition
0.484165611040736,0.15125675045003,true,40,0.935529035269018,0.46299753316887793,0.23401560104006933,0.03217547836522435,2.380758717247817,0.055170344689645975,11528,0.175,57.569276309516994,310.8829019714617,0.19430181373216357,0.03598079769344812,-0.15832101603871546,high competition
0.003233548903260217,0.5385359023934929,true,22,0.10847389825988399,0.2982198813254217,0.13640909393959597,0.05340356023734916,11.728115207680512,0.05559037269151277,11572,0.0,0.3954130530896165,0.33786747214421753,0.0006980732895541684,0.0008169691179537531,0.00011889582839958465,neutral
0.004333622241482766,0.4299419961330756,true,44,0.5056337089139276,0.3559237282485499,0.32952196813120876,0.04436962464164278,14.973531568771252,0.0658510567371158,11604,0.11363636363636363,1.7544690515698633,2.3345514032597467,0.0012058633281300344,0.0009062340142406319,-0.00029962931388940247,neutral
0.03890259350623375,0.5610974064937663,true,8,0.7820521368091206,0.011100740049336623,0.24848323221548102,0.022574838322554837,16.306153743582904,0.07654510300686714,11610,0.25,0.5426149550310266,0.5414915641240644,0.008460805689438506,0.008478358672359791,1.7552982921284835e-5,neutral
0.0002000133342222815,0.8316221081405427,true,38,0.15107673844922995,0.44726315087672514,0.4458963930928729,0.0015867724514967666,14.98366557770518,0.04039602640176011,11644,0.02631578947368421,0.11815768537275173,0.02281219138852497,1.5797916474047763e-5,8.182665192018817e-5,6.602873544614041e-5,neutral
0.001600106673778252,0.2145143009533969,true,17,0.2781518767917861,0.47546503100206683,0.4071938129208614,0.02486165744382959,13.512967531168744,0.08446563104206947,11692,0.0,0.05550285120329446,0.16505831071096688,0.0005711360232213387,0.00019205138824669363,-0.00037908463497464504,neutral
0.46829788652576837,0.13856257083805587,true,8,0.2864857657177145,0.36389092606173745,0.14157610507367158,0.0697513167544503,5.474164944329622,0.025908393892926197,11696,0.125,2.460295378541505,12.392912742802089,0.19363926160628264,0.03844211528971102,-0.1551971463165716,high competition
0.4719647976531769,0.1627241816121075,true,45,0.1313420894726315,0.05053670244682979,0.45683045536369093,0.0282352156810454,7.490832722181478,0.003100206680445363,11722,0.1111111111111111,77.12996279437925,391.9548515784428,0.19355795139676188,0.03808887051574284,-0.15546908088101904,high competition
0.41476098406560435,0.8853856923794919,true,46,0.8348556570438029,0.15161010734048935,0.168411227415161,0.08933262217481167,19.147476498433228,0.0754783652243483,11732,0.17391304347826086,390.3585215897275,52.7256890249278,0.02491762241253677,0.1844794525471302,0.1595618301345934,high facilitation
0.44926328421894796,0.14602973531568772,true,48,0.10427361824121609,0.26131742116141077,0.3268217881192079,0.0407827188479232,13.093672911527435,0.06395093006200414,11772,0.0625,72.39610967589964,428.36823083346417,0.1859237112992466,0.03142192260238699,-0.1545017886968596,high competition
0.004866991132742183,0.3933528901926795,true,7,0.8099206613774251,0.27028468564570973,0.21104740316021067,0.0509433962264151,7.545303020201347,0.0181678778585239,11808,0.14285714285714285,0.04514505563152249,0.053485014608114834,0.0010915309103696905,0.0009213276659494386,-0.0001702032444202519,neutral
0.04530302020134676,0.4747983198879926,true,23,0.7828521901460097,0.3436229081938796,0.10327355157010468,0.03979598639909327,11.75978398559904,0.04368291219414628,11838,0.2608695652173913,5.708150103661961,5.923316475889218,0.011197195606595874,0.010790453882158716,-0.0004067417244371582,neutral
0.004633642242816188,0.6991332755517033,true,45,0.14680978731915462,0.3400226681778785,0.08417227815187679,0.04509633975598374,10.301753450230015,0.034428961930795386,11870,0.06666666666666667,3.2445718463018443,1.3194252128620299,0.0006515680063516197,0.0016022577018774539,0.0009506896955258342,neutral
0.06517101140076005,0.5198679911994133,true,18,0.37155810387359156,0.15964397626508434,0.353123541569438,0.08046536435762384,15.877991866124407,0.09858657243816255,11871,0.1111111111111111,4.94451369638165,4.864152630263201,0.01501281676007161,0.015260844741918673,0.00024802798184706334,neutral
0.002133475565037669,0.552136809120608,true,25,0.18694579638642575,0.3885259017267818,0.4299953330222015,0.08785252350156678,9.983798919927995,0.07526501766784453,11890,0.04,0.3786765437318822,0.29196261239604615,0.00046714017983367383,0.0006058824699710115,0.00013874229013733768,neutral
0.4837322488165878,0.10218681245416361,true,9,0.9477965197679845,0.2243482898859924,0.1942129475298353,0.05857057137142476,6.415361024068271,0.06209747316487767,11898,0.1111111111111111,1.713479377217221,15.933082048399417,0.1967047166469064,0.02115406638539779,-0.1755506502615086,high competition
0.4929328621908127,0.11888125875058338,true,42,0.4248949929995333,0.18807920528035202,0.25651710114007603,0.09356623774918328,13.668777918527901,0.03503566904460297,11915,0.11904761904761904,48.91786526831011,368.7719453997395,0.20905439081617885,0.027731216138497793,-0.18132317467768105,high competition
0.026301753450230014,0.4803986932462164,true,42,0.7014467631175412,0.46819787985865724,0.11367424494966331,0.0844389625975065,2.136275751716781,0.050596706447096476,11957,0.14285714285714285,11.053352472680727,11.798104692887419,0.006688267966489467,0.006266072830317873,-0.0004221951361715942,neutral
0.03230215347689846,0.4986399093272885,true,16,0.34582305487032466,0.12770851390092672,0.09133942262817521,0.08285219014600974,7.731515434362291,0.07305153676911795,11966,0.0625,2.079804686012052,1.9019948998209069,0.007429667577425417,0.008124237054734577,0.00069456947730916,neutral
0.05903726915127675,0.5428561904126942,true,9,0.5217681178745249,0.17224481632108807,0.4212614174278285,0.05397693179545303,15.614507633842257,0.04020934728981932,12002,0.1111111111111111,1.0430177557777165,1.0537891787505225,0.013009742947537314,0.012876762417008846,-0.00013298053052846794,neutral
0.445763050870058,0.8599439962664178,true,50,0.7497166477765185,0.08207213814254284,0.09080605373691579,0.0754183612240816,10.8527901860124,0.046443096206413764,12025,0.14,464.7104732228605,75.99265132207324,0.030397060528829296,0.1858841892891442,0.15548712876031492,high facilitation
0.002466831122074805,0.3048669911327422,true,14,0.5535035669044603,0.45896393092872856,0.49866657777185147,0.011087405827055138,16.96866457763851,0.005180345356357091,12032,0.21428571428571427,0.07017604303516234,0.1628228796182528,0.000830728977644147,0.0003580410358936854,-0.00047268794175046164,neutral
0.004800320021334755,0.6470764717647843,true,33,0.6506433762250817,0.11154076938462563,0.30078671911460764,0.08330555370358024,12.524901660110674,0.04777651843456231,12068,0.15151515151515152,1.6063200469338093,0.9003054122973543,0.0008267267330554218,0.0014750413654121297,0.0006483146323567079,neutral
0.4661644109607307,0.833115541036069,true,45,0.0385359023934929,0.03836922461497433,0.29491966131075403,0.03158877258483899,15.11794119607974,0.019841322754850326,12079,0.06666666666666667,390.0053598684707,77.52005655538363,0.03828150941006599,0.1925952394412201,0.1543137300311541,high facilitation
0.45349689979331953,0.17061804120274687,true,5,0.1799453296886459,0.39019267951196746,0.007333822254816988,0.03644909660644043,14.376891792786186,0.05963730915394359,12086,0.0,0.10632098047888561,4.140697330347351,0.16562789321389404,0.004252839219155424,-0.16137505399473862,high competition
0.4582638842589506,0.8430895393026202,true,34,0.45569704646976467,0.41029401960130674,0.30518701246749785,0.013587572504833657,4.230215347689846,0.01072738182545503,12094,0.17647058823529413,219.47173932535495,43.17796636530725,0.037351181976909384,0.18985444578317903,0.15250326380626966,high facilitation
0.4297953196879792,0.11077405160344024,true,48,0.3115541036069071,0.02996866457763851,0.23184878991932795,0.045416361090739384,3.8514567637842525,0.0324021601440096,12096,0.10416666666666667,54.50287426935183,437.6472006950504,0.18995104196833784,0.023655761401628398,-0.16629528056670945,high competition
0.0014000933395559704,0.270251350090006,true,33,0.6521768117874525,0.08523901593439563,0.14120941396093073,0.09463297553170212,14.58590572704847,0.024288285885725715,12103,0.21212121212121213,0.20590245907873306,0.5442049842666513,0.0004997290948270444,0.00018907480172519105,-0.0003106542931018534,neutral
0.4440962730848723,0.10922728181878792,true,24,0.7661844122941529,0.08683912260817388,0.05770384692312821,0.07410494032935529,14.362957530502033,0.07615174344956331,12125,0.20833333333333334,14.733837609874662,107.32708011059813,0.18633173630312175,0.025579579183810177,-0.16075215711931157,high competition
0.4799653310220681,0.17536502433495565,true,20,0.34202280152010134,0.3277218481232082,0.4278285219014601,0.06597106473764917,15.64237615841056,0.05526368424561638,12129,0.1,16.655550187610388,77.4651233774683,0.19366280844367076,0.04163887546902597,-0.15202393297464478,high competition
0.1006400426695113,0.4663710914060938,true,13,0.5628375225015001,0.39365957730515366,0.2169811320754717,0.09189279285285687,19.713714247616508,0.08361890792719515,12159,0.15384615384615385,3.6936418677261784,3.616885896102371,0.021401691692913435,0.02185586903979987,0.0004541773468864363,neutral
0.4418294552970198,0.8513567571171411,true,36,0.06387092472831522,0.222414827655177,0.20881392092806186,0.07905860390692712,7.525035002333489,0.0523168211214081,12178,0.08333333333333333,238.14904557568283,43.04363024795675,0.03321267766046045,0.18375697961086637,0.1505443019504059,high facilitation
0.44916327755183677,0.4837055803720248,true,28,0.5645043002866857,0.46829788652576837,0.06600440029335289,0.08185879058603907,8.630908727248483,0.05278351890126009,12191,0.03571428571428571,86.57852472876732,87.26902496962202,0.11131253184900769,0.11043179174587668,-0.0008807401031310086,neutral
0.453796919794653,0.8651710114007601,true,29,0.9335289019267952,0.26798453230215347,0.3498233215547703,0.01774118274551637,11.277151810120674,0.08399893326221748,12197,0.20689655172413793,160.85492970414845,25.18014915610155,0.029940724323545245,0.1912662659977984,0.16132554167425314,high facilitation
0.001433428895259684,0.5948596573104874,true,21,0.3320221348089873,0.037569171278085206,0.1824121608107207,0.08659243949596641,5.309487299153277,0.02618174544969665,12214,0.09523809523809523,0.1763221598813247,0.11228294040036324,0.00025460984217769443,0.0003998234917943871,0.00014521364961669268,neutral
0.44832988865924395,0.8755717047803188,true,48,0.011867457830522034,0.2528501900126675,0.2968197879858657,0.012094139609307287,16.55317021134742,0.05805053670244683,12219,0.0,455.42978394144023,62.462353384117726,0.027110396434078875,0.19766917705791676,0.1705587806238379,high facilitation
0.4621974798319888,0.8675178345223015,true,26,0.3561570771384759,0.19707980532035468,0.3254883658910594,0.04475631708780586,1.3648243216214415,0.05725715047669845,12223,0.07692307692307693,130.79000706606158,20.429956420310898,0.03022182902412855,0.19347634181370055,0.163254512789572,high facilitation
0.00010000666711114075,0.24539635975731716,true,44,0.18747916527768518,0.02436829121941463,0.049636642442829525,0.02881525435029002,9.556903793586239,0.06763117541169412,12228,0.09090909090909091,0.022330046725660413,0.07111940272287354,3.673522867917022e-5,1.1534115044246082e-5,-2.5201113634924134e-5,neutral
0.4229615307687179,0.11733448896593107,true,25,0.3389559303953597,0.299353290219348,0.34358957263817586,0.07369824654976999,13.103806920461365,0.029048603240216016,12255,0.12,14.692549164790254,116.04149279874511,0.1856663884779922,0.023508078663664406,-0.16215830981432777,high competition
0.4967664510967398,0.8705580372024802,true,28,0.270484698979932,0.061437429161944127,0.010434028935262352,0.03350223348223215,10.002800186679112,0.08400560037335822,12269,0.07142857142857142,164.0422169260312,23.392404039212096,0.02983725005001543,0.2092375215893255,0.17940027153931007,high facilitation
0.0655377025135009,0.49122608173878257,true,50,0.4513634242282819,0.14384292286152411,0.3921261417427829,0.07389159277285152,9.879925328355224,0.020181345423028203,12287,0.1,39.64516706823919,40.54507425637033,0.01621802970254813,0.015858066827295677,-0.00035996287525245224,neutral
0.016834455630375358,0.4853056870458031,true,10,0.8156543769584639,0.029401960130675378,0.14504300286685778,0.08267884525635043,19.405893726248415,0.05728381892126142,12307,0.5,0.3215005141702063,0.3700118437220653,0.003700118437220653,0.0032150051417020632,-0.00048511329551858976,neutral
0.2742182812187479,0.494586305753717,true,20,0.9275285019001267,0.3605573704913661,0.10254016934462297,0.06483765584372292,7.165277685179012,0.08527235149009935,12351,0.15,27.003987022180365,26.750804248684148,0.06687701062171036,0.06750996755545091,0.0006329569337405472,neutral
0.12804186945796386,0.5015201013400894,true,36,0.7823854923661577,0.02446829788652577,0.08123874924994999,0.04160944062937529,14.584638975931728,0.06581105407027135,12358,0.19444444444444445,39.48491428867128,39.965345277166435,0.030837457775591385,0.030466754852369812,-0.00037070292322157264,neutral
0.025568371224748317,0.48418561237415836,true,43,0.02440162677511834,0.4344289619307954,0.13860924061604107,0.07563170878058538,14.374358290552703,0.052643509567304486,12382,0.06976744186046512,10.914183647055772,11.8377657118827,0.006402252953965765,0.005902749403491494,-0.0004995035504742704,neutral
0.18231215414360957,0.4819454630308687,true,23,0.7280485365691046,0.4840989399293286,0.18957930528701913,0.024374958330555373,8.719581305420363,0.023181545436362427,12420,0.17391304347826086,23.64642209040147,23.819604963676483,0.04502760862698768,0.04470023079470977,-0.00032737783227791,neutral
0.0027001800120008,0.519227948529902,true,32,0.7165811054070271,0.3626908460564038,0.479865324354957,0.08652576838455898,11.201146743116208,0.06695779718647911,12422,0.21875,0.7239211730177793,0.61507939083243,0.0006006634676097949,0.000706954270525175,0.00010629080291538011,neutral
0.013100873391559437,0.5573104873658244,true,24,0.8905260350690046,0.4500300020001333,0.34208947263150874,0.0122208147209814,14.140009333955597,0.04211614107607174,12429,0.041666666666666664,2.0183750699180187,1.5741356837503768,0.0027328744509555153,0.003504123385274338,0.0007712489343188228,neutral
0.4332622174811654,0.1184012267484499,true,17,0.028801920128008533,0.4857657177145143,0.3198879925328355,0.0533168877925195,19.34128941929462,0.08358557237149143,12433,0.0,7.383766710532908,51.67430713904135,0.17880383093093893,0.025549365780390684,-0.15325446515054825,high competition
0.4442296153076872,0.12485499033268885,true,14,0.48683245549703313,0.13284218947929863,0.07760517367824521,0.020914727648509903,5.195479698646577,0.09658643909593974,12473,0.14285714285714285,4.629161183081049,34.94614667240722,0.17829666669595517,0.023618169301433924,-0.15467849739452125,high competition
0.4744649643309554,0.1374424961664111,true,39,0.5760384025601707,0.4251283418894593,0.08540569371291419,0.09495966397759852,3.150943396226415,0.03624908327221815,12523,0.1794871794871795,48.60906678041411,307.01205889939695,0.2018488224190644,0.03195862378725451,-0.1698901986318099,high competition
0.0176678445229682,0.4546369757983866,true,38,0.20941396093072873,0.3065537702513501,0.24771651443429563,0.05274351623441563,5.621108073871591,0.0006000400026668444,12527,0.10526315789473684,5.6136508949836195,7.0519509495328325,0.004883622541227723,0.0038875698718723126,-0.0009960526693554104,neutral
0.09457297153143543,0.4812520834722315,true,46,0.7471164744316288,0.3878591906127075,0.06353756917127809,0.025175011667444496,4.27961864124275,0.08796586439095941,12540,0.2608695652173913,47.71205676178097,49.265581320316926,0.02328241083190781,0.022548230983828438,-0.0007341798480793721,neutral
0.10184012267484499,0.5030135342356157,true,40,0.8723914927661844,0.26718447896526437,0.41616107740516034,0.008813920928061872,1.0025335022334823,0.0033135542369491303,12549,0.125,40.43722437783748,39.79100533398118,0.02486937833373824,0.025273265236148427,0.0004038869024101874,neutral
0.005233682245483032,0.5520834722314821,true,25,0.7663177545169678,0.010267351156743782,0.1529768651243416,0.026195079671978132,16.852123474898328,0.0596839789319288,12552,0.16,0.8899725782647321,0.6889557255099316,0.0011023291608158905,0.0014239561252235714,0.00032162696440768087,neutral
0.0,0.6164077605173678,true,6,0.02020134675645043,0.24264950996733115,0.16894459630642042,0.04566304420294687,9.052736849123274,0.027895193012867525,12555,0.0,0.0,0.0,0.0,0.0,0.0,neutral
0.4958663910927395,0.13221548103206882,true,28,0.8917927861857458,0.15331022068137876,0.09493966264417628,0.00569371291419428,9.269351290086005,0.04846989799319955,12564,0.17857142857142858,25.23596927034484,161.75067100832757,0.20631463138817294,0.03218873631421536,-0.1741258950739576,high competition
0.14490966064404293,0.49047936529101943,true,37,0.5603040202680178,0.44976331755450366,0.46119741316087737,0.06423761584105607,16.293486232415496,0.05652376825121675,12576,0.08108108108108109,47.63803899243605,47.427910929434304,0.0346442008250068,0.0347976910098145,0.00015349018480770305,neutral
0.1673778251883459,0.4920794719647976,true,39,0.8463897593172878,0.22941529435295685,0.3678911927461831,0.05033668911260751,18.33042202813521,0.09625975065004334,12603,0.20512820512820512,61.93468126786042,63.22966483517439,0.041571114290055486,0.04071971155020409,-0.0008514027398513965,neutral
0.01163410894059604,0.49437295819721316,true,5,0.2565504366957797,0.010100673378225214,0.03286885792386159,0.061757450496699784,16.621574771651446,0.03242216147743183,12612,0.0,0.04145563101647043,0.048720191407498836,0.0019488076562999535,0.0016582252406588172,-0.00029058241564113626,neutral
0.0042336155743716245,0.5413094206280419,true,19,0.0964730982065471,0.006767117807853857,0.025668377891859457,0.09431295419694648,5.130875391692779,0.006900460030668711,12635,0.2631578947368421,0.39615515843957705,0.32343489058286057,0.0008959415251602786,0.0010973827103589393,0.00020144118519866067,neutral
0.09463964264284286,0.5150676711780786,true,16,0.9556637109140609,0.49403293552903527,0.11347423161544103,0.040749383292219485,5.9415961064070935,0.044329621974798325,12638,0.1875,5.8474456755147,5.670633248734234,0.0221509111278681,0.022841584669979296,0.0006906735421111955,neutral
0.4541302753516901,0.8565304353623575,true,40,0.2578838589239283,0.02810187345823055,0.032802186812454164,0.017101140076005068,8.510567371158078,0.08441229415294355,12642,0.075,300.582609203551,50.565300107343525,0.0316033125670897,0.18786413075221936,0.15626081818512966,high facilitation
0.024534968997933195,0.4801320088005867,true,50,0.7841189412627508,0.49106607107140476,0.4248949929995333,0.07378491899459964,7.502233482232149,0.09366624441629443,12680,0.18,14.353907009566456,15.4263390493707,0.00617053561974828,0.005741562803826582,-0.00042897281592169795,neutral
0.0008333888925928395,0.554003600240016,true,25,0.9913994266284419,0.014700980065337689,0.33178878591906125,0.01369424628308554,16.56203746916461,0.012627508500566705,12690,0.04,0.14396233639474665,0.10943901719137716,0.00017510242750620346,0.00023033973823159465,5.523731072539119e-5,neutral
0.16831122074804988,0.49933328888592576,true,32,0.2118141209413961,0.4483965597706514,0.19174611640776051,0.008153876925128343,13.49776651776785,0.06356423761584107,12692,0.125,41.80677936869324,41.80641716611669,0.04082657926378583,0.040826932977239494,3.5371345366574936e-7,neutral
0.4734982332155477,0.13040202680178678,true,26,0.9453963597573172,0.289219281285419,0.3438895926395093,0.0728581905460364,16.5493699579972,0.05421694779651977,12695,0.07692307692307693,21.617911465381475,131.16293297481752,0.1940280073591975,0.0319791589724578,-0.16204884838673972,high competition
0.08190546036402427,0.49559970664710984,true,31,0.5157677178478566,0.19107940529368625,0.15687712514167612,0.06707780518701247,16.19594639642643,0.07303153543569572,12707,0.25806451612903225,18.56943381931778,18.414463027684377,0.01916177214119082,0.01932303207004972,0.00016125992885889992,neutral
0.020101340089339288,0.46946463097539837,true,34,0.22834855657043804,0.16241082738849258,0.12880858723914929,0.022821521434762317,16.29221948129875,0.033562237482498834,12714,0.029411764705882353,5.333279755817772,5.725100390473198,0.004952508988298614,0.0046135638026105295,-0.0003389451856880849,neutral
0.4063937595839723,0.5286152410160677,true,9,0.021068071204746984,0.39745983065537704,0.27811854123608243,0.07035135675711715,13.163344222948197,0.026395093006200417,12726,0.1111111111111111,8.235664796237046,8.204342224219333,0.1012881756076461,0.10167487402761785,0.0003866984199717566,neutral
0.4961997466497767,0.1693912927528502,true,47,0.5896393092872858,0.15301020068004534,0.0636042402826855,0.04222948196546437,8.166011067404494,0.07301820121341424,12728,0.2765957446808511,86.48762648484873,451.712312167141,0.20448723955053916,0.03915238863053361,-0.16533485092000555,high competition
0.4792986199079939,0.1301353423561571,true,28,0.4757650510034002,0.3897926528435229,0.11157410494032935,0.08573904926995134,8.18501233415561,0.00900726715114341,12744,0.21428571428571427,23.097540356031413,155.36081268797525,0.1981643018979276,0.029461148413305372,-0.16870315348462223,high competition
0.49453296886459097,0.11797453163544237,true,36,0.3487565837722515,0.2639175945063004,0.30765384358957265,0.029481965464364292,10.061070738049203,0.09546636442429496,12749,0.19444444444444445,36.34987570828048,278.89470841674927,0.21519653427218308,0.02804774360206827,-0.1871487906701148,high competition
0.030768717914527635,0.47767851190079336,true,20,0.1691446096406427,0.08943929595306353,0.10790719381292087,0.04210280685379025,6.469831322088139,0.04979665311020735,12770,0.15,2.725156968974493,3.1063236171369506,0.007765809042842377,0.006812892422436233,-0.0009529166204061438,neutral
0.0081005400360024,0.511067404493633,true,8,0.49056603773584906,0.3573904926995133,0.4116941129408627,0.08923928261884126,4.707780518701247,0.07062470831388759,12807,0.0,0.10510423264448576,0.11700580152649065,0.0018282156488514164,0.00164225363507009,-0.00018596201378132636,neutral
0.4971331422094806,0.16384425628375227,true,35,0.17267817854523634,0.22861524101606773,0.016767784518967932,0.018421228081872125,5.423494899659977,0.08725248349889993,12833,0.05714285714285714,49.09273582187064,245.65595430655372,0.20053547290330917,0.04007570271173114,-0.16045977019157803,high competition
0.4974998333222215,0.18571238082538838,true,16,0.5979731982132143,0.4832655510367358,0.1372091472764851,0.07747183145543036,17.98079871991466,0.09917994532968866,12855,0.125,10.986812322132796,50.87357780739115,0.19872491331012168,0.04291723563333123,-0.15580767767679043,high competition
0.0022668177878525236,0.5638709247283152,true,18,0.2768184545636376,0.12114140942729515,0.34072271484765654,0.04930995399693313,8.553636909127274,0.09732648843256218,12875,0.1111111111111111,0.18809111823219649,0.16529071061044842,0.0005101565142297791,0.0005805281426919644,7.037162846218535e-5,neutral
0.48089872658177213,0.8857590506033736,true,37,0.09220614707647176,0.07880525368357891,0.30285352356823786,0.09267284485632375,6.1430095339689315,0.09303286885792386,12929,0.08108108108108109,284.23156018710534,36.61366045753213,0.026744821371462474,0.20761983943543122,0.18087501806396875,high facilitation
0.4877325155010334,0.1187745849723315,true,45,0.3998933262217481,0.4823654910327355,0.39242616174411626,0.04866991132742183,8.464964330955397,0.07781185412360825,12932,0.13333333333333333,57.47314519417767,423.20632692981223,0.2089907787307715,0.028381800095890208,-0.1806089786348813,high competition
0.4945996399759984,0.14330955397026468,true,18,0.7762517501166745,0.26698446563104206,0.4660310687379159,0.07987199146609773,19.061337422494834,0.04914994332955531,12935,0.16666666666666666,10.960632243735954,61.574478087291084,0.1900446854546021,0.033829111863382576,-0.15621557359121951,high competition
0.4685979065271018,0.16480432028801922,true,47,0.5661710780718715,0.21711447429828656,0.28555237015801055,0.06047069804653644,1.0190012667511168,0.06583772251483432,12937,0.23404255319148937,87.72040402885571,421.96639232187954,0.19102145419731983,0.039710459044298645,-0.15131099515302118,high competition
0.02440162677511834,0.5002400160010668,true,49,0.781652110140676,0.14697646509767318,0.35432362157477165,0.03042869524634976,13.623174878325221,0.027861857457163814,12941,0.22448979591836735,14.274214489842569,14.70256811033606,0.006123518579898401,0.005945112240667459,-0.00017840633923094183,neutral
0.4021934795653044,0.8998399893326222,true,21,0.24688312554170277,0.2928195213014201,0.36529101940129344,0.02518834588972598,3.6095073004866993,0.011694112940862724,12949,0.0,76.65883157753643,7.95851199623496,0.018046512463117823,0.17382955006244089,0.15578303759932305,high facilitation
0.14344289619307954,0.5036002400160011,true,44,0.43729581972131476,0.20964730982065471,0.15871058070538036,0.025468364557637176,10.676711780785386,0.09813987599173278,12970,0.1590909090909091,66.54830078832674,68.01667568571358,0.03513258041617437,0.03437412230802001,-0.000758458108154357,neutral
0.0034002266817787855,0.6134208947263151,true,32,0.4438295886392426,0.18227881858790587,0.34468964597639845,0.010887392492832857,15.684178945263017,0.030715381025401698,12990,0.09375,1.052374684733482,0.6480674543475076,0.0006328783733862379,0.001027709653060041,0.0003948312796738032,neutral
0.36545769717981197,0.4737315821054737,true,10,0.21688112540836055,0.4415294352956864,0.39292619507967197,0.02162144142942863,3.671578105207014,0.09031268751250084,13034,0.0,9.075278286673637,9.123333333982536,0.09123333333982536,0.09075278286673637,-0.0004805504730889948,neutral
0.00670044669644643,0.3584172278151877,true,17,0.9960664044269618,0.28455230348689914,0.372091472764851,0.07376491766117742,4.308753916927795,0.01961464097606507,13035,0.11764705882352941,0.36600564035510663,0.6002277855198105,0.002076912752663704,0.0012664555029588465,-0.0008104572497048576,neutral
0.010967397826521768,0.5339489299286619,true,40,0.6459763984265617,0.4356623774918328,0.07473831588772585,0.09587305820388026,10.867991199413295,0.04038269217947864,13048,0.05,4.481185900537809,4.0433621669566975,0.002527101354347936,0.0028007411878361306,0.0002736398334881947,neutral
0.4863990932728849,0.12469497966531103,true,42,0.12120808053870258,0.22198146543102873,0.08777251816787786,0.0769451296753117,15.798186545769719,0.03148209880658711,13066,0.023809523809523808,51.871515920944766,367.25533322667843,0.20819463334845717,0.029405621270376853,-0.17878901207808032,high competition
0.0005000333355557038,0.5109073938262552,true,44,0.1271418094539636,0.3068537902526835,0.19944662977531835,0.04818987932528836,6.27855190346023,0.09262617507833856,13073,0.045454545454545456,0.24754405103154364,0.2341351893833632,0.00012093759782198512,0.00012786366272290477,6.926064900919648e-6,neutral
0.00753383558903927,0.4101006733782252,true,44,0.7865857723848256,0.38152543502900194,0.10980732048803253,0.006713780918727916,14.566904460297353,0.00346023068204547,13091,0.13636363636363635,2.9183377748696753,4.12608809958718,0.0021312438530925516,0.0015074058754492123,-0.0006238379776433392,neutral
0.41716114407627175,0.10832055470364692,true,35,0.508967264484299,0.4971998133208881,0.07247149809987333,0.08417227815187679,16.898993266217747,0.013787585839055937,13104,0.05714285714285714,26.041983405367727,224.03330635901585,0.1828843317216456,0.021258761963565492,-0.1616255697580801,high competition
0.07840522701513435,0.4846656443762918,true,17,0.54003600240016,0.4446629775318355,0.3467564504300287,0.034428961930795386,14.114674311620774,0.08785252350156678,13118,0.058823529411764705,5.221850123809326,5.395438019892947,0.018669335708972137,0.018068685549513238,-0.0006006501594588987,neutral
0.47883192212814185,0.8137542502833522,true,32,0.5369691312754183,0.35489032602173476,0.10664044269617974,0.0161544102940196,4.662177478498567,0.030768717914527635,13149,0.09375,198.1339952008073,43.778767192527425,0.042752702336452564,0.19349022968828838,0.15073752735183582,high facilitation
0.48909927328488567,0.1122674844989666,true,7,0.5715714380958731,0.03726915127675178,0.3555237015801053,0.08240549369957997,11.525435029001933,0.021654776985132344,13160,0.0,0.8097738087760791,10.44866169565925,0.2132379937889643,0.016525996097471,-0.1967119976914933,high competition
0.19237949196613108,0.4182612174144943,true,6,0.4422961530768718,0.27001800120008,0.2926195079671978,0.07255150343356224,2.4250950063337555,0.09005933728915262,13169,0.0,1.2650116598226462,1.2670684436221076,0.03519634565616966,0.035139212772851286,-5.713288331837124e-5,neutral
0.42869524634975664,0.10341356090406027,true,19,0.357423828255217,0.30475365024334955,0.20558037202480164,0.08833255550370026,8.581505433695579,0.02191479431962131,13172,0.05263157894736842,7.666283593159587,67.40606493135238,0.18672040147189023,0.021236242640331266,-0.16548415883155895,high competition
0.44542969531302085,0.8472498166544437,true,37,0.5605040336022401,0.3719247949863324,0.37202480165344354,0.09610640709380626,7.65044336289086,0.06769784652310154,13185,0.13513513513513514,254.02052886635767,46.51632405299337,0.03397832290211349,0.1855518837592094,0.1515735608570959,high facilitation
0.07273818254550303,0.6046203080205347,true,7,0.9230615374358291,0.298186545769718,0.17954530302020136,0.09457963864257618,17.437362490832722,0.09269951330088673,13225,0.14285714285714285,0.82985172570054,0.8667108299575663,0.017687976121582988,0.016935749504092653,-0.0007522266174903348,neutral
0.4712314154276952,0.8602106807120475,true,9,0.2874191612774185,0.3339222614840989,0.42079471964797655,0.053216881125408365,4.673578238549236,0.09059937329155278,13254,0.1111111111111111,15.786330080534466,2.5442832141243255,0.03141090387807809,0.19489296395721561,0.16348206007913751,high facilitation
0.4790652710180679,0.8363690912727516,true,47,0.3119541302753517,0.46059737315821053,0.3318554570304687,0.008373891592772851,7.9443296219747985,0.01852790186012401,13263,0.10638297872340426,435.54263681718294,84.96569712768286,0.038463421062780834,0.19716733219428834,0.1587039111315075,high facilitation
0.42309487299153276,0.8937595839722648,true,34,0.16561104073604907,0.3653243549569971,0.12047469831322088,0.010367357823854924,10.196613107540502,0.04254950330022002,13273,0.11764705882352941,215.54554948922006,26.038777557287283,0.02252489408069834,0.18645808779344297,0.16393319371274462,high facilitation
0.003766917794519635,0.3376158410560704,true,26,0.8095206347089806,0.1637109140609374,0.0778051870124675,0.039309287285819054,4.265684378958597,0.01808787252483499,13276,0.07692307692307693,0.41791246718308117,0.8263984792647898,0.0012224829574922927,0.0006182137088507118,-0.0006042692486415809,neutral
0.11984132275485032,0.4920261350756717,true,31,0.13420894726315089,0.45279685312354157,0.1116741116074405,0.026308420561370758,19.39702646843123,0.003006867124474965,13360,0.12903225806451613,27.3776516572921,28.29340306366428,0.0294416264970492,0.028488711401968885,-0.0009529150950803138,neutral
0.028701913460897392,0.5310687379158611,true,46,0.27475165011000735,0.10694046269751317,0.1968464564304287,0.06784452296819789,8.481432095473032,0.03900926728448564,13368,0.1956521739130435,15.471225617704574,13.591442506587452,0.0064231769879902895,0.007311543297591954,0.0008883663096016644,neutral
0.45199679978665247,0.8776518434562304,true,34,0.5981732115474365,0.4083605573704914,0.29611974131608776,0.05925061670778052,11.587505833722249,0.06981798786585773,13431,0.14705882352941177,226.04129357243474,32.97257362947875,0.028522987568753246,0.1955374511872273,0.16701446361847405,high facilitation
0.42482832188812586,0.11696113074204947,true,49,0.33462230815387695,0.0780718714580972,0.22418161210747384,0.07087139142609507,7.597239815987733,0.07268484565637709,13437,0.14285714285714285,59.41740822764398,447.65906679420755,0.18644692494552584,0.02474694220226738,-0.16169998274325845,high competition
0.04476965131008734,0.5013067537835856,true,48,0.11647443162877526,0.2982865524368291,0.37222481498766585,0.04857657177145143,14.312287485832389,0.012640842722848192,13440,0.0625,24.859694102503006,25.564666067899985,0.01109577520308159,0.010789797787544707,-0.00030597741553688336,neutral
0.4730315354356957,0.14250950063337556,true,24,0.9639309287285819,0.15307687179145277,0.35712380825388357,0.06579105273684913,3.952796853123542,0.014614307620508036,13473,0.125,17.453464478633638,112.79320166707652,0.19582153067200783,0.030301153608738956,-0.1655203770632689,high competition
0.0021001400093339554,0.7037202480165344,true,50,0.5695713047536503,0.4764984332288819,0.46573104873658244,0.0756050403360224,19.177878525235016,0.0896059737315821,13496,0.12,1.8250696989828372,0.7769475583154549,0.000310779023326182,0.0007300278795931349,0.00041924885626695295,neutral
0.46846456430428696,0.11525435029001935,true,45,0.5006333755583705,0.29545303020201347,0.08863924261617441,0.0717314487632509,5.537502500166678,0.06592439495966398,13508,0.15555555555555556,54.97127717580701,412.1487596616675,0.20353025168477407,0.027146309716447905,-0.17638394196832616,high competition
0.48519901326755116,0.18096539769317954,true,25,0.1740116007733849,0.17194479631975465,0.4823321554770318,0.04706313754250284,10.243482898859924,0.018074538302553504,13521,0.12,26.251318807263488,120.47468035497239,0.19275948856795583,0.04200211009162158,-0.15075737847633425,high competition
0.46703113540902724,0.15531035402360158,true,24,0.9323954930328688,0.26395093006200415,0.07233815587705847,0.017027801853456898,16.94459630642043,0.053830255350356696,13526,0.25,20.730746202042,112.51019964066407,0.19533020770948623,0.03599087882298958,-0.15933932888649666,high competition
0.004200280018667911,0.5272818187879192,true,40,0.4086939129275285,0.3943596239749317,0.43982932195479696,0.02784852323488233,19.946796453096873,0.09524634975665046,13538,0.1,1.769114525332267,1.4983666316561042,0.0009364791447850651,0.001105696578332667,0.00016921743354760183,neutral
0.058337222481498766,0.4120741382758851,true,7,0.9733315554370291,0.4570638042536169,0.3991266084405627,0.09192612840856058,5.973264884325622,0.04520968064537636,13547,0.0,0.5696756278868769,0.5234902398178005,0.010683474281995928,0.01162603322218116,0.0009425589401852313,neutral
0.07427161810787386,0.4962930862057471,true,23,0.292019467964531,0.40249349956663777,0.019234615641042736,0.04453630242016134,2.81652110140676,0.06132408827255151,13551,0.08695652173913043,9.531944424692794,9.3628159611224,0.017699084992669943,0.018018798534390916,0.0003197135417209729,neutral
0.2594506300420028,0.5210414027601841,true,10,0.7577838522568171,0.10354023601573438,0.44569637975865056,0.018947929861990797,10.08007200480032,0.055610374024934996,13558,0.1,5.900659605122417,5.958809725391008,0.05958809725391008,0.05900659605122417,-0.0005815012026859079,neutral
0.10914060937395827,0.49730648709914005,true,18,0.5120341356090407,0.3573571571438096,0.12364157610507368,0.06303753583572239,3.2332822188145878,0.05452363490899394,13562,0.0,8.55650861279699,8.587839834486115,0.026505678501500353,0.026408977199990708,-9.670130150964476e-5,neutral
0.20238015867724515,0.51373424894993,true,19,0.7285152343489566,0.08067204480298687,0.40866057737182476,0.06449763317554504,10.60070671378092,0.06522434828988599,13587,0.15789473684210525,18.091288262562042,17.828035555315562,0.049385140042425384,0.05011437191845441,0.000729231876029024,neutral
0.20904726981798788,0.504613640909394,true,19,0.8814587639175945,0.41526101740116006,0.45716381092072805,0.06578438562570839,11.2594172944863,0.01455430362024135,13599,0.15789473684210525,17.3392122603873,17.635292008609415,0.048851224400580096,0.04803105889303961,-0.0008201655075404865,neutral
0.4553636909127275,0.8568504566971131,true,30,0.08520568037869192,0.3733915594372958,0.08303886925795052,0.03246216414427629,5.156210414027602,0.026408427228481902,13601,0.03333333333333333,166.16951209882882,28.513366161797624,0.03168151795755292,0.1846327912209209,0.152951273263368,high facilitation
0.16821121408093873,0.505467031135409,true,43,0.7001800120008,0.14844322954863656,0.3925595039669311,0.03955597039802654,8.872858190546037,0.05901060070671378,13618,0.13953488372093023,75.47350864490426,75.68920956725911,0.04093521339494814,0.040818555243323014,-0.00011665815162512777,neutral
0.11800786719114607,0.503706913794253,true,38,0.4566304420294686,0.21004733648909926,0.15061004066937797,0.0945529701980132,12.122074804987,0.01936795786385759,13640,0.07894736842105263,41.32395709710714,41.17620153227293,0.028515375022349673,0.028617698820711315,0.00010232379836164207,neutral
0.008967264484298952,0.46898459897326494,true,19,0.9663977598506567,0.3892259483965598,0.30448696579771983,0.043596239749316625,10.304286952463498,0.06059070604706981,13647,0.2631578947368421,0.6617132394562377,0.7630619708501671,0.002113745071607111,0.0018330006633136778,-0.0002807444082934332,neutral
0.027235149009933995,0.4649843322888193,true,10,0.23641576105073672,0.35852390159343955,0.3237549169944663,0.029581972131475436,2.1958130542036134,0.07435162344156278,13659,0.0,0.6095759059509747,0.660368530956072,0.00660368530956072,0.006095759059509747,-0.0005079262500509727,neutral
0.4950996733115541,0.18736582438829258,true,34,0.7064470964730982,0.22041469431295418,0.3416561104073605,0.023728248549903328,1.9247283152210146,0.037022468164544305,13685,0.14705882352941177,52.68669773013445,229.9283763692416,0.19889997955816746,0.045576728140254714,-0.15332325141791275,high competition
6.667111140742716e-5,0.5004533635575705,true,49,0.2950196679778652,0.057470498033202214,0.21811454096939795,0.05749049936662445,10.935129008600573,0.09357290486032402,13692,0.20408163265306123,0.038936723065104095,0.03916621611220117,1.6312459855144177e-5,1.6216877578135817e-5,-9.558227700835975e-8,neutral
0.46433095539702646,0.873384892326155,true,33,0.00753383558903927,0.45593039535969065,0.18517901193412895,0.07168477898526569,1.1393426228415229,0.022561504100273355,13693,0.0,218.36494210954885,30.016814420010576,0.027563649605152042,0.20051877145045807,0.17295512184530604,high facilitation
0.4890326021734782,0.8728515234348956,true,36,0.9218614574304954,0.42162810854056937,0.04556970464697647,0.04330955397026469,17.655243682912193,0.08703246883125543,13707,0.3333333333333333,265.43171937176214,41.91954345112071,0.032345326736975856,0.2048084254411745,0.17246309870419865,high facilitation
0.2648509900660044,0.5089339289285952,true,46,0.39035935729048604,0.42566171078071874,0.1232082138809254,0.08727248483232215,4.3720914727648506,0.03184212280818721,13726,0.08695652173913043,137.16545953464623,135.24854047770395,0.06391707962084307,0.06482299599936023,0.0009059163785171548,neutral
0.0010667377825188346,0.5694179611974132,true,27,0.8601240082672178,0.4064937662510834,0.2484165611040736,0.05357023801586772,13.682712180812054,0.061104073604906994,13777,0.2222222222222222,0.21207067554030545,0.16194918659953927,0.0002221525193409318,0.00029090627646132433,6.875375712039254e-5,neutral
0.4943329555303687,0.17760517367824522,true,38,0.09627308487232482,0.015001000066671112,0.10907393826255084,0.07091806120408027,18.08087205813721,0.09570638042536168,13822,0.07894736842105263,64.21488201610983,290.8566358746259,0.2014242630710706,0.04447013990035306,-0.15695412317071752,high competition
0.43132875525035,0.1258150543369558,true,30,0.793186212414161,0.3100873391559437,0.22371491432762183,0.033588905927061805,1.3420228015201014,0.015107673844922996,13829,0.36666666666666664,21.55705066466726,165.4409175080888,0.18382324167565423,0.023952278516296954,-0.15987096315935728,high competition
3.333555570371358e-5,0.5508033868924596,true,40,0.2976865124341623,0.06427095139675978,0.061770784718981266,0.09797986532435497,17.857923861590773,0.01592772851523435,13834,0.1,0.014097922080110958,0.011985769802391744,7.49110612649484e-6,8.811201300069349e-6,1.320095173574509e-6,neutral
0.48269884658977263,0.17403160210680713,true,37,0.04440296019734649,0.1202746849789986,0.11434095606373758,0.042109473964931,2.7075805053670248,0.006887125808387227,13847,0.02702702702702703,55.07391765905178,270.4630727459156,0.19756250748423346,0.0402293043528501,-0.15733320313138335,high competition
0.37372491499433297,0.5082938862590839,true,33,0.07760517367824521,0.07280485365691046,0.36702446829788654,0.07912527501833455,7.846789785985733,0.06093739582638843,13875,0.030303030303030304,95.91010885737568,95.8087939464303,0.0879786904925898,0.08807172530521182,9.303481262201707e-5,neutral
0.026235082338822588,0.5355490366024401,true,25,0.08453896926461764,0.3148876591772785,0.14694312954196947,0.0036802453496899796,6.120208013867591,0.05727048469897993,13876,0.04,4.213687793491494,3.6033354470619816,0.005765336715299171,0.00674190046958639,0.0009765637542872192,neutral
0.004300286685779052,0.5590706047069804,true,40,0.35522368157877193,0.2504500300020001,0.41222748183212216,0.03208213880925395,18.05933728915261,0.06937795853056872,13880,0.175,1.9343938357735155,1.321864031584215,0.0008261650197401343,0.0012089961473584472,0.00038283112761831287,neutral
0.4813654243616241,0.8159410627375159,true,38,0.9934662310820721,0.23018201213414227,0.13310887392492832,0.07257150476698447,11.458297219814654,0.03055537035802387,13911,0.23684210526315788,277.8340985087173,59.61741682684716,0.041286299741583904,0.19240588539384856,0.15111958565226466,high facilitation
0.012867524501633443,0.47933195546369756,true,36,0.1183412227481832,0.08580572038135875,0.24414960997399826,0.022221481432095475,19.98859923994933,0.03136875791719448,13912,0.05555555555555555,3.997652776919226,4.264001218356509,0.0032901243968800225,0.0030846086241660695,-0.00020551577271395302,neutral
0.017101140076005068,0.4364490966064405,true,15,0.7889192612840856,0.03520234682312154,0.06420428028535236,0.05037669177945196,15.712047469831322,0.08344556303753585,13915,0.4,0.8026189608832786,1.0274489780617093,0.004566439902496486,0.00356719538170346,-0.0009992445207930257,neutral
0.12460830722048137,0.5047736515767718,true,17,0.5829055270351357,0.4702313487565838,0.32298819921328087,0.06726448429895326,19.142409493966266,0.019654643642909527,13922,0.23529411764705882,8.418434246291145,8.649252717095496,0.029928210093756045,0.0291295302639832,-0.0007986798297728442,neutral
0.007400493366224415,0.47890526035069014,true,35,0.08533902260150676,0.39432628841922795,0.17367824521634775,0.017774518301220083,12.79091939462631,0.06607107140476032,13956,0.08571428571428572,2.051894870984383,2.313764785677381,0.0018887875801448008,0.0016750162212117413,-0.00021377135893305946,neutral
0.03646909793986266,0.4786919127941863,true,39,0.19034602306820456,0.24388292552836857,0.4767317821188079,0.055597039802653514,3.371358090539369,0.061837455830388695,13994,0.02564102564102564,13.190179815169632,14.222417780768764,0.009350702025488997,0.008672044585910343,-0.0006786574395786539,neutral
0.18617907860524036,0.5108007200480033,true,33,0.5541702780185346,0.14767651176745117,0.1754450296686446,0.052043469564637644,16.697579838655912,0.028941929461964132,13995,0.15151515151515152,48.69642080911125,49.33800134164888,0.04530578635596775,0.04471663986144284,-0.0005891464945249059,neutral
0.4047269817987866,0.11248083205547037,true,41,0.8400560037335822,0.2885525701713448,0.11547436495766385,0.020481365424361627,11.503900260017334,0.08062537502500167,14006,0.17073170731707318,38.264060793987404,306.30289313969627,0.18221468955365633,0.022762677450319693,-0.15945201210333665,high competition
0.4881992132808854,0.8528501900126675,true,45,0.5511034068937929,0.1379425295019668,0.13650910060670712,0.06885792386159077,12.841589439295953,0.08607240482698847,14015,0.13333333333333333,409.6207537509166,72.29839261096117,0.03570290993133885,0.20228185370415636,0.1665789437728175,high facilitation
0.4600973398226548,0.8639442629508635,true,29,0.8769251283418894,0.27911860790719384,0.40436029068604573,0.055037002466831124,7.474364957663845,0.059230615374358295,14037,0.2413793103448276,162.64992811489782,27.735939231915612,0.03297971371214698,0.1934006279606395,0.16042091424849253,high facilitation
0.4889659310620708,0.14208280552036803,true,29,0.6587772518167878,0.39412627508500564,0.28661910794052936,0.08731248749916662,14.911460764050936,0.041362757517167816,14101,0.27586206896551724,27.625644959025454,168.30177639167363,0.2001210183016333,0.03284856713320506,-0.16727245116842826,high competition
0.004566971131408761,0.7135342356157076,true,48,0.37889192612840855,0.08490566037735849,0.16407760517367825,0.01737449163277552,1.3141542769517969,0.04648976598439897,14111,0.10416666666666667,3.6710641140365565,1.4781451236837768,0.0006415560432655281,0.0015933437994950332,0.0009517877562295051,neutral
0.4916994466297753,0.15989732648843258,true,18,0.991266084405627,0.3334888992599507,0.35325688379225284,0.03557570504700314,4.383492232815521,0.09377958530568706,14121,0.2222222222222222,11.99014805677685,60.735663489951534,0.1874557515121961,0.03700662980486682,-0.15044912170732927,high competition
0.4429295286352424,0.8791986132408828,true,21,0.5994399626641777,0.08013867591172745,0.33362224148276554,0.03937595839722648,2.3782252150143344,0.02760850723381559,14196,0.23809523809523808,82.55045732179556,11.12346883234293,0.025223285334110952,0.18718924562765435,0.1619659602935434,high facilitation
0.433195546369758,0.8787185812387492,true,35,0.673644909660644,0.4963664244282952,0.4258950596706447,0.05093672911527435,10.362557503833589,0.09259283952263485,14218,0.17142857142857143,229.0643685740833,31.414527767451126,0.02564451246322541,0.18699132128496596,0.16134680882174054,high facilitation
0.0024334955663710914,0.701373424894993,true,39,0.5481032068804587,0.06633775585039002,0.4891659443962931,0.09408627241816121,13.649776651776785,0.026935129008600574,14229,0.1794871794871795,1.241317223349087,0.5177847537224188,0.0003404239011981715,0.0008161191475010434,0.0004756952463028719,neutral
0.02400160010667378,0.49751983465564376,true,30,0.1880125341689446,0.4882325488365891,0.38715914394292955,0.023874924994999668,19.0942729515301,0.0075805053670244685,14260,0.06666666666666667,5.179974671909266,5.2689885391695395,0.005854431710188377,0.0057555274132325175,-9.890429695585956e-5,neutral
0.01880125341689446,0.5222681512100807,true,35,0.8478565237682513,0.22428161877458497,0.3179211947463164,0.08276551770118008,16.412560837389158,0.0670978065204347,14272,0.17142857142857143,5.894882785282147,5.365822888308326,0.004380263582292511,0.004812149212475222,0.0004318856301827115,neutral
0.037169144609640645,0.525628375225015,true,21,0.6663777585172345,0.18661244082938863,0.3933595573038203,0.014860990732715514,4.971264750983399,0.021214747649843328,14294,0.23809523809523808,4.123765405408021,3.849160843620382,0.008728255881225356,0.009350941962376465,0.0006226860811511092,neutral
0.028935262350823387,0.47389159277285153,true,45,0.8913927595173011,0.02176811787452497,0.44042936195746385,0.02775518367891193,14.717647843189546,0.09299286619107942,14309,0.2222222222222222,14.167890754144118,15.091638359566442,0.007452660918304416,0.006996489261305737,-0.00045617165699867856,neutral
0.4295953063537569,0.11989465964397628,true,49,0.09133942262817521,0.22701513434228948,0.37609173944929664,0.04994999666644443,14.208413894259618,0.00930062004133609,14321,0.04081632653061224,61.350406548820956,453.2125257507322,0.18875990243678975,0.02555202271920906,-0.1632078797175807,high competition
0.49103273551570104,0.16651110074004935,true,36,0.5609707313820922,0.3920594706313754,0.3276218414560971,0.012847523168211215,9.259217281152077,0.0412360824054937,14333,0.1111111111111111,50.009978021013104,251.17690801115052,0.1938093426011964,0.03858794600386813,-0.15522139659732825,high competition
0.42566171078071874,0.1396293086205747,true,50,0.3829588639242616,0.27748516567771186,0.4687645843056204,0.05554370291352757,1.1900126675111675,0.08583905593706247,14339,0.24,73.83856168010058,456.518104294307,0.1826072417177228,0.029535424672040234,-0.15307181704568257,high competition
0.011200746716447763,0.4271684778985265,true,40,0.8556570438029202,0.13187545836389092,0.2076138409227282,0.09273284885659044,13.637109140609374,0.09518634575638377,14373,0.05,3.7799416181410814,5.049955881617624,0.003156222426011015,0.0023624635113381758,-0.0007937589146728391,neutral
0.4490299353290219,0.14773651576771785,true,49,0.7457163810920728,0.1787119141276085,0.4361957463830922,0.008453896926461766,18.57870524701647,0.01938795919727982,14387,0.14285714285714285,79.0438493789936,445.7532047578305,0.18565314650471906,0.03292122006621974,-0.1527319264384993,high competition
0.49056603773584906,0.15083005533702248,true,45,0.23768251216747782,0.16437762517501167,0.020134675645043003,0.07869191279418628,19.5439695979732,0.09845323021534769,14444,0.08888888888888889,76.25626183852293,414.1255751225797,0.20450645685065663,0.03765741325359157,-0.16684904359706507,high competition
0.007300486699113274,0.4336755783718915,true,32,0.10674044936329088,0.2700846723114874,0.1205080338689246,0.09086605773718248,14.065271018067872,0.08613240882725516,14447,0.09375,1.6966778330306393,1.9915144679612844,0.0019448383476184418,0.0016569119463189837,-0.00028792640129945805,neutral
0.022401493432895526,0.457943862924195,true,13,0.43596239749316623,0.3232548836589106,0.00986732448829922,0.06691779451963464,4.663444229615308,0.009393959597306488,14449,0.07692307692307693,0.8105099023203786,0.9374503443121366,0.0055470434574682636,0.004795916581777388,-0.0007511268756908752,neutral
0.49023268217881194,0.5197613174211614,true,15,0.952396826455097,0.4040269351290086,0.4680978731915461,0.07584505633708914,19.562970864724313,0.09889992666177745,14480,0.26666666666666666,26.12284992033177,26.130079155511172,0.11613368513560521,0.11610155520147454,-3.212993413066745e-5,neutral
0.031135409027268485,0.49741316087739185,true,28,0.7071804786985799,0.4820321354756984,0.04016934462297486,0.06661110740716047,13.873991599439963,0.09729315287685847,14527,0.21428571428571427,5.799969368078663,5.812078276340693,0.007413365148393741,0.007397920112345233,-1.5445036048508144e-5,neutral
0.022968197879858657,0.5354956997133142,true,27,0.7975865057670511,0.23201546769784653,0.0297019801320088,0.060630708713914266,14.442762850856724,0.04899659977331823,14532,0.25925925925925924,4.220832834471882,3.694559449038046,0.005067982783316935,0.005789894148795449,0.0007219113654785142,neutral
0.04506967131142076,0.5218947929861991,true,37,0.5645709713980932,0.11447429828655244,0.11330755383692247,0.06081738782585506,6.198746583105541,0.04361624108273885,14556,0.16216216216216217,16.13457559355566,14.834293579270883,0.010835860905238043,0.011785665152341607,0.0009498042471035636,neutral
0.22281485432362158,0.5095206347089807,true,49,0.16074404960330688,0.12177478498566571,0.24078271884792318,0.09437962530835389,8.828521901460096,0.07070471364757651,14606,0.04081632653061224,127.6814553989216,129.94684108018072,0.05412196629745136,0.05317844872924681,-0.0009435175682045507,neutral
0.034002266817787855,0.5305353690246016,true,6,0.8330555370358024,0.02186812454163611,0.4156277085139009,0.029921994799653313,13.816987799186613,0.09235282352156811,14608,0.16666666666666666,0.21315334664000885,0.24879868225644675,0.006911074507123521,0.005920926295555801,-0.0009901482115677197,neutral
0.40486032402160144,0.8951996799786652,true,10,0.9873324888325888,0.3958597239815988,0.23728248549903327,0.08816587772518168,5.111874124941663,0.029375291686112408,14611,0.2,17.04185984858768,1.4073248711260842,0.014073248711260842,0.17041859848587682,0.15634534977461598,high facilitation
0.4101940129341956,0.8837855857057136,true,41,0.6434428961930795,0.11054070271351424,0.3293886259083939,0.061104073604906994,16.746983132208815,0.083518901260084,14637,0.17073170731707318,297.38930774599925,38.77238780356537,0.023065073053875892,0.17691214024152246,0.15384706718764657,high facilitation
0.011467431162077471,0.41884792319487973,true,38,0.7882525501700113,0.008500566704446964,0.4763317554503634,0.054036935795719714,1.675178345223015,0.06557103806920461,14659,0.21052631578947367,3.3301323362198865,4.740807676319236,0.003283107809085344,0.002306185828407124,-0.00097692198067822,neutral
0.004033602240149343,0.4331422094806321,true,37,0.9641976131742116,0.43359557303820256,0.4761650776718448,0.09373291552770185,6.635775718381225,0.022734848989932662,14691,0.1891891891891892,1.135514818574207,1.5115936450910605,0.001104158981074551,0.0008294483700322915,-0.0002747106110422596,neutral
0.0297019801320088,0.4733582238815921,true,37,0.5069004600306687,0.1978798586572438,0.3823921594772985,0.09345956397093141,5.409560637375825,0.08903926928461897,14693,0.16216216216216217,9.48438778544343,10.745304257191542,0.007849016988452551,0.00692796770302661,-0.0009210492854259409,neutral
0.028835255683712247,0.4666377758517235,true,29,0.6110407360490699,0.17274484965664377,0.49643309553970266,0.07820521368091206,19.12467497833189,0.0840789385959064,14700,0.20689655172413793,5.752464036289505,6.2408071578551425,0.007420698166296246,0.006840028580605833,-0.0005806695856904126,neutral
0.019767984532302153,0.45773051536769116,true,24,0.2908860590706047,0.3968931262084139,0.07017134475631709,0.08491899459963997,1.2470164677645177,0.022681512100806725,14718,0.08333333333333333,2.3829498247049035,2.8129907313237505,0.004883664464103734,0.004137065667890457,-0.000746598796213277,neutral
0.011100740049336623,0.5740049336622441,true,39,0.5252350156677111,0.3149543302886859,0.4542302820188013,0.05681045403026869,15.761450763384225,0.05048336555770385,14728,0.15384615384615385,4.613062247396213,3.5211977616724006,0.002315054412670875,0.0030329140351059913,0.0007178596224351164,neutral
0.48049869991332755,0.14986999133275553,true,31,0.11794119607973864,0.2481832122141476,0.07273818254550303,0.03083538902593506,4.9129941996133075,0.09032602173478232,14740,0.0,33.76278266758005,188.22827713276953,0.19586709379060305,0.03513296843660775,-0.16073412535399528,high competition
0.019401293419561302,0.5070138009200613,true,45,0.17981198746583105,0.08167211147409828,0.2542836189079272,0.0027868524568304557,11.731915461030736,0.07233148876591773,14758,0.13333333333333333,9.8152246307188,9.671302727569103,0.004775951964231656,0.0048470245089969385,7.107254476528251e-5,neutral
0.03296886459097273,0.5106407093806254,true,29,0.8497233148876592,0.4349956663777585,0.3132875525035002,0.04427628508567238,2.431428761917461,0.03615574371624775,14760,0.20689655172413793,6.382382215699396,6.226605977924496,0.007403812102169437,0.007589039495480851,0.0001852273933114143,neutral
0.47149809987332486,0.8552503500233348,true,27,0.5712380825388359,0.18521234748983265,0.3304553636909127,0.03225548369891326,16.256750450030005,0.07619174611640776,14769,0.14814814814814814,137.08590591731695,23.816632108371078,0.03267027724056389,0.18804651017464602,0.15537623293408212,high facilitation
0.49326621774784984,0.8108207213814255,true,31,0.9895993066204414,0.4021934795653044,0.06460430695379692,0.06555103673578239,18.260750716714448,0.07187812520834723,14780,0.25806451612903225,187.92834159120838,42.260559916774746,0.04397560865429214,0.19555498604704305,0.1515793773927509,high facilitation
0.4493632908860591,0.14885659043936264,true,47,0.3288885925728382,0.2748516567771185,0.47369824654977,0.08777918527901861,15.287685845723049,0.015574371624774987,14790,0.1702127659574468,74.46332840858227,417.0551260613149,0.18879815575432998,0.03370906673091094,-0.15508908902341906,high competition
0.4658310554036936,0.10858723914927662,true,17,0.07773851590106007,0.27921861457430497,0.30352023468231215,0.0763850923394893,17.961797453163545,0.09777318487899193,14794,0.11764705882352941,8.792363138869149,57.00209701837523,0.19723909002898005,0.03042340186459913,-0.16681568816438092,high competition
0.4187945863057537,0.12960197346489766,true,50,0.9688645909727315,0.26795119674644974,0.48566571104740314,0.050956730448696586,1.0519367957863857,0.052990199346623114,14806,0.24,67.33695934398163,442.9623361377244,0.17718493445508976,0.026934783737592654,-0.15025015071749712,high competition
0.4401293419561304,0.895359690646043,true,28,0.8944596306420428,0.27498499899993334,0.3029201946796453,0.021854790319354625,5.807320488032535,0.0001666777785185679,14832,0.2857142857142857,152.28228828392454,18.33049650158003,0.023380735333647998,0.1942376126070466,0.1708568772733986,high facilitation
0.4594306287085806,0.12650843389559305,true,13,0.7312487499166611,0.17741182745516368,0.14670978065204346,0.00785385692379492,18.063137542502833,0.060190679378625246,14836,0.23076923076923078,4.204175392323701,32.22163292163581,0.19066054983216454,0.02487677746937101,-0.16578377236279354,high competition
0.012934195613040869,0.483492232815521,true,46,0.6165744382958864,0.09427295153010201,0.404560304020268,0.049929995333022205,2.45296353090206,0.03792252816854457,14847,0.17391304347826086,6.528292713608844,6.971710094885515,0.003294759024047975,0.003085204496034425,-0.0002095545280135498,neutral
0.03236882458830589,0.5025868391226083,true,26,0.935862390826055,0.38205880392026137,0.4221948129875325,0.059990666044402965,16.716581105407027,0.003253550236682446,14852,0.11538461538461539,5.574672676363331,5.198153259773601,0.007689575828067457,0.008246557213555224,0.0005569813854877665,neutral
0.4973331555437029,0.5134675645043003,true,38,0.9641309420628041,0.07770518034535635,0.39975998399893325,0.07203146876458431,5.274018267884526,0.05979731982132143,14864,0.21052631578947367,167.49948715908312,168.77126336320302,0.1168776062072043,0.11599687476390798,-0.0008807314432963259,neutral
0.004133608907260484,0.28075871724781654,true,39,0.7947863190879392,0.3101540102673512,0.19524634975665045,0.06138409227281819,16.790052670178014,0.05528368557903861,14895,0.20512820512820512,0.8408702922243194,2.223582900558781,0.0014619216966198427,0.0005528404288128333,-0.0009090812678070094,neutral
0.0016334422294819655,0.10128008533902261,true,32,0.26195079671978133,0.07237149143276218,0.3470564704313621,0.09257950530035336,4.449363290886059,0.09679311954130276,14968,0.09375,0.0862252773931933,0.740063181457864,0.0007227179506424453,8.420437245429033e-5,-0.000638513578188155,neutral
0.4846656443762917,0.17723181545436362,true,43,0.8069871324754984,0.3468231215414361,0.46333088872591505,0.09328621908127209,9.610107340489366,0.030888725915061005,14981,0.11627906976744186,76.28872154444424,357.14053839019596,0.19315334688490857,0.04125944918574594,-0.15189389769916262,high competition
0.0060337355823721584,0.5420028001866791,true,38,0.785385692379492,0.3691579438629242,0.0682378825255017,0.034135609040602706,18.383625575038337,0.06324421628108541,14998,0.18421052631578946,2.3223789302867592,1.9179977273255617,0.0013282532737711645,0.0016082956580933236,0.00028004238432215904,neutral
